ISO-10303-21;
HEADER;
/* Generated by software containing ST-Developer
 * from STEP Tools, Inc. (www.steptools.com) 
 */

FILE_DESCRIPTION(
/* description */ ('STEP AP242'),
/* implementation_level */ '2;1');

FILE_NAME(
/* name */ 'driver_top.step',
/* time_stamp */ '2026-10-09T10:49:08-05:00',
/* author */ (''),
/* organization */ (''),
/* preprocessor_version */ 'ST-DEVELOPER v20.2',
/* originating_system */ 'Autodesk Translation Framework v15.15.0.0',
/* authorisation */ '');

FILE_SCHEMA (('AUTOMOTIVE_DESIGN { 1 0 10303 214 3 1 1 }'));
ENDSEC;

DATA;
#10=MECHANICAL_DESIGN_GEOMETRIC_PRESENTATION_REPRESENTATION('',(#13),#3332);
#11=SHAPE_REPRESENTATION_RELATIONSHIP('SRR','None',#3339,#12);
#12=ADVANCED_BREP_SHAPE_REPRESENTATION('',(#14),#3331);
#13=STYLED_ITEM('',(#3349),#14);
#14=MANIFOLD_SOLID_BREP('Body3',#1924);
#15=(
BOUNDED_CURVE()
B_SPLINE_CURVE(5,(#3009,#3010,#3011,#3012,#3013,#3014),.UNSPECIFIED.,.F.,
 .F.)
B_SPLINE_CURVE_WITH_KNOTS((6,6),(2.32356185237502E-5,0.0129162816878061),
 .UNSPECIFIED.)
CURVE()
GEOMETRIC_REPRESENTATION_ITEM()
RATIONAL_B_SPLINE_CURVE((1.,1.,1.,1.,1.,1.))
REPRESENTATION_ITEM('')
);
#16=(
BOUNDED_CURVE()
B_SPLINE_CURVE(5,(#3061,#3062,#3063,#3064,#3065,#3066,#3067,#3068,#3069,
#3070,#3071,#3072,#3073,#3074),.UNSPECIFIED.,.F.,.F.)
B_SPLINE_CURVE_WITH_KNOTS((6,1,1,1,1,1,1,1,1,6),(0.167829917483989,0.2,
0.3,0.4,0.5,0.6,0.7,0.8,0.9,1.),.UNSPECIFIED.)
CURVE()
GEOMETRIC_REPRESENTATION_ITEM()
RATIONAL_B_SPLINE_CURVE((1.,1.,1.,1.,1.,1.,1.,1.,1.,1.,1.,1.,1.,1.))
REPRESENTATION_ITEM('')
);
#17=(
BOUNDED_CURVE()
B_SPLINE_CURVE(5,(#3105,#3106,#3107,#3108,#3109,#3110,#3111,#3112,#3113,
#3114,#3115,#3116,#3117,#3118),.UNSPECIFIED.,.F.,.F.)
B_SPLINE_CURVE_WITH_KNOTS((6,1,1,1,1,1,1,1,1,6),(-1.,-0.9,-0.8,-0.7,-0.6,
-0.5,-0.4,-0.3,-0.2,-0.167829917483989),.UNSPECIFIED.)
CURVE()
GEOMETRIC_REPRESENTATION_ITEM()
RATIONAL_B_SPLINE_CURVE((1.,1.,1.,1.,1.,1.,1.,1.,1.,1.,1.,1.,1.,1.))
REPRESENTATION_ITEM('')
);
#18=(
BOUNDED_CURVE()
B_SPLINE_CURVE(5,(#3123,#3124,#3125,#3126,#3127,#3128),.UNSPECIFIED.,.F.,
 .F.)
B_SPLINE_CURVE_WITH_KNOTS((6,6),(0.,0.0129162816878055),.UNSPECIFIED.)
CURVE()
GEOMETRIC_REPRESENTATION_ITEM()
RATIONAL_B_SPLINE_CURVE((1.,1.,1.,1.,1.,1.))
REPRESENTATION_ITEM('')
);
#19=(
BOUNDED_SURFACE()
B_SPLINE_SURFACE(5,1,((#2963,#2964),(#2965,#2966),(#2967,#2968),(#2969,
#2970),(#2971,#2972),(#2973,#2974),(#2975,#2976),(#2977,#2978),(#2979,#2980),
(#2981,#2982),(#2983,#2984),(#2985,#2986),(#2987,#2988),(#2989,#2990),(#2991,
#2992),(#2993,#2994),(#2995,#2996),(#2997,#2998),(#2999,#3000),(#3001,#3002)),
 .UNSPECIFIED.,.F.,.F.,.F.)
B_SPLINE_SURFACE_WITH_KNOTS((6,1,1,1,1,1,1,1,1,1,1,1,1,1,1,6),(2,2),(-0.999704304987145,
-0.933333333333333,-0.866666666666667,-0.8,-0.733333333333333,-0.666666666666667,
-0.6,-0.533333333333333,-0.466666666666667,-0.4,-0.333333333333333,-0.266666666666667,
-0.2,-0.133333333333333,-0.0666666666666667,-2.32356185237502E-5),(0.,0.5),
 .UNSPECIFIED.)
GEOMETRIC_REPRESENTATION_ITEM()
RATIONAL_B_SPLINE_SURFACE(((1.,1.),(1.,1.),(1.,1.),(1.,1.),(1.,1.),(1.,
1.),(1.,1.),(1.,1.),(1.,1.),(1.,1.),(1.,1.),(1.,1.),(1.,1.),(1.,1.),(1.,
1.),(1.,1.),(1.,1.),(1.,1.),(1.,1.),(1.,1.)))
REPRESENTATION_ITEM('')
SURFACE()
);
#20=(
BOUNDED_SURFACE()
B_SPLINE_SURFACE(5,1,((#3033,#3034),(#3035,#3036),(#3037,#3038),(#3039,
#3040),(#3041,#3042),(#3043,#3044),(#3045,#3046),(#3047,#3048),(#3049,#3050),
(#3051,#3052),(#3053,#3054),(#3055,#3056),(#3057,#3058),(#3059,#3060)),
 .UNSPECIFIED.,.F.,.F.,.F.)
B_SPLINE_SURFACE_WITH_KNOTS((6,1,1,1,1,1,1,1,1,6),(2,2),(0.167829917483989,
0.2,0.3,0.4,0.5,0.6,0.7,0.8,0.9,1.),(0.,0.5),.UNSPECIFIED.)
GEOMETRIC_REPRESENTATION_ITEM()
RATIONAL_B_SPLINE_SURFACE(((1.,1.),(1.,1.),(1.,1.),(1.,1.),(1.,1.),(1.,
1.),(1.,1.),(1.,1.),(1.,1.),(1.,1.),(1.,1.),(1.,1.),(1.,1.),(1.,1.)))
REPRESENTATION_ITEM('')
SURFACE()
);
#21=(
BOUNDED_SURFACE()
B_SPLINE_SURFACE(5,1,((#3075,#3076),(#3077,#3078),(#3079,#3080),(#3081,
#3082),(#3083,#3084),(#3085,#3086),(#3087,#3088),(#3089,#3090),(#3091,#3092),
(#3093,#3094),(#3095,#3096),(#3097,#3098),(#3099,#3100),(#3101,#3102),(#3103,
#3104)),.UNSPECIFIED.,.F.,.F.,.F.)
B_SPLINE_SURFACE_WITH_KNOTS((6,1,1,1,1,1,1,1,1,1,6),(2,2),(-1.,-0.9,-0.8,
-0.7,-0.6,-0.5,-0.4,-0.3,-0.2,-0.1,0.),(0.,0.5),.UNSPECIFIED.)
GEOMETRIC_REPRESENTATION_ITEM()
RATIONAL_B_SPLINE_SURFACE(((1.,1.),(1.,1.),(1.,1.),(1.,1.),(1.,1.),(1.,
1.),(1.,1.),(1.,1.),(1.,1.),(1.,1.),(1.,1.),(1.,1.),(1.,1.),(1.,1.),(1.,
1.)))
REPRESENTATION_ITEM('')
SURFACE()
);
#22=(
BOUNDED_SURFACE()
B_SPLINE_SURFACE(5,1,((#3131,#3132),(#3133,#3134),(#3135,#3136),(#3137,
#3138),(#3139,#3140),(#3141,#3142),(#3143,#3144),(#3145,#3146),(#3147,#3148),
(#3149,#3150),(#3151,#3152),(#3153,#3154),(#3155,#3156),(#3157,#3158),(#3159,
#3160),(#3161,#3162),(#3163,#3164),(#3165,#3166),(#3167,#3168),(#3169,#3170)),
 .UNSPECIFIED.,.F.,.F.,.F.)
B_SPLINE_SURFACE_WITH_KNOTS((6,1,1,1,1,1,1,1,1,1,1,1,1,1,1,6),(2,2),(0.,
0.0666666666666667,0.133333333333333,0.2,0.266666666666667,0.333333333333333,
0.4,0.466666666666667,0.533333333333333,0.6,0.666666666666667,0.733333333333333,
0.8,0.866666666666667,0.933333333333333,1.),(0.,0.5),.UNSPECIFIED.)
GEOMETRIC_REPRESENTATION_ITEM()
RATIONAL_B_SPLINE_SURFACE(((1.,1.),(1.,1.),(1.,1.),(1.,1.),(1.,1.),(1.,
1.),(1.,1.),(1.,1.),(1.,1.),(1.,1.),(1.,1.),(1.,1.),(1.,1.),(1.,1.),(1.,
1.),(1.,1.),(1.,1.),(1.,1.),(1.,1.),(1.,1.)))
REPRESENTATION_ITEM('')
SURFACE()
);
#23=B_SPLINE_SURFACE_WITH_KNOTS('',3,1,((#2701,#2702),(#2703,#2704),(#2705,
#2706),(#2707,#2708),(#2709,#2710),(#2711,#2712),(#2713,#2714),(#2715,#2716)),
 .UNSPECIFIED.,.F.,.F.,.F.,(4,2,2,4),(2,2),(0.,0.960897477175093,1.96688793357251,
3.49021354041239),(0.,0.209156756725853),.UNSPECIFIED.);
#24=B_SPLINE_SURFACE_WITH_KNOTS('',3,1,((#2759,#2760),(#2761,#2762),(#2763,
#2764),(#2765,#2766),(#2767,#2768),(#2769,#2770)),.UNSPECIFIED.,.F.,.F.,
 .F.,(4,2,4),(2,2),(0.,0.0423871661442118,0.0852687991637753),(0.,0.209156756725853),
 .UNSPECIFIED.);
#25=B_SPLINE_CURVE_WITH_KNOTS('',3,(#2677,#2678,#2679,#2680,#2681,#2682,
#2683,#2684,#2685,#2686),.UNSPECIFIED.,.F.,.F.,(4,3,3,4),(0.,1.10447830153197,
1.83386578484497,2.27916779700703),.UNSPECIFIED.);
#26=B_SPLINE_CURVE_WITH_KNOTS('',3,(#2692,#2693,#2694,#2695,#2696,#2697),
 .UNSPECIFIED.,.F.,.F.,(4,2,4),(0.,0.0426345707610197,0.0852690465943709),
 .UNSPECIFIED.);
#27=B_SPLINE_CURVE_WITH_KNOTS('',3,(#2718,#2719,#2720,#2721),
 .UNSPECIFIED.,.F.,.F.,(4,4),(-0.100628989106102,-0.0501218910547303),
 .UNSPECIFIED.);
#28=B_SPLINE_CURVE_WITH_KNOTS('',3,(#2723,#2724,#2725,#2726),
 .UNSPECIFIED.,.F.,.F.,(4,4),(-0.313220905318371,0.),.UNSPECIFIED.);
#29=B_SPLINE_CURVE_WITH_KNOTS('',3,(#2730,#2731,#2732,#2733,#2734,#2735,
#2736,#2737,#2738,#2739),.UNSPECIFIED.,.F.,.F.,(4,3,3,4),(-3.49021354041239,
-1.96688793357251,-0.960897477175093,0.),.UNSPECIFIED.);
#30=B_SPLINE_CURVE_WITH_KNOTS('',3,(#2771,#2772,#2773,#2774,#2775,#2776),
 .UNSPECIFIED.,.F.,.F.,(4,2,4),(-0.0852687991637753,-0.0423871661442118,
0.),.UNSPECIFIED.);
#31=B_SPLINE_CURVE_WITH_KNOTS('',3,(#2789,#2790,#2791,#2792),
 .UNSPECIFIED.,.F.,.F.,(4,4),(-0.0951995741498388,0.),.UNSPECIFIED.);
#32=B_SPLINE_CURVE_WITH_KNOTS('',3,(#2809,#2810,#2811,#2812,#2813,#2814),
 .UNSPECIFIED.,.F.,.F.,(4,2,4),(-0.5,-0.25,-0.0951995741498388),
 .UNSPECIFIED.);
#33=B_SPLINE_CURVE_WITH_KNOTS('',3,(#3004,#3005,#3006,#3007),
 .UNSPECIFIED.,.F.,.F.,(4,4),(-0.0251128640163857,0.),.UNSPECIFIED.);
#34=B_SPLINE_CURVE_WITH_KNOTS('',3,(#3021,#3022,#3023,#3024,#3025,#3026),
 .UNSPECIFIED.,.F.,.F.,(4,2,4),(-0.5,-0.25,0.),.UNSPECIFIED.);
#35=CYLINDRICAL_SURFACE('',#1940,1.1);
#36=CYLINDRICAL_SURFACE('',#1976,1.);
#37=CYLINDRICAL_SURFACE('',#1977,2.5);
#38=CYLINDRICAL_SURFACE('',#1992,4.5);
#39=CYLINDRICAL_SURFACE('',#1995,9.5);
#40=CYLINDRICAL_SURFACE('',#2002,0.74999950023545);
#41=CYLINDRICAL_SURFACE('',#2009,0.74999950023545);
#42=CYLINDRICAL_SURFACE('',#2028,0.45);
#43=CYLINDRICAL_SURFACE('',#2030,0.45);
#44=CYLINDRICAL_SURFACE('',#2031,2.125);
#45=CYLINDRICAL_SURFACE('',#2034,2.125);
#46=CYLINDRICAL_SURFACE('',#2043,3.5);
#47=CYLINDRICAL_SURFACE('',#2059,1.1);
#48=FACE_BOUND('',#190,.T.);
#49=FACE_BOUND('',#201,.T.);
#50=FACE_BOUND('',#204,.T.);
#51=FACE_BOUND('',#222,.T.);
#52=FACE_BOUND('',#226,.T.);
#53=FACE_BOUND('',#229,.T.);
#54=FACE_BOUND('',#235,.T.);
#55=FACE_BOUND('',#236,.T.);
#56=FACE_BOUND('',#272,.T.);
#57=FACE_BOUND('',#278,.T.);
#58=FACE_BOUND('',#288,.T.);
#59=FACE_BOUND('',#289,.T.);
#60=FACE_BOUND('',#294,.T.);
#61=CIRCLE('',#1939,1.1);
#62=CIRCLE('',#1941,1.1);
#63=CIRCLE('',#1945,1.1);
#64=CIRCLE('',#1952,2.5);
#65=CIRCLE('',#1953,9.5);
#66=CIRCLE('',#1954,0.74999950023545);
#67=CIRCLE('',#1955,0.45);
#68=CIRCLE('',#1958,1.);
#69=CIRCLE('',#1974,0.74999950023545);
#70=CIRCLE('',#1975,1.);
#71=CIRCLE('',#1978,2.5);
#72=CIRCLE('',#1979,2.5);
#73=CIRCLE('',#1980,2.5);
#74=CIRCLE('',#1981,2.5);
#75=CIRCLE('',#1982,2.5);
#76=CIRCLE('',#1984,0.74999950023545);
#77=CIRCLE('',#1985,9.5);
#78=CIRCLE('',#1986,4.5);
#79=CIRCLE('',#1987,0.45);
#80=CIRCLE('',#1990,2.125);
#81=CIRCLE('',#1993,4.5);
#82=CIRCLE('',#1996,9.5);
#83=CIRCLE('',#1997,9.5);
#84=CIRCLE('',#1999,0.45);
#85=CIRCLE('',#2000,3.5);
#86=CIRCLE('',#2003,0.74999950023545);
#87=CIRCLE('',#2029,0.45);
#88=CIRCLE('',#2032,2.125);
#89=CIRCLE('',#2033,2.125);
#90=CIRCLE('',#2035,2.125);
#91=CIRCLE('',#2042,3.5);
#92=CIRCLE('',#2056,1.1);
#93=FACE_OUTER_BOUND('',#189,.T.);
#94=FACE_OUTER_BOUND('',#191,.T.);
#95=FACE_OUTER_BOUND('',#192,.T.);
#96=FACE_OUTER_BOUND('',#193,.T.);
#97=FACE_OUTER_BOUND('',#194,.T.);
#98=FACE_OUTER_BOUND('',#195,.T.);
#99=FACE_OUTER_BOUND('',#196,.T.);
#100=FACE_OUTER_BOUND('',#197,.T.);
#101=FACE_OUTER_BOUND('',#198,.T.);
#102=FACE_OUTER_BOUND('',#199,.T.);
#103=FACE_OUTER_BOUND('',#200,.T.);
#104=FACE_OUTER_BOUND('',#202,.T.);
#105=FACE_OUTER_BOUND('',#203,.T.);
#106=FACE_OUTER_BOUND('',#205,.T.);
#107=FACE_OUTER_BOUND('',#206,.T.);
#108=FACE_OUTER_BOUND('',#207,.T.);
#109=FACE_OUTER_BOUND('',#208,.T.);
#110=FACE_OUTER_BOUND('',#209,.T.);
#111=FACE_OUTER_BOUND('',#210,.T.);
#112=FACE_OUTER_BOUND('',#211,.T.);
#113=FACE_OUTER_BOUND('',#212,.T.);
#114=FACE_OUTER_BOUND('',#213,.T.);
#115=FACE_OUTER_BOUND('',#214,.T.);
#116=FACE_OUTER_BOUND('',#215,.T.);
#117=FACE_OUTER_BOUND('',#216,.T.);
#118=FACE_OUTER_BOUND('',#217,.T.);
#119=FACE_OUTER_BOUND('',#218,.T.);
#120=FACE_OUTER_BOUND('',#219,.T.);
#121=FACE_OUTER_BOUND('',#220,.T.);
#122=FACE_OUTER_BOUND('',#221,.T.);
#123=FACE_OUTER_BOUND('',#223,.T.);
#124=FACE_OUTER_BOUND('',#224,.T.);
#125=FACE_OUTER_BOUND('',#225,.T.);
#126=FACE_OUTER_BOUND('',#227,.T.);
#127=FACE_OUTER_BOUND('',#228,.T.);
#128=FACE_OUTER_BOUND('',#230,.T.);
#129=FACE_OUTER_BOUND('',#231,.T.);
#130=FACE_OUTER_BOUND('',#232,.T.);
#131=FACE_OUTER_BOUND('',#233,.T.);
#132=FACE_OUTER_BOUND('',#234,.T.);
#133=FACE_OUTER_BOUND('',#237,.T.);
#134=FACE_OUTER_BOUND('',#238,.T.);
#135=FACE_OUTER_BOUND('',#239,.T.);
#136=FACE_OUTER_BOUND('',#240,.T.);
#137=FACE_OUTER_BOUND('',#241,.T.);
#138=FACE_OUTER_BOUND('',#242,.T.);
#139=FACE_OUTER_BOUND('',#243,.T.);
#140=FACE_OUTER_BOUND('',#244,.T.);
#141=FACE_OUTER_BOUND('',#245,.T.);
#142=FACE_OUTER_BOUND('',#246,.T.);
#143=FACE_OUTER_BOUND('',#247,.T.);
#144=FACE_OUTER_BOUND('',#248,.T.);
#145=FACE_OUTER_BOUND('',#249,.T.);
#146=FACE_OUTER_BOUND('',#250,.T.);
#147=FACE_OUTER_BOUND('',#251,.T.);
#148=FACE_OUTER_BOUND('',#252,.T.);
#149=FACE_OUTER_BOUND('',#253,.T.);
#150=FACE_OUTER_BOUND('',#254,.T.);
#151=FACE_OUTER_BOUND('',#255,.T.);
#152=FACE_OUTER_BOUND('',#256,.T.);
#153=FACE_OUTER_BOUND('',#257,.T.);
#154=FACE_OUTER_BOUND('',#258,.T.);
#155=FACE_OUTER_BOUND('',#259,.T.);
#156=FACE_OUTER_BOUND('',#260,.T.);
#157=FACE_OUTER_BOUND('',#261,.T.);
#158=FACE_OUTER_BOUND('',#262,.T.);
#159=FACE_OUTER_BOUND('',#263,.T.);
#160=FACE_OUTER_BOUND('',#264,.T.);
#161=FACE_OUTER_BOUND('',#265,.T.);
#162=FACE_OUTER_BOUND('',#266,.T.);
#163=FACE_OUTER_BOUND('',#267,.T.);
#164=FACE_OUTER_BOUND('',#268,.T.);
#165=FACE_OUTER_BOUND('',#269,.T.);
#166=FACE_OUTER_BOUND('',#270,.T.);
#167=FACE_OUTER_BOUND('',#271,.T.);
#168=FACE_OUTER_BOUND('',#273,.T.);
#169=FACE_OUTER_BOUND('',#274,.T.);
#170=FACE_OUTER_BOUND('',#275,.T.);
#171=FACE_OUTER_BOUND('',#276,.T.);
#172=FACE_OUTER_BOUND('',#277,.T.);
#173=FACE_OUTER_BOUND('',#279,.T.);
#174=FACE_OUTER_BOUND('',#280,.T.);
#175=FACE_OUTER_BOUND('',#281,.T.);
#176=FACE_OUTER_BOUND('',#282,.T.);
#177=FACE_OUTER_BOUND('',#283,.T.);
#178=FACE_OUTER_BOUND('',#284,.T.);
#179=FACE_OUTER_BOUND('',#285,.T.);
#180=FACE_OUTER_BOUND('',#286,.T.);
#181=FACE_OUTER_BOUND('',#287,.T.);
#182=FACE_OUTER_BOUND('',#290,.T.);
#183=FACE_OUTER_BOUND('',#291,.T.);
#184=FACE_OUTER_BOUND('',#292,.T.);
#185=FACE_OUTER_BOUND('',#293,.T.);
#186=FACE_OUTER_BOUND('',#295,.T.);
#187=FACE_OUTER_BOUND('',#296,.T.);
#188=FACE_OUTER_BOUND('',#297,.T.);
#189=EDGE_LOOP('',(#1205,#1206,#1207,#1208));
#190=EDGE_LOOP('',(#1209));
#191=EDGE_LOOP('',(#1210,#1211,#1212,#1213));
#192=EDGE_LOOP('',(#1214,#1215,#1216,#1217));
#193=EDGE_LOOP('',(#1218));
#194=EDGE_LOOP('',(#1219));
#195=EDGE_LOOP('',(#1220,#1221,#1222,#1223,#1224,#1225,#1226,#1227,#1228,
#1229,#1230,#1231));
#196=EDGE_LOOP('',(#1232,#1233,#1234,#1235));
#197=EDGE_LOOP('',(#1236,#1237,#1238,#1239,#1240,#1241));
#198=EDGE_LOOP('',(#1242,#1243,#1244,#1245,#1246,#1247));
#199=EDGE_LOOP('',(#1248,#1249,#1250,#1251));
#200=EDGE_LOOP('',(#1252,#1253,#1254,#1255,#1256,#1257,#1258,#1259,#1260,
#1261,#1262,#1263,#1264,#1265,#1266,#1267,#1268));
#201=EDGE_LOOP('',(#1269));
#202=EDGE_LOOP('',(#1270,#1271,#1272,#1273,#1274,#1275));
#203=EDGE_LOOP('',(#1276,#1277,#1278,#1279,#1280));
#204=EDGE_LOOP('',(#1281));
#205=EDGE_LOOP('',(#1282,#1283,#1284,#1285,#1286));
#206=EDGE_LOOP('',(#1287,#1288,#1289,#1290,#1291,#1292,#1293,#1294));
#207=EDGE_LOOP('',(#1295,#1296,#1297,#1298,#1299,#1300));
#208=EDGE_LOOP('',(#1301,#1302,#1303,#1304));
#209=EDGE_LOOP('',(#1305,#1306,#1307,#1308));
#210=EDGE_LOOP('',(#1309,#1310,#1311,#1312));
#211=EDGE_LOOP('',(#1313,#1314,#1315,#1316));
#212=EDGE_LOOP('',(#1317,#1318,#1319,#1320));
#213=EDGE_LOOP('',(#1321,#1322,#1323,#1324));
#214=EDGE_LOOP('',(#1325,#1326,#1327,#1328,#1329));
#215=EDGE_LOOP('',(#1330,#1331,#1332,#1333,#1334,#1335));
#216=EDGE_LOOP('',(#1336,#1337,#1338,#1339));
#217=EDGE_LOOP('',(#1340,#1341,#1342,#1343,#1344));
#218=EDGE_LOOP('',(#1345,#1346,#1347,#1348));
#219=EDGE_LOOP('',(#1349,#1350,#1351,#1352,#1353));
#220=EDGE_LOOP('',(#1354,#1355,#1356,#1357,#1358,#1359));
#221=EDGE_LOOP('',(#1360,#1361,#1362,#1363,#1364,#1365,#1366,#1367));
#222=EDGE_LOOP('',(#1368));
#223=EDGE_LOOP('',(#1369,#1370,#1371,#1372));
#224=EDGE_LOOP('',(#1373,#1374,#1375,#1376,#1377,#1378,#1379,#1380,#1381,
#1382,#1383,#1384));
#225=EDGE_LOOP('',(#1385,#1386,#1387,#1388,#1389,#1390,#1391,#1392,#1393,
#1394,#1395,#1396));
#226=EDGE_LOOP('',(#1397));
#227=EDGE_LOOP('',(#1398,#1399,#1400,#1401));
#228=EDGE_LOOP('',(#1402,#1403,#1404,#1405,#1406,#1407,#1408));
#229=EDGE_LOOP('',(#1409));
#230=EDGE_LOOP('',(#1410,#1411,#1412,#1413,#1414,#1415,#1416,#1417,#1418,
#1419));
#231=EDGE_LOOP('',(#1420,#1421,#1422,#1423));
#232=EDGE_LOOP('',(#1424,#1425,#1426,#1427));
#233=EDGE_LOOP('',(#1428,#1429,#1430,#1431,#1432,#1433,#1434,#1435));
#234=EDGE_LOOP('',(#1436,#1437,#1438,#1439,#1440,#1441,#1442));
#235=EDGE_LOOP('',(#1443));
#236=EDGE_LOOP('',(#1444));
#237=EDGE_LOOP('',(#1445,#1446,#1447,#1448));
#238=EDGE_LOOP('',(#1449,#1450,#1451,#1452));
#239=EDGE_LOOP('',(#1453,#1454,#1455,#1456,#1457,#1458,#1459,#1460));
#240=EDGE_LOOP('',(#1461,#1462,#1463,#1464,#1465));
#241=EDGE_LOOP('',(#1466,#1467,#1468,#1469));
#242=EDGE_LOOP('',(#1470,#1471,#1472,#1473));
#243=EDGE_LOOP('',(#1474,#1475,#1476,#1477));
#244=EDGE_LOOP('',(#1478,#1479,#1480,#1481));
#245=EDGE_LOOP('',(#1482,#1483,#1484,#1485,#1486,#1487,#1488));
#246=EDGE_LOOP('',(#1489,#1490,#1491,#1492));
#247=EDGE_LOOP('',(#1493,#1494,#1495,#1496,#1497));
#248=EDGE_LOOP('',(#1498,#1499,#1500,#1501,#1502,#1503,#1504));
#249=EDGE_LOOP('',(#1505,#1506,#1507,#1508));
#250=EDGE_LOOP('',(#1509,#1510,#1511,#1512,#1513));
#251=EDGE_LOOP('',(#1514,#1515,#1516,#1517,#1518,#1519,#1520,#1521,#1522,
#1523));
#252=EDGE_LOOP('',(#1524,#1525,#1526,#1527,#1528));
#253=EDGE_LOOP('',(#1529,#1530,#1531,#1532));
#254=EDGE_LOOP('',(#1533,#1534,#1535,#1536));
#255=EDGE_LOOP('',(#1537,#1538,#1539,#1540,#1541,#1542,#1543,#1544));
#256=EDGE_LOOP('',(#1545,#1546,#1547,#1548,#1549,#1550,#1551,#1552,#1553,
#1554,#1555,#1556));
#257=EDGE_LOOP('',(#1557,#1558,#1559,#1560));
#258=EDGE_LOOP('',(#1561,#1562,#1563,#1564));
#259=EDGE_LOOP('',(#1565,#1566,#1567,#1568));
#260=EDGE_LOOP('',(#1569,#1570,#1571,#1572));
#261=EDGE_LOOP('',(#1573,#1574,#1575,#1576));
#262=EDGE_LOOP('',(#1577,#1578,#1579,#1580));
#263=EDGE_LOOP('',(#1581,#1582,#1583,#1584,#1585,#1586,#1587,#1588,#1589,
#1590,#1591,#1592,#1593,#1594));
#264=EDGE_LOOP('',(#1595,#1596,#1597,#1598));
#265=EDGE_LOOP('',(#1599,#1600,#1601,#1602,#1603,#1604,#1605,#1606));
#266=EDGE_LOOP('',(#1607,#1608,#1609,#1610,#1611,#1612,#1613,#1614,#1615,
#1616));
#267=EDGE_LOOP('',(#1617,#1618,#1619,#1620));
#268=EDGE_LOOP('',(#1621,#1622,#1623,#1624));
#269=EDGE_LOOP('',(#1625,#1626,#1627,#1628));
#270=EDGE_LOOP('',(#1629,#1630,#1631,#1632));
#271=EDGE_LOOP('',(#1633,#1634,#1635,#1636,#1637,#1638,#1639,#1640,#1641));
#272=EDGE_LOOP('',(#1642));
#273=EDGE_LOOP('',(#1643,#1644,#1645,#1646));
#274=EDGE_LOOP('',(#1647,#1648,#1649,#1650));
#275=EDGE_LOOP('',(#1651,#1652,#1653,#1654));
#276=EDGE_LOOP('',(#1655,#1656,#1657,#1658,#1659,#1660,#1661,#1662,#1663,
#1664));
#277=EDGE_LOOP('',(#1665));
#278=EDGE_LOOP('',(#1666));
#279=EDGE_LOOP('',(#1667,#1668,#1669,#1670));
#280=EDGE_LOOP('',(#1671,#1672,#1673,#1674));
#281=EDGE_LOOP('',(#1675,#1676,#1677,#1678));
#282=EDGE_LOOP('',(#1679,#1680,#1681,#1682));
#283=EDGE_LOOP('',(#1683,#1684,#1685,#1686));
#284=EDGE_LOOP('',(#1687,#1688,#1689,#1690));
#285=EDGE_LOOP('',(#1691,#1692,#1693,#1694));
#286=EDGE_LOOP('',(#1695,#1696,#1697,#1698));
#287=EDGE_LOOP('',(#1699,#1700,#1701,#1702,#1703,#1704,#1705,#1706,#1707,
#1708,#1709,#1710,#1711));
#288=EDGE_LOOP('',(#1712));
#289=EDGE_LOOP('',(#1713));
#290=EDGE_LOOP('',(#1714,#1715,#1716,#1717,#1718,#1719,#1720,#1721));
#291=EDGE_LOOP('',(#1722,#1723,#1724,#1725));
#292=EDGE_LOOP('',(#1726,#1727,#1728,#1729,#1730,#1731));
#293=EDGE_LOOP('',(#1732,#1733,#1734,#1735));
#294=EDGE_LOOP('',(#1736));
#295=EDGE_LOOP('',(#1737,#1738,#1739,#1740,#1741,#1742));
#296=EDGE_LOOP('',(#1743,#1744,#1745,#1746));
#297=EDGE_LOOP('',(#1747,#1748,#1749,#1750));
#298=LINE('',#2537,#525);
#299=LINE('',#2539,#526);
#300=LINE('',#2541,#527);
#301=LINE('',#2542,#528);
#302=LINE('',#2547,#529);
#303=LINE('',#2551,#530);
#304=LINE('',#2553,#531);
#305=LINE('',#2554,#532);
#306=LINE('',#2562,#533);
#307=LINE('',#2564,#534);
#308=LINE('',#2566,#535);
#309=LINE('',#2568,#536);
#310=LINE('',#2570,#537);
#311=LINE('',#2572,#538);
#312=LINE('',#2574,#539);
#313=LINE('',#2576,#540);
#314=LINE('',#2578,#541);
#315=LINE('',#2580,#542);
#316=LINE('',#2582,#543);
#317=LINE('',#2583,#544);
#318=LINE('',#2586,#545);
#319=LINE('',#2588,#546);
#320=LINE('',#2589,#547);
#321=LINE('',#2592,#548);
#322=LINE('',#2594,#549);
#323=LINE('',#2595,#550);
#324=LINE('',#2598,#551);
#325=LINE('',#2600,#552);
#326=LINE('',#2601,#553);
#327=LINE('',#2605,#554);
#328=LINE('',#2607,#555);
#329=LINE('',#2609,#556);
#330=LINE('',#2610,#557);
#331=LINE('',#2613,#558);
#332=LINE('',#2615,#559);
#333=LINE('',#2617,#560);
#334=LINE('',#2621,#561);
#335=LINE('',#2623,#562);
#336=LINE('',#2625,#563);
#337=LINE('',#2627,#564);
#338=LINE('',#2629,#565);
#339=LINE('',#2634,#566);
#340=LINE('',#2636,#567);
#341=LINE('',#2638,#568);
#342=LINE('',#2639,#569);
#343=LINE('',#2644,#570);
#344=LINE('',#2646,#571);
#345=LINE('',#2648,#572);
#346=LINE('',#2650,#573);
#347=LINE('',#2651,#574);
#348=LINE('',#2655,#575);
#349=LINE('',#2657,#576);
#350=LINE('',#2659,#577);
#351=LINE('',#2661,#578);
#352=LINE('',#2662,#579);
#353=LINE('',#2667,#580);
#354=LINE('',#2669,#581);
#355=LINE('',#2671,#582);
#356=LINE('',#2672,#583);
#357=LINE('',#2675,#584);
#358=LINE('',#2688,#585);
#359=LINE('',#2690,#586);
#360=LINE('',#2699,#587);
#361=LINE('',#2700,#588);
#362=LINE('',#2728,#589);
#363=LINE('',#2740,#590);
#364=LINE('',#2743,#591);
#365=LINE('',#2745,#592);
#366=LINE('',#2746,#593);
#367=LINE('',#2748,#594);
#368=LINE('',#2749,#595);
#369=LINE('',#2751,#596);
#370=LINE('',#2752,#597);
#371=LINE('',#2755,#598);
#372=LINE('',#2757,#599);
#373=LINE('',#2758,#600);
#374=LINE('',#2780,#601);
#375=LINE('',#2781,#602);
#376=LINE('',#2784,#603);
#377=LINE('',#2785,#604);
#378=LINE('',#2794,#605);
#379=LINE('',#2796,#606);
#380=LINE('',#2797,#607);
#381=LINE('',#2800,#608);
#382=LINE('',#2801,#609);
#383=LINE('',#2802,#610);
#384=LINE('',#2805,#611);
#385=LINE('',#2806,#612);
#386=LINE('',#2815,#613);
#387=LINE('',#2818,#614);
#388=LINE('',#2820,#615);
#389=LINE('',#2821,#616);
#390=LINE('',#2824,#617);
#391=LINE('',#2826,#618);
#392=LINE('',#2829,#619);
#393=LINE('',#2831,#620);
#394=LINE('',#2832,#621);
#395=LINE('',#2836,#622);
#396=LINE('',#2841,#623);
#397=LINE('',#2845,#624);
#398=LINE('',#2849,#625);
#399=LINE('',#2853,#626);
#400=LINE('',#2856,#627);
#401=LINE('',#2859,#628);
#402=LINE('',#2861,#629);
#403=LINE('',#2866,#630);
#404=LINE('',#2869,#631);
#405=LINE('',#2874,#632);
#406=LINE('',#2875,#633);
#407=LINE('',#2878,#634);
#408=LINE('',#2880,#635);
#409=LINE('',#2882,#636);
#410=LINE('',#2884,#637);
#411=LINE('',#2885,#638);
#412=LINE('',#2890,#639);
#413=LINE('',#2892,#640);
#414=LINE('',#2894,#641);
#415=LINE('',#2895,#642);
#416=LINE('',#2897,#643);
#417=LINE('',#2899,#644);
#418=LINE('',#2900,#645);
#419=LINE('',#2903,#646);
#420=LINE('',#2906,#647);
#421=LINE('',#2909,#648);
#422=LINE('',#2910,#649);
#423=LINE('',#2915,#650);
#424=LINE('',#2918,#651);
#425=LINE('',#2920,#652);
#426=LINE('',#2921,#653);
#427=LINE('',#2927,#654);
#428=LINE('',#2930,#655);
#429=LINE('',#2934,#656);
#430=LINE('',#2935,#657);
#431=LINE('',#2936,#658);
#432=LINE('',#2938,#659);
#433=LINE('',#2941,#660);
#434=LINE('',#2943,#661);
#435=LINE('',#2944,#662);
#436=LINE('',#2947,#663);
#437=LINE('',#2948,#664);
#438=LINE('',#2950,#665);
#439=LINE('',#2952,#666);
#440=LINE('',#2955,#667);
#441=LINE('',#2957,#668);
#442=LINE('',#2959,#669);
#443=LINE('',#2961,#670);
#444=LINE('',#2962,#671);
#445=LINE('',#3015,#672);
#446=LINE('',#3018,#673);
#447=LINE('',#3020,#674);
#448=LINE('',#3029,#675);
#449=LINE('',#3031,#676);
#450=LINE('',#3032,#677);
#451=LINE('',#3122,#678);
#452=LINE('',#3129,#679);
#453=LINE('',#3130,#680);
#454=LINE('',#3172,#681);
#455=LINE('',#3173,#682);
#456=LINE('',#3175,#683);
#457=LINE('',#3176,#684);
#458=LINE('',#3181,#685);
#459=LINE('',#3183,#686);
#460=LINE('',#3185,#687);
#461=LINE('',#3187,#688);
#462=LINE('',#3189,#689);
#463=LINE('',#3191,#690);
#464=LINE('',#3193,#691);
#465=LINE('',#3195,#692);
#466=LINE('',#3196,#693);
#467=LINE('',#3199,#694);
#468=LINE('',#3201,#695);
#469=LINE('',#3202,#696);
#470=LINE('',#3205,#697);
#471=LINE('',#3206,#698);
#472=LINE('',#3209,#699);
#473=LINE('',#3210,#700);
#474=LINE('',#3213,#701);
#475=LINE('',#3214,#702);
#476=LINE('',#3217,#703);
#477=LINE('',#3218,#704);
#478=LINE('',#3221,#705);
#479=LINE('',#3222,#706);
#480=LINE('',#3224,#707);
#481=LINE('',#3226,#708);
#482=LINE('',#3227,#709);
#483=LINE('',#3229,#710);
#484=LINE('',#3234,#711);
#485=LINE('',#3237,#712);
#486=LINE('',#3242,#713);
#487=LINE('',#3246,#714);
#488=LINE('',#3250,#715);
#489=LINE('',#3252,#716);
#490=LINE('',#3254,#717);
#491=LINE('',#3256,#718);
#492=LINE('',#3258,#719);
#493=LINE('',#3260,#720);
#494=LINE('',#3261,#721);
#495=LINE('',#3263,#722);
#496=LINE('',#3265,#723);
#497=LINE('',#3267,#724);
#498=LINE('',#3270,#725);
#499=LINE('',#3271,#726);
#500=LINE('',#3273,#727);
#501=LINE('',#3274,#728);
#502=LINE('',#3279,#729);
#503=LINE('',#3282,#730);
#504=LINE('',#3283,#731);
#505=LINE('',#3285,#732);
#506=LINE('',#3288,#733);
#507=LINE('',#3290,#734);
#508=LINE('',#3291,#735);
#509=LINE('',#3293,#736);
#510=LINE('',#3296,#737);
#511=LINE('',#3297,#738);
#512=LINE('',#3299,#739);
#513=LINE('',#3305,#740);
#514=LINE('',#3306,#741);
#515=LINE('',#3307,#742);
#516=LINE('',#3310,#743);
#517=LINE('',#3312,#744);
#518=LINE('',#3313,#745);
#519=LINE('',#3316,#746);
#520=LINE('',#3317,#747);
#521=LINE('',#3320,#748);
#522=LINE('',#3321,#749);
#523=LINE('',#3325,#750);
#524=LINE('',#3328,#751);
#525=VECTOR('',#2064,10.);
#526=VECTOR('',#2065,10.);
#527=VECTOR('',#2066,10.);
#528=VECTOR('',#2067,10.);
#529=VECTOR('',#2072,1.1);
#530=VECTOR('',#2077,10.);
#531=VECTOR('',#2078,10.);
#532=VECTOR('',#2079,10.);
#533=VECTOR('',#2088,10.);
#534=VECTOR('',#2089,10.);
#535=VECTOR('',#2090,10.);
#536=VECTOR('',#2091,10.);
#537=VECTOR('',#2092,10.);
#538=VECTOR('',#2093,10.);
#539=VECTOR('',#2094,10.);
#540=VECTOR('',#2095,10.);
#541=VECTOR('',#2096,10.);
#542=VECTOR('',#2097,10.);
#543=VECTOR('',#2098,10.);
#544=VECTOR('',#2099,10.);
#545=VECTOR('',#2102,10.);
#546=VECTOR('',#2103,10.);
#547=VECTOR('',#2104,10.);
#548=VECTOR('',#2107,10.);
#549=VECTOR('',#2108,10.);
#550=VECTOR('',#2109,10.);
#551=VECTOR('',#2112,10.);
#552=VECTOR('',#2113,10.);
#553=VECTOR('',#2114,10.);
#554=VECTOR('',#2117,10.);
#555=VECTOR('',#2118,10.);
#556=VECTOR('',#2119,10.);
#557=VECTOR('',#2120,10.);
#558=VECTOR('',#2123,10.);
#559=VECTOR('',#2124,10.);
#560=VECTOR('',#2125,1000.);
#561=VECTOR('',#2128,1000.);
#562=VECTOR('',#2129,1000.);
#563=VECTOR('',#2130,1000.);
#564=VECTOR('',#2131,1000.);
#565=VECTOR('',#2132,1000.);
#566=VECTOR('',#2137,10.);
#567=VECTOR('',#2138,10.);
#568=VECTOR('',#2139,10.);
#569=VECTOR('',#2140,10.);
#570=VECTOR('',#2145,10.);
#571=VECTOR('',#2146,10.);
#572=VECTOR('',#2147,10.);
#573=VECTOR('',#2148,1000.);
#574=VECTOR('',#2149,10.);
#575=VECTOR('',#2152,10.);
#576=VECTOR('',#2153,10.);
#577=VECTOR('',#2154,10.);
#578=VECTOR('',#2155,10.);
#579=VECTOR('',#2156,10.);
#580=VECTOR('',#2161,10.);
#581=VECTOR('',#2162,10.);
#582=VECTOR('',#2163,10.);
#583=VECTOR('',#2164,10.);
#584=VECTOR('',#2167,10.);
#585=VECTOR('',#2168,10.);
#586=VECTOR('',#2169,10.);
#587=VECTOR('',#2170,10.);
#588=VECTOR('',#2171,10.);
#589=VECTOR('',#2172,10.);
#590=VECTOR('',#2173,10.);
#591=VECTOR('',#2176,10.);
#592=VECTOR('',#2177,10.);
#593=VECTOR('',#2178,10.);
#594=VECTOR('',#2181,10.);
#595=VECTOR('',#2182,10.);
#596=VECTOR('',#2185,10.);
#597=VECTOR('',#2186,10.);
#598=VECTOR('',#2189,10.);
#599=VECTOR('',#2190,10.);
#600=VECTOR('',#2191,10.);
#601=VECTOR('',#2196,10.);
#602=VECTOR('',#2197,10.);
#603=VECTOR('',#2200,10.);
#604=VECTOR('',#2201,10.);
#605=VECTOR('',#2204,10.);
#606=VECTOR('',#2205,10.);
#607=VECTOR('',#2206,10.);
#608=VECTOR('',#2209,10.);
#609=VECTOR('',#2210,10.);
#610=VECTOR('',#2211,10.);
#611=VECTOR('',#2214,10.);
#612=VECTOR('',#2215,10.);
#613=VECTOR('',#2218,10.);
#614=VECTOR('',#2221,10.);
#615=VECTOR('',#2222,10.);
#616=VECTOR('',#2223,10.);
#617=VECTOR('',#2226,10.);
#618=VECTOR('',#2227,10.);
#619=VECTOR('',#2230,10.);
#620=VECTOR('',#2231,10.);
#621=VECTOR('',#2232,10.);
#622=VECTOR('',#2237,1.);
#623=VECTOR('',#2242,10.);
#624=VECTOR('',#2245,10.);
#625=VECTOR('',#2248,10.);
#626=VECTOR('',#2251,10.);
#627=VECTOR('',#2254,10.);
#628=VECTOR('',#2257,10.);
#629=VECTOR('',#2258,10.);
#630=VECTOR('',#2263,1000.);
#631=VECTOR('',#2266,1000.);
#632=VECTOR('',#2271,1000.);
#633=VECTOR('',#2272,1000.);
#634=VECTOR('',#2275,1000.);
#635=VECTOR('',#2276,1000.);
#636=VECTOR('',#2277,1000.);
#637=VECTOR('',#2278,1000.);
#638=VECTOR('',#2279,1000.);
#639=VECTOR('',#2284,1000.);
#640=VECTOR('',#2285,10.);
#641=VECTOR('',#2286,1000.);
#642=VECTOR('',#2287,1000.);
#643=VECTOR('',#2288,1000.);
#644=VECTOR('',#2289,1000.);
#645=VECTOR('',#2290,1000.);
#646=VECTOR('',#2293,10.);
#647=VECTOR('',#2296,10.);
#648=VECTOR('',#2299,9.5);
#649=VECTOR('',#2300,1000.);
#650=VECTOR('',#2305,10.);
#651=VECTOR('',#2308,10.);
#652=VECTOR('',#2311,1000.);
#653=VECTOR('',#2312,10.);
#654=VECTOR('',#2319,10.);
#655=VECTOR('',#2322,10.);
#656=VECTOR('',#2327,10.);
#657=VECTOR('',#2328,10.);
#658=VECTOR('',#2329,10.);
#659=VECTOR('',#2332,10.);
#660=VECTOR('',#2335,10.);
#661=VECTOR('',#2336,10.);
#662=VECTOR('',#2337,10.);
#663=VECTOR('',#2340,10.);
#664=VECTOR('',#2341,10.);
#665=VECTOR('',#2344,10.);
#666=VECTOR('',#2347,10.);
#667=VECTOR('',#2350,10.);
#668=VECTOR('',#2351,10.);
#669=VECTOR('',#2352,10.);
#670=VECTOR('',#2353,10.);
#671=VECTOR('',#2354,10.);
#672=VECTOR('',#2355,10.);
#673=VECTOR('',#2358,10.);
#674=VECTOR('',#2359,10.);
#675=VECTOR('',#2362,10.);
#676=VECTOR('',#2363,10.);
#677=VECTOR('',#2364,10.);
#678=VECTOR('',#2367,10.);
#679=VECTOR('',#2368,10.);
#680=VECTOR('',#2369,10.);
#681=VECTOR('',#2370,10.);
#682=VECTOR('',#2371,10.);
#683=VECTOR('',#2374,10.);
#684=VECTOR('',#2375,10.);
#685=VECTOR('',#2382,10.);
#686=VECTOR('',#2383,10.);
#687=VECTOR('',#2384,10.);
#688=VECTOR('',#2385,10.);
#689=VECTOR('',#2386,10.);
#690=VECTOR('',#2387,10.);
#691=VECTOR('',#2388,10.);
#692=VECTOR('',#2389,10.);
#693=VECTOR('',#2390,10.);
#694=VECTOR('',#2393,10.);
#695=VECTOR('',#2394,10.);
#696=VECTOR('',#2395,10.);
#697=VECTOR('',#2398,10.);
#698=VECTOR('',#2399,10.);
#699=VECTOR('',#2402,10.);
#700=VECTOR('',#2403,10.);
#701=VECTOR('',#2406,10.);
#702=VECTOR('',#2407,10.);
#703=VECTOR('',#2410,10.);
#704=VECTOR('',#2411,10.);
#705=VECTOR('',#2414,10.);
#706=VECTOR('',#2415,10.);
#707=VECTOR('',#2418,10.);
#708=VECTOR('',#2419,10.);
#709=VECTOR('',#2420,10.);
#710=VECTOR('',#2423,10.);
#711=VECTOR('',#2430,0.45);
#712=VECTOR('',#2435,0.45);
#713=VECTOR('',#2440,2.125);
#714=VECTOR('',#2445,2.125);
#715=VECTOR('',#2450,1000.);
#716=VECTOR('',#2451,1000.);
#717=VECTOR('',#2452,1000.);
#718=VECTOR('',#2453,1000.);
#719=VECTOR('',#2454,1000.);
#720=VECTOR('',#2455,1000.);
#721=VECTOR('',#2456,1000.);
#722=VECTOR('',#2459,1000.);
#723=VECTOR('',#2462,1000.);
#724=VECTOR('',#2465,1000.);
#725=VECTOR('',#2468,1000.);
#726=VECTOR('',#2469,1000.);
#727=VECTOR('',#2470,1000.);
#728=VECTOR('',#2471,1000.);
#729=VECTOR('',#2478,3.5);
#730=VECTOR('',#2481,1000.);
#731=VECTOR('',#2482,1000.);
#732=VECTOR('',#2485,1000.);
#733=VECTOR('',#2488,1000.);
#734=VECTOR('',#2489,1000.);
#735=VECTOR('',#2490,1000.);
#736=VECTOR('',#2493,1000.);
#737=VECTOR('',#2496,1000.);
#738=VECTOR('',#2497,1000.);
#739=VECTOR('',#2500,1000.);
#740=VECTOR('',#2507,10.);
#741=VECTOR('',#2508,10.);
#742=VECTOR('',#2509,10.);
#743=VECTOR('',#2512,10.);
#744=VECTOR('',#2513,10.);
#745=VECTOR('',#2514,10.);
#746=VECTOR('',#2517,10.);
#747=VECTOR('',#2518,10.);
#748=VECTOR('',#2521,10.);
#749=VECTOR('',#2522,10.);
#750=VECTOR('',#2527,10.);
#751=VECTOR('',#2532,1.1);
#752=VERTEX_POINT('',#2535);
#753=VERTEX_POINT('',#2536);
#754=VERTEX_POINT('',#2538);
#755=VERTEX_POINT('',#2540);
#756=VERTEX_POINT('',#2543);
#757=VERTEX_POINT('',#2546);
#758=VERTEX_POINT('',#2550);
#759=VERTEX_POINT('',#2552);
#760=VERTEX_POINT('',#2557);
#761=VERTEX_POINT('',#2560);
#762=VERTEX_POINT('',#2561);
#763=VERTEX_POINT('',#2563);
#764=VERTEX_POINT('',#2565);
#765=VERTEX_POINT('',#2567);
#766=VERTEX_POINT('',#2569);
#767=VERTEX_POINT('',#2571);
#768=VERTEX_POINT('',#2573);
#769=VERTEX_POINT('',#2575);
#770=VERTEX_POINT('',#2577);
#771=VERTEX_POINT('',#2579);
#772=VERTEX_POINT('',#2581);
#773=VERTEX_POINT('',#2585);
#774=VERTEX_POINT('',#2587);
#775=VERTEX_POINT('',#2591);
#776=VERTEX_POINT('',#2593);
#777=VERTEX_POINT('',#2597);
#778=VERTEX_POINT('',#2599);
#779=VERTEX_POINT('',#2603);
#780=VERTEX_POINT('',#2604);
#781=VERTEX_POINT('',#2606);
#782=VERTEX_POINT('',#2608);
#783=VERTEX_POINT('',#2612);
#784=VERTEX_POINT('',#2614);
#785=VERTEX_POINT('',#2616);
#786=VERTEX_POINT('',#2618);
#787=VERTEX_POINT('',#2620);
#788=VERTEX_POINT('',#2622);
#789=VERTEX_POINT('',#2624);
#790=VERTEX_POINT('',#2626);
#791=VERTEX_POINT('',#2628);
#792=VERTEX_POINT('',#2631);
#793=VERTEX_POINT('',#2633);
#794=VERTEX_POINT('',#2635);
#795=VERTEX_POINT('',#2637);
#796=VERTEX_POINT('',#2640);
#797=VERTEX_POINT('',#2643);
#798=VERTEX_POINT('',#2645);
#799=VERTEX_POINT('',#2647);
#800=VERTEX_POINT('',#2649);
#801=VERTEX_POINT('',#2653);
#802=VERTEX_POINT('',#2654);
#803=VERTEX_POINT('',#2656);
#804=VERTEX_POINT('',#2658);
#805=VERTEX_POINT('',#2660);
#806=VERTEX_POINT('',#2663);
#807=VERTEX_POINT('',#2666);
#808=VERTEX_POINT('',#2668);
#809=VERTEX_POINT('',#2670);
#810=VERTEX_POINT('',#2674);
#811=VERTEX_POINT('',#2676);
#812=VERTEX_POINT('',#2687);
#813=VERTEX_POINT('',#2689);
#814=VERTEX_POINT('',#2691);
#815=VERTEX_POINT('',#2698);
#816=VERTEX_POINT('',#2717);
#817=VERTEX_POINT('',#2722);
#818=VERTEX_POINT('',#2727);
#819=VERTEX_POINT('',#2729);
#820=VERTEX_POINT('',#2742);
#821=VERTEX_POINT('',#2744);
#822=VERTEX_POINT('',#2754);
#823=VERTEX_POINT('',#2756);
#824=VERTEX_POINT('',#2779);
#825=VERTEX_POINT('',#2783);
#826=VERTEX_POINT('',#2787);
#827=VERTEX_POINT('',#2788);
#828=VERTEX_POINT('',#2793);
#829=VERTEX_POINT('',#2795);
#830=VERTEX_POINT('',#2799);
#831=VERTEX_POINT('',#2804);
#832=VERTEX_POINT('',#2808);
#833=VERTEX_POINT('',#2817);
#834=VERTEX_POINT('',#2819);
#835=VERTEX_POINT('',#2823);
#836=VERTEX_POINT('',#2825);
#837=VERTEX_POINT('',#2828);
#838=VERTEX_POINT('',#2830);
#839=VERTEX_POINT('',#2833);
#840=VERTEX_POINT('',#2838);
#841=VERTEX_POINT('',#2840);
#842=VERTEX_POINT('',#2842);
#843=VERTEX_POINT('',#2844);
#844=VERTEX_POINT('',#2846);
#845=VERTEX_POINT('',#2848);
#846=VERTEX_POINT('',#2850);
#847=VERTEX_POINT('',#2852);
#848=VERTEX_POINT('',#2854);
#849=VERTEX_POINT('',#2858);
#850=VERTEX_POINT('',#2860);
#851=VERTEX_POINT('',#2863);
#852=VERTEX_POINT('',#2865);
#853=VERTEX_POINT('',#2867);
#854=VERTEX_POINT('',#2870);
#855=VERTEX_POINT('',#2873);
#856=VERTEX_POINT('',#2877);
#857=VERTEX_POINT('',#2879);
#858=VERTEX_POINT('',#2881);
#859=VERTEX_POINT('',#2883);
#860=VERTEX_POINT('',#2886);
#861=VERTEX_POINT('',#2889);
#862=VERTEX_POINT('',#2891);
#863=VERTEX_POINT('',#2893);
#864=VERTEX_POINT('',#2896);
#865=VERTEX_POINT('',#2898);
#866=VERTEX_POINT('',#2902);
#867=VERTEX_POINT('',#2904);
#868=VERTEX_POINT('',#2908);
#869=VERTEX_POINT('',#2912);
#870=VERTEX_POINT('',#2914);
#871=VERTEX_POINT('',#2916);
#872=VERTEX_POINT('',#2922);
#873=VERTEX_POINT('',#2924);
#874=VERTEX_POINT('',#2929);
#875=VERTEX_POINT('',#2933);
#876=VERTEX_POINT('',#2940);
#877=VERTEX_POINT('',#2942);
#878=VERTEX_POINT('',#2946);
#879=VERTEX_POINT('',#2954);
#880=VERTEX_POINT('',#2956);
#881=VERTEX_POINT('',#2958);
#882=VERTEX_POINT('',#2960);
#883=VERTEX_POINT('',#3003);
#884=VERTEX_POINT('',#3008);
#885=VERTEX_POINT('',#3017);
#886=VERTEX_POINT('',#3019);
#887=VERTEX_POINT('',#3028);
#888=VERTEX_POINT('',#3030);
#889=VERTEX_POINT('',#3120);
#890=VERTEX_POINT('',#3121);
#891=VERTEX_POINT('',#3171);
#892=VERTEX_POINT('',#3180);
#893=VERTEX_POINT('',#3182);
#894=VERTEX_POINT('',#3184);
#895=VERTEX_POINT('',#3186);
#896=VERTEX_POINT('',#3188);
#897=VERTEX_POINT('',#3190);
#898=VERTEX_POINT('',#3192);
#899=VERTEX_POINT('',#3194);
#900=VERTEX_POINT('',#3198);
#901=VERTEX_POINT('',#3200);
#902=VERTEX_POINT('',#3204);
#903=VERTEX_POINT('',#3208);
#904=VERTEX_POINT('',#3212);
#905=VERTEX_POINT('',#3216);
#906=VERTEX_POINT('',#3220);
#907=VERTEX_POINT('',#3225);
#908=VERTEX_POINT('',#3233);
#909=VERTEX_POINT('',#3239);
#910=VERTEX_POINT('',#3241);
#911=VERTEX_POINT('',#3245);
#912=VERTEX_POINT('',#3249);
#913=VERTEX_POINT('',#3251);
#914=VERTEX_POINT('',#3253);
#915=VERTEX_POINT('',#3255);
#916=VERTEX_POINT('',#3257);
#917=VERTEX_POINT('',#3259);
#918=VERTEX_POINT('',#3269);
#919=VERTEX_POINT('',#3272);
#920=VERTEX_POINT('',#3276);
#921=VERTEX_POINT('',#3281);
#922=VERTEX_POINT('',#3287);
#923=VERTEX_POINT('',#3289);
#924=VERTEX_POINT('',#3295);
#925=VERTEX_POINT('',#3303);
#926=VERTEX_POINT('',#3304);
#927=VERTEX_POINT('',#3309);
#928=VERTEX_POINT('',#3311);
#929=VERTEX_POINT('',#3315);
#930=VERTEX_POINT('',#3319);
#931=VERTEX_POINT('',#3322);
#932=EDGE_CURVE('',#752,#753,#298,.T.);
#933=EDGE_CURVE('',#753,#754,#299,.T.);
#934=EDGE_CURVE('',#755,#754,#300,.T.);
#935=EDGE_CURVE('',#752,#755,#301,.T.);
#936=EDGE_CURVE('',#756,#756,#61,.T.);
#937=EDGE_CURVE('',#756,#757,#302,.T.);
#938=EDGE_CURVE('',#757,#757,#62,.T.);
#939=EDGE_CURVE('',#754,#758,#303,.T.);
#940=EDGE_CURVE('',#759,#758,#304,.T.);
#941=EDGE_CURVE('',#759,#755,#305,.T.);
#942=EDGE_CURVE('',#760,#760,#63,.T.);
#943=EDGE_CURVE('',#761,#762,#306,.T.);
#944=EDGE_CURVE('',#763,#761,#307,.T.);
#945=EDGE_CURVE('',#763,#764,#308,.T.);
#946=EDGE_CURVE('',#765,#764,#309,.T.);
#947=EDGE_CURVE('',#765,#766,#310,.T.);
#948=EDGE_CURVE('',#767,#766,#311,.T.);
#949=EDGE_CURVE('',#768,#767,#312,.T.);
#950=EDGE_CURVE('',#769,#768,#313,.T.);
#951=EDGE_CURVE('',#769,#770,#314,.T.);
#952=EDGE_CURVE('',#771,#770,#315,.T.);
#953=EDGE_CURVE('',#771,#772,#316,.T.);
#954=EDGE_CURVE('',#772,#762,#317,.T.);
#955=EDGE_CURVE('',#773,#752,#318,.T.);
#956=EDGE_CURVE('',#774,#773,#319,.T.);
#957=EDGE_CURVE('',#753,#774,#320,.T.);
#958=EDGE_CURVE('',#775,#774,#321,.T.);
#959=EDGE_CURVE('',#776,#775,#322,.T.);
#960=EDGE_CURVE('',#776,#758,#323,.T.);
#961=EDGE_CURVE('',#777,#759,#324,.T.);
#962=EDGE_CURVE('',#778,#777,#325,.T.);
#963=EDGE_CURVE('',#778,#773,#326,.T.);
#964=EDGE_CURVE('',#779,#780,#327,.T.);
#965=EDGE_CURVE('',#781,#779,#328,.T.);
#966=EDGE_CURVE('',#782,#781,#329,.T.);
#967=EDGE_CURVE('',#782,#780,#330,.T.);
#968=EDGE_CURVE('',#780,#783,#331,.T.);
#969=EDGE_CURVE('',#783,#784,#332,.T.);
#970=EDGE_CURVE('',#785,#784,#333,.T.);
#971=EDGE_CURVE('',#786,#785,#64,.T.);
#972=EDGE_CURVE('',#787,#786,#334,.T.);
#973=EDGE_CURVE('',#787,#788,#335,.T.);
#974=EDGE_CURVE('',#788,#789,#336,.T.);
#975=EDGE_CURVE('',#790,#789,#337,.T.);
#976=EDGE_CURVE('',#791,#790,#338,.T.);
#977=EDGE_CURVE('',#767,#791,#65,.T.);
#978=EDGE_CURVE('',#766,#792,#66,.T.);
#979=EDGE_CURVE('',#792,#793,#339,.T.);
#980=EDGE_CURVE('',#793,#794,#340,.T.);
#981=EDGE_CURVE('',#794,#795,#341,.T.);
#982=EDGE_CURVE('',#795,#779,#342,.T.);
#983=EDGE_CURVE('',#796,#796,#67,.F.);
#984=EDGE_CURVE('',#784,#797,#343,.T.);
#985=EDGE_CURVE('',#797,#798,#344,.T.);
#986=EDGE_CURVE('',#798,#799,#345,.T.);
#987=EDGE_CURVE('',#800,#799,#346,.T.);
#988=EDGE_CURVE('',#785,#800,#347,.T.);
#989=EDGE_CURVE('',#801,#802,#348,.T.);
#990=EDGE_CURVE('',#802,#803,#349,.T.);
#991=EDGE_CURVE('',#803,#804,#350,.T.);
#992=EDGE_CURVE('',#805,#804,#351,.T.);
#993=EDGE_CURVE('',#805,#801,#352,.T.);
#994=EDGE_CURVE('',#806,#806,#68,.T.);
#995=EDGE_CURVE('',#781,#807,#353,.T.);
#996=EDGE_CURVE('',#807,#808,#354,.T.);
#997=EDGE_CURVE('',#809,#808,#355,.T.);
#998=EDGE_CURVE('',#809,#782,#356,.T.);
#999=EDGE_CURVE('',#798,#810,#357,.T.);
#1000=EDGE_CURVE('',#811,#810,#25,.T.);
#1001=EDGE_CURVE('',#812,#811,#358,.T.);
#1002=EDGE_CURVE('',#813,#812,#359,.T.);
#1003=EDGE_CURVE('',#814,#813,#26,.T.);
#1004=EDGE_CURVE('',#815,#814,#360,.T.);
#1005=EDGE_CURVE('',#799,#815,#361,.T.);
#1006=EDGE_CURVE('',#810,#816,#27,.T.);
#1007=EDGE_CURVE('',#816,#817,#28,.T.);
#1008=EDGE_CURVE('',#818,#817,#362,.T.);
#1009=EDGE_CURVE('',#819,#818,#29,.T.);
#1010=EDGE_CURVE('',#819,#811,#363,.T.);
#1011=EDGE_CURVE('',#820,#812,#364,.T.);
#1012=EDGE_CURVE('',#821,#820,#365,.T.);
#1013=EDGE_CURVE('',#821,#813,#366,.T.);
#1014=EDGE_CURVE('',#817,#801,#367,.T.);
#1015=EDGE_CURVE('',#818,#805,#368,.T.);
#1016=EDGE_CURVE('',#807,#795,#369,.T.);
#1017=EDGE_CURVE('',#794,#808,#370,.T.);
#1018=EDGE_CURVE('',#822,#814,#371,.T.);
#1019=EDGE_CURVE('',#822,#823,#372,.T.);
#1020=EDGE_CURVE('',#815,#823,#373,.T.);
#1021=EDGE_CURVE('',#822,#821,#30,.T.);
#1022=EDGE_CURVE('',#824,#816,#374,.T.);
#1023=EDGE_CURVE('',#802,#824,#375,.T.);
#1024=EDGE_CURVE('',#825,#797,#376,.T.);
#1025=EDGE_CURVE('',#825,#824,#377,.T.);
#1026=EDGE_CURVE('',#826,#827,#31,.T.);
#1027=EDGE_CURVE('',#826,#828,#378,.T.);
#1028=EDGE_CURVE('',#829,#828,#379,.T.);
#1029=EDGE_CURVE('',#827,#829,#380,.T.);
#1030=EDGE_CURVE('',#803,#830,#381,.T.);
#1031=EDGE_CURVE('',#828,#830,#382,.T.);
#1032=EDGE_CURVE('',#804,#826,#383,.T.);
#1033=EDGE_CURVE('',#830,#831,#384,.T.);
#1034=EDGE_CURVE('',#831,#829,#385,.T.);
#1035=EDGE_CURVE('',#832,#826,#32,.T.);
#1036=EDGE_CURVE('',#832,#818,#386,.T.);
#1037=EDGE_CURVE('',#783,#833,#387,.T.);
#1038=EDGE_CURVE('',#834,#833,#388,.T.);
#1039=EDGE_CURVE('',#834,#825,#389,.T.);
#1040=EDGE_CURVE('',#835,#834,#390,.T.);
#1041=EDGE_CURVE('',#833,#836,#391,.T.);
#1042=EDGE_CURVE('',#836,#765,#69,.T.);
#1043=EDGE_CURVE('',#764,#837,#392,.T.);
#1044=EDGE_CURVE('',#837,#838,#393,.T.);
#1045=EDGE_CURVE('',#838,#835,#394,.T.);
#1046=EDGE_CURVE('',#839,#839,#70,.T.);
#1047=EDGE_CURVE('',#806,#839,#395,.T.);
#1048=EDGE_CURVE('',#800,#840,#71,.T.);
#1049=EDGE_CURVE('',#840,#841,#396,.T.);
#1050=EDGE_CURVE('',#841,#842,#72,.T.);
#1051=EDGE_CURVE('',#842,#843,#397,.T.);
#1052=EDGE_CURVE('',#843,#844,#73,.T.);
#1053=EDGE_CURVE('',#844,#845,#398,.T.);
#1054=EDGE_CURVE('',#845,#846,#74,.T.);
#1055=EDGE_CURVE('',#846,#847,#399,.T.);
#1056=EDGE_CURVE('',#847,#848,#75,.T.);
#1057=EDGE_CURVE('',#848,#786,#400,.T.);
#1058=EDGE_CURVE('',#823,#849,#401,.T.);
#1059=EDGE_CURVE('',#849,#850,#402,.T.);
#1060=EDGE_CURVE('',#850,#769,#76,.T.);
#1061=EDGE_CURVE('',#851,#768,#77,.T.);
#1062=EDGE_CURVE('',#852,#851,#403,.T.);
#1063=EDGE_CURVE('',#853,#852,#78,.T.);
#1064=EDGE_CURVE('',#840,#853,#404,.T.);
#1065=EDGE_CURVE('',#854,#854,#79,.F.);
#1066=EDGE_CURVE('',#848,#855,#405,.T.);
#1067=EDGE_CURVE('',#855,#787,#406,.T.);
#1068=EDGE_CURVE('',#856,#847,#407,.T.);
#1069=EDGE_CURVE('',#856,#857,#408,.T.);
#1070=EDGE_CURVE('',#858,#857,#409,.T.);
#1071=EDGE_CURVE('',#858,#859,#410,.T.);
#1072=EDGE_CURVE('',#859,#855,#411,.T.);
#1073=EDGE_CURVE('',#860,#860,#80,.T.);
#1074=EDGE_CURVE('',#842,#861,#412,.T.);
#1075=EDGE_CURVE('',#861,#862,#413,.T.);
#1076=EDGE_CURVE('',#863,#862,#414,.T.);
#1077=EDGE_CURVE('',#863,#856,#415,.T.);
#1078=EDGE_CURVE('',#864,#846,#416,.T.);
#1079=EDGE_CURVE('',#865,#864,#417,.T.);
#1080=EDGE_CURVE('',#843,#865,#418,.T.);
#1081=EDGE_CURVE('',#852,#866,#419,.T.);
#1082=EDGE_CURVE('',#866,#867,#81,.T.);
#1083=EDGE_CURVE('',#867,#853,#420,.T.);
#1084=EDGE_CURVE('',#868,#851,#421,.T.);
#1085=EDGE_CURVE('',#866,#868,#422,.T.);
#1086=EDGE_CURVE('',#869,#868,#82,.T.);
#1087=EDGE_CURVE('',#791,#870,#423,.T.);
#1088=EDGE_CURVE('',#870,#871,#83,.T.);
#1089=EDGE_CURVE('',#871,#869,#424,.T.);
#1090=EDGE_CURVE('',#841,#867,#425,.T.);
#1091=EDGE_CURVE('',#869,#861,#426,.T.);
#1092=EDGE_CURVE('',#872,#872,#84,.F.);
#1093=EDGE_CURVE('',#873,#873,#85,.T.);
#1094=EDGE_CURVE('',#862,#871,#427,.T.);
#1095=EDGE_CURVE('',#874,#850,#428,.T.);
#1096=EDGE_CURVE('',#770,#874,#86,.T.);
#1097=EDGE_CURVE('',#776,#875,#429,.T.);
#1098=EDGE_CURVE('',#874,#875,#430,.T.);
#1099=EDGE_CURVE('',#849,#777,#431,.T.);
#1100=EDGE_CURVE('',#778,#822,#432,.T.);
#1101=EDGE_CURVE('',#876,#772,#433,.T.);
#1102=EDGE_CURVE('',#877,#771,#434,.T.);
#1103=EDGE_CURVE('',#876,#877,#435,.T.);
#1104=EDGE_CURVE('',#878,#775,#436,.T.);
#1105=EDGE_CURVE('',#875,#878,#437,.T.);
#1106=EDGE_CURVE('',#809,#793,#438,.T.);
#1107=EDGE_CURVE('',#792,#836,#439,.T.);
#1108=EDGE_CURVE('',#837,#879,#440,.T.);
#1109=EDGE_CURVE('',#763,#880,#441,.T.);
#1110=EDGE_CURVE('',#881,#880,#442,.T.);
#1111=EDGE_CURVE('',#881,#882,#443,.T.);
#1112=EDGE_CURVE('',#882,#879,#444,.T.);
#1113=EDGE_CURVE('',#821,#883,#33,.T.);
#1114=EDGE_CURVE('',#884,#883,#15,.T.);
#1115=EDGE_CURVE('',#822,#884,#445,.T.);
#1116=EDGE_CURVE('',#885,#820,#446,.T.);
#1117=EDGE_CURVE('',#886,#885,#447,.T.);
#1118=EDGE_CURVE('',#883,#886,#34,.T.);
#1119=EDGE_CURVE('',#887,#819,#448,.T.);
#1120=EDGE_CURVE('',#887,#888,#449,.T.);
#1121=EDGE_CURVE('',#885,#888,#450,.T.);
#1122=EDGE_CURVE('',#832,#887,#16,.T.);
#1123=EDGE_CURVE('',#888,#827,#17,.T.);
#1124=EDGE_CURVE('',#889,#890,#451,.T.);
#1125=EDGE_CURVE('',#889,#886,#18,.T.);
#1126=EDGE_CURVE('',#831,#835,#452,.T.);
#1127=EDGE_CURVE('',#838,#890,#453,.T.);
#1128=EDGE_CURVE('',#891,#889,#454,.T.);
#1129=EDGE_CURVE('',#884,#891,#455,.T.);
#1130=EDGE_CURVE('',#890,#879,#456,.T.);
#1131=EDGE_CURVE('',#889,#882,#457,.T.);
#1132=EDGE_CURVE('',#892,#881,#458,.T.);
#1133=EDGE_CURVE('',#893,#892,#459,.T.);
#1134=EDGE_CURVE('',#894,#893,#460,.T.);
#1135=EDGE_CURVE('',#895,#894,#461,.T.);
#1136=EDGE_CURVE('',#896,#895,#462,.T.);
#1137=EDGE_CURVE('',#897,#896,#463,.T.);
#1138=EDGE_CURVE('',#898,#897,#464,.T.);
#1139=EDGE_CURVE('',#899,#898,#465,.T.);
#1140=EDGE_CURVE('',#891,#899,#466,.T.);
#1141=EDGE_CURVE('',#900,#898,#467,.T.);
#1142=EDGE_CURVE('',#901,#900,#468,.T.);
#1143=EDGE_CURVE('',#901,#899,#469,.T.);
#1144=EDGE_CURVE('',#902,#897,#470,.T.);
#1145=EDGE_CURVE('',#900,#902,#471,.T.);
#1146=EDGE_CURVE('',#903,#896,#472,.T.);
#1147=EDGE_CURVE('',#902,#903,#473,.T.);
#1148=EDGE_CURVE('',#904,#895,#474,.T.);
#1149=EDGE_CURVE('',#903,#904,#475,.T.);
#1150=EDGE_CURVE('',#905,#894,#476,.T.);
#1151=EDGE_CURVE('',#904,#905,#477,.T.);
#1152=EDGE_CURVE('',#906,#893,#478,.T.);
#1153=EDGE_CURVE('',#905,#906,#479,.T.);
#1154=EDGE_CURVE('',#901,#878,#480,.T.);
#1155=EDGE_CURVE('',#906,#907,#481,.T.);
#1156=EDGE_CURVE('',#877,#907,#482,.T.);
#1157=EDGE_CURVE('',#907,#892,#483,.T.);
#1158=EDGE_CURVE('',#872,#908,#484,.T.);
#1159=EDGE_CURVE('',#908,#908,#87,.F.);
#1160=EDGE_CURVE('',#796,#854,#485,.T.);
#1161=EDGE_CURVE('',#909,#909,#88,.T.);
#1162=EDGE_CURVE('',#909,#910,#486,.T.);
#1163=EDGE_CURVE('',#910,#910,#89,.T.);
#1164=EDGE_CURVE('',#860,#911,#487,.T.);
#1165=EDGE_CURVE('',#911,#911,#90,.T.);
#1166=EDGE_CURVE('',#845,#912,#488,.T.);
#1167=EDGE_CURVE('',#913,#912,#489,.T.);
#1168=EDGE_CURVE('',#914,#913,#490,.T.);
#1169=EDGE_CURVE('',#914,#915,#491,.T.);
#1170=EDGE_CURVE('',#916,#915,#492,.T.);
#1171=EDGE_CURVE('',#917,#916,#493,.T.);
#1172=EDGE_CURVE('',#917,#864,#494,.T.);
#1173=EDGE_CURVE('',#859,#788,#495,.T.);
#1174=EDGE_CURVE('',#858,#789,#496,.T.);
#1175=EDGE_CURVE('',#857,#790,#497,.T.);
#1176=EDGE_CURVE('',#863,#918,#498,.T.);
#1177=EDGE_CURVE('',#918,#916,#499,.T.);
#1178=EDGE_CURVE('',#919,#915,#500,.T.);
#1179=EDGE_CURVE('',#870,#919,#501,.T.);
#1180=EDGE_CURVE('',#920,#920,#91,.T.);
#1181=EDGE_CURVE('',#920,#873,#502,.T.);
#1182=EDGE_CURVE('',#921,#917,#503,.T.);
#1183=EDGE_CURVE('',#918,#921,#504,.T.);
#1184=EDGE_CURVE('',#865,#921,#505,.T.);
#1185=EDGE_CURVE('',#922,#914,#506,.T.);
#1186=EDGE_CURVE('',#923,#913,#507,.T.);
#1187=EDGE_CURVE('',#923,#922,#508,.T.);
#1188=EDGE_CURVE('',#919,#922,#509,.T.);
#1189=EDGE_CURVE('',#924,#844,#510,.T.);
#1190=EDGE_CURVE('',#924,#912,#511,.T.);
#1191=EDGE_CURVE('',#924,#923,#512,.T.);
#1192=EDGE_CURVE('',#925,#926,#513,.T.);
#1193=EDGE_CURVE('',#876,#926,#514,.T.);
#1194=EDGE_CURVE('',#880,#925,#515,.T.);
#1195=EDGE_CURVE('',#926,#927,#516,.T.);
#1196=EDGE_CURVE('',#928,#925,#517,.T.);
#1197=EDGE_CURVE('',#927,#928,#518,.T.);
#1198=EDGE_CURVE('',#929,#927,#519,.T.);
#1199=EDGE_CURVE('',#762,#929,#520,.T.);
#1200=EDGE_CURVE('',#928,#930,#521,.T.);
#1201=EDGE_CURVE('',#929,#930,#522,.T.);
#1202=EDGE_CURVE('',#931,#931,#92,.T.);
#1203=EDGE_CURVE('',#930,#761,#523,.T.);
#1204=EDGE_CURVE('',#931,#760,#524,.T.);
#1205=ORIENTED_EDGE('',*,*,#932,.T.);
#1206=ORIENTED_EDGE('',*,*,#933,.T.);
#1207=ORIENTED_EDGE('',*,*,#934,.F.);
#1208=ORIENTED_EDGE('',*,*,#935,.F.);
#1209=ORIENTED_EDGE('',*,*,#936,.T.);
#1210=ORIENTED_EDGE('',*,*,#936,.F.);
#1211=ORIENTED_EDGE('',*,*,#937,.T.);
#1212=ORIENTED_EDGE('',*,*,#938,.F.);
#1213=ORIENTED_EDGE('',*,*,#937,.F.);
#1214=ORIENTED_EDGE('',*,*,#934,.T.);
#1215=ORIENTED_EDGE('',*,*,#939,.T.);
#1216=ORIENTED_EDGE('',*,*,#940,.F.);
#1217=ORIENTED_EDGE('',*,*,#941,.T.);
#1218=ORIENTED_EDGE('',*,*,#938,.T.);
#1219=ORIENTED_EDGE('',*,*,#942,.T.);
#1220=ORIENTED_EDGE('',*,*,#943,.F.);
#1221=ORIENTED_EDGE('',*,*,#944,.F.);
#1222=ORIENTED_EDGE('',*,*,#945,.T.);
#1223=ORIENTED_EDGE('',*,*,#946,.F.);
#1224=ORIENTED_EDGE('',*,*,#947,.T.);
#1225=ORIENTED_EDGE('',*,*,#948,.F.);
#1226=ORIENTED_EDGE('',*,*,#949,.F.);
#1227=ORIENTED_EDGE('',*,*,#950,.F.);
#1228=ORIENTED_EDGE('',*,*,#951,.T.);
#1229=ORIENTED_EDGE('',*,*,#952,.F.);
#1230=ORIENTED_EDGE('',*,*,#953,.T.);
#1231=ORIENTED_EDGE('',*,*,#954,.T.);
#1232=ORIENTED_EDGE('',*,*,#955,.F.);
#1233=ORIENTED_EDGE('',*,*,#956,.F.);
#1234=ORIENTED_EDGE('',*,*,#957,.F.);
#1235=ORIENTED_EDGE('',*,*,#932,.F.);
#1236=ORIENTED_EDGE('',*,*,#957,.T.);
#1237=ORIENTED_EDGE('',*,*,#958,.F.);
#1238=ORIENTED_EDGE('',*,*,#959,.F.);
#1239=ORIENTED_EDGE('',*,*,#960,.T.);
#1240=ORIENTED_EDGE('',*,*,#939,.F.);
#1241=ORIENTED_EDGE('',*,*,#933,.F.);
#1242=ORIENTED_EDGE('',*,*,#955,.T.);
#1243=ORIENTED_EDGE('',*,*,#935,.T.);
#1244=ORIENTED_EDGE('',*,*,#941,.F.);
#1245=ORIENTED_EDGE('',*,*,#961,.F.);
#1246=ORIENTED_EDGE('',*,*,#962,.F.);
#1247=ORIENTED_EDGE('',*,*,#963,.T.);
#1248=ORIENTED_EDGE('',*,*,#964,.F.);
#1249=ORIENTED_EDGE('',*,*,#965,.F.);
#1250=ORIENTED_EDGE('',*,*,#966,.F.);
#1251=ORIENTED_EDGE('',*,*,#967,.T.);
#1252=ORIENTED_EDGE('',*,*,#964,.T.);
#1253=ORIENTED_EDGE('',*,*,#968,.T.);
#1254=ORIENTED_EDGE('',*,*,#969,.T.);
#1255=ORIENTED_EDGE('',*,*,#970,.F.);
#1256=ORIENTED_EDGE('',*,*,#971,.F.);
#1257=ORIENTED_EDGE('',*,*,#972,.F.);
#1258=ORIENTED_EDGE('',*,*,#973,.T.);
#1259=ORIENTED_EDGE('',*,*,#974,.T.);
#1260=ORIENTED_EDGE('',*,*,#975,.F.);
#1261=ORIENTED_EDGE('',*,*,#976,.F.);
#1262=ORIENTED_EDGE('',*,*,#977,.F.);
#1263=ORIENTED_EDGE('',*,*,#948,.T.);
#1264=ORIENTED_EDGE('',*,*,#978,.T.);
#1265=ORIENTED_EDGE('',*,*,#979,.T.);
#1266=ORIENTED_EDGE('',*,*,#980,.T.);
#1267=ORIENTED_EDGE('',*,*,#981,.T.);
#1268=ORIENTED_EDGE('',*,*,#982,.T.);
#1269=ORIENTED_EDGE('',*,*,#983,.T.);
#1270=ORIENTED_EDGE('',*,*,#984,.T.);
#1271=ORIENTED_EDGE('',*,*,#985,.T.);
#1272=ORIENTED_EDGE('',*,*,#986,.T.);
#1273=ORIENTED_EDGE('',*,*,#987,.F.);
#1274=ORIENTED_EDGE('',*,*,#988,.F.);
#1275=ORIENTED_EDGE('',*,*,#970,.T.);
#1276=ORIENTED_EDGE('',*,*,#989,.T.);
#1277=ORIENTED_EDGE('',*,*,#990,.T.);
#1278=ORIENTED_EDGE('',*,*,#991,.T.);
#1279=ORIENTED_EDGE('',*,*,#992,.F.);
#1280=ORIENTED_EDGE('',*,*,#993,.T.);
#1281=ORIENTED_EDGE('',*,*,#994,.T.);
#1282=ORIENTED_EDGE('',*,*,#966,.T.);
#1283=ORIENTED_EDGE('',*,*,#995,.T.);
#1284=ORIENTED_EDGE('',*,*,#996,.T.);
#1285=ORIENTED_EDGE('',*,*,#997,.F.);
#1286=ORIENTED_EDGE('',*,*,#998,.T.);
#1287=ORIENTED_EDGE('',*,*,#999,.T.);
#1288=ORIENTED_EDGE('',*,*,#1000,.F.);
#1289=ORIENTED_EDGE('',*,*,#1001,.F.);
#1290=ORIENTED_EDGE('',*,*,#1002,.F.);
#1291=ORIENTED_EDGE('',*,*,#1003,.F.);
#1292=ORIENTED_EDGE('',*,*,#1004,.F.);
#1293=ORIENTED_EDGE('',*,*,#1005,.F.);
#1294=ORIENTED_EDGE('',*,*,#986,.F.);
#1295=ORIENTED_EDGE('',*,*,#1006,.T.);
#1296=ORIENTED_EDGE('',*,*,#1007,.T.);
#1297=ORIENTED_EDGE('',*,*,#1008,.F.);
#1298=ORIENTED_EDGE('',*,*,#1009,.F.);
#1299=ORIENTED_EDGE('',*,*,#1010,.T.);
#1300=ORIENTED_EDGE('',*,*,#1000,.T.);
#1301=ORIENTED_EDGE('',*,*,#1002,.T.);
#1302=ORIENTED_EDGE('',*,*,#1011,.F.);
#1303=ORIENTED_EDGE('',*,*,#1012,.F.);
#1304=ORIENTED_EDGE('',*,*,#1013,.T.);
#1305=ORIENTED_EDGE('',*,*,#1014,.T.);
#1306=ORIENTED_EDGE('',*,*,#993,.F.);
#1307=ORIENTED_EDGE('',*,*,#1015,.F.);
#1308=ORIENTED_EDGE('',*,*,#1008,.T.);
#1309=ORIENTED_EDGE('',*,*,#1016,.T.);
#1310=ORIENTED_EDGE('',*,*,#981,.F.);
#1311=ORIENTED_EDGE('',*,*,#1017,.T.);
#1312=ORIENTED_EDGE('',*,*,#996,.F.);
#1313=ORIENTED_EDGE('',*,*,#1004,.T.);
#1314=ORIENTED_EDGE('',*,*,#1018,.F.);
#1315=ORIENTED_EDGE('',*,*,#1019,.T.);
#1316=ORIENTED_EDGE('',*,*,#1020,.F.);
#1317=ORIENTED_EDGE('',*,*,#1003,.T.);
#1318=ORIENTED_EDGE('',*,*,#1013,.F.);
#1319=ORIENTED_EDGE('',*,*,#1021,.F.);
#1320=ORIENTED_EDGE('',*,*,#1018,.T.);
#1321=ORIENTED_EDGE('',*,*,#965,.T.);
#1322=ORIENTED_EDGE('',*,*,#982,.F.);
#1323=ORIENTED_EDGE('',*,*,#1016,.F.);
#1324=ORIENTED_EDGE('',*,*,#995,.F.);
#1325=ORIENTED_EDGE('',*,*,#989,.F.);
#1326=ORIENTED_EDGE('',*,*,#1014,.F.);
#1327=ORIENTED_EDGE('',*,*,#1007,.F.);
#1328=ORIENTED_EDGE('',*,*,#1022,.F.);
#1329=ORIENTED_EDGE('',*,*,#1023,.F.);
#1330=ORIENTED_EDGE('',*,*,#1022,.T.);
#1331=ORIENTED_EDGE('',*,*,#1006,.F.);
#1332=ORIENTED_EDGE('',*,*,#999,.F.);
#1333=ORIENTED_EDGE('',*,*,#985,.F.);
#1334=ORIENTED_EDGE('',*,*,#1024,.F.);
#1335=ORIENTED_EDGE('',*,*,#1025,.T.);
#1336=ORIENTED_EDGE('',*,*,#1026,.F.);
#1337=ORIENTED_EDGE('',*,*,#1027,.T.);
#1338=ORIENTED_EDGE('',*,*,#1028,.F.);
#1339=ORIENTED_EDGE('',*,*,#1029,.F.);
#1340=ORIENTED_EDGE('',*,*,#991,.F.);
#1341=ORIENTED_EDGE('',*,*,#1030,.T.);
#1342=ORIENTED_EDGE('',*,*,#1031,.F.);
#1343=ORIENTED_EDGE('',*,*,#1027,.F.);
#1344=ORIENTED_EDGE('',*,*,#1032,.F.);
#1345=ORIENTED_EDGE('',*,*,#1031,.T.);
#1346=ORIENTED_EDGE('',*,*,#1033,.T.);
#1347=ORIENTED_EDGE('',*,*,#1034,.T.);
#1348=ORIENTED_EDGE('',*,*,#1028,.T.);
#1349=ORIENTED_EDGE('',*,*,#1032,.T.);
#1350=ORIENTED_EDGE('',*,*,#1035,.F.);
#1351=ORIENTED_EDGE('',*,*,#1036,.T.);
#1352=ORIENTED_EDGE('',*,*,#1015,.T.);
#1353=ORIENTED_EDGE('',*,*,#992,.T.);
#1354=ORIENTED_EDGE('',*,*,#1037,.T.);
#1355=ORIENTED_EDGE('',*,*,#1038,.F.);
#1356=ORIENTED_EDGE('',*,*,#1039,.T.);
#1357=ORIENTED_EDGE('',*,*,#1024,.T.);
#1358=ORIENTED_EDGE('',*,*,#984,.F.);
#1359=ORIENTED_EDGE('',*,*,#969,.F.);
#1360=ORIENTED_EDGE('',*,*,#1040,.T.);
#1361=ORIENTED_EDGE('',*,*,#1038,.T.);
#1362=ORIENTED_EDGE('',*,*,#1041,.T.);
#1363=ORIENTED_EDGE('',*,*,#1042,.T.);
#1364=ORIENTED_EDGE('',*,*,#946,.T.);
#1365=ORIENTED_EDGE('',*,*,#1043,.T.);
#1366=ORIENTED_EDGE('',*,*,#1044,.T.);
#1367=ORIENTED_EDGE('',*,*,#1045,.T.);
#1368=ORIENTED_EDGE('',*,*,#1046,.T.);
#1369=ORIENTED_EDGE('',*,*,#994,.F.);
#1370=ORIENTED_EDGE('',*,*,#1047,.T.);
#1371=ORIENTED_EDGE('',*,*,#1046,.F.);
#1372=ORIENTED_EDGE('',*,*,#1047,.F.);
#1373=ORIENTED_EDGE('',*,*,#1048,.T.);
#1374=ORIENTED_EDGE('',*,*,#1049,.T.);
#1375=ORIENTED_EDGE('',*,*,#1050,.T.);
#1376=ORIENTED_EDGE('',*,*,#1051,.T.);
#1377=ORIENTED_EDGE('',*,*,#1052,.T.);
#1378=ORIENTED_EDGE('',*,*,#1053,.T.);
#1379=ORIENTED_EDGE('',*,*,#1054,.T.);
#1380=ORIENTED_EDGE('',*,*,#1055,.T.);
#1381=ORIENTED_EDGE('',*,*,#1056,.T.);
#1382=ORIENTED_EDGE('',*,*,#1057,.T.);
#1383=ORIENTED_EDGE('',*,*,#971,.T.);
#1384=ORIENTED_EDGE('',*,*,#988,.T.);
#1385=ORIENTED_EDGE('',*,*,#1020,.T.);
#1386=ORIENTED_EDGE('',*,*,#1058,.T.);
#1387=ORIENTED_EDGE('',*,*,#1059,.T.);
#1388=ORIENTED_EDGE('',*,*,#1060,.T.);
#1389=ORIENTED_EDGE('',*,*,#950,.T.);
#1390=ORIENTED_EDGE('',*,*,#1061,.F.);
#1391=ORIENTED_EDGE('',*,*,#1062,.F.);
#1392=ORIENTED_EDGE('',*,*,#1063,.F.);
#1393=ORIENTED_EDGE('',*,*,#1064,.F.);
#1394=ORIENTED_EDGE('',*,*,#1048,.F.);
#1395=ORIENTED_EDGE('',*,*,#987,.T.);
#1396=ORIENTED_EDGE('',*,*,#1005,.T.);
#1397=ORIENTED_EDGE('',*,*,#1065,.F.);
#1398=ORIENTED_EDGE('',*,*,#1057,.F.);
#1399=ORIENTED_EDGE('',*,*,#1066,.T.);
#1400=ORIENTED_EDGE('',*,*,#1067,.T.);
#1401=ORIENTED_EDGE('',*,*,#972,.T.);
#1402=ORIENTED_EDGE('',*,*,#1056,.F.);
#1403=ORIENTED_EDGE('',*,*,#1068,.F.);
#1404=ORIENTED_EDGE('',*,*,#1069,.T.);
#1405=ORIENTED_EDGE('',*,*,#1070,.F.);
#1406=ORIENTED_EDGE('',*,*,#1071,.T.);
#1407=ORIENTED_EDGE('',*,*,#1072,.T.);
#1408=ORIENTED_EDGE('',*,*,#1066,.F.);
#1409=ORIENTED_EDGE('',*,*,#1073,.F.);
#1410=ORIENTED_EDGE('',*,*,#1051,.F.);
#1411=ORIENTED_EDGE('',*,*,#1074,.T.);
#1412=ORIENTED_EDGE('',*,*,#1075,.T.);
#1413=ORIENTED_EDGE('',*,*,#1076,.F.);
#1414=ORIENTED_EDGE('',*,*,#1077,.T.);
#1415=ORIENTED_EDGE('',*,*,#1068,.T.);
#1416=ORIENTED_EDGE('',*,*,#1055,.F.);
#1417=ORIENTED_EDGE('',*,*,#1078,.F.);
#1418=ORIENTED_EDGE('',*,*,#1079,.F.);
#1419=ORIENTED_EDGE('',*,*,#1080,.F.);
#1420=ORIENTED_EDGE('',*,*,#1063,.T.);
#1421=ORIENTED_EDGE('',*,*,#1081,.T.);
#1422=ORIENTED_EDGE('',*,*,#1082,.T.);
#1423=ORIENTED_EDGE('',*,*,#1083,.T.);
#1424=ORIENTED_EDGE('',*,*,#1081,.F.);
#1425=ORIENTED_EDGE('',*,*,#1062,.T.);
#1426=ORIENTED_EDGE('',*,*,#1084,.F.);
#1427=ORIENTED_EDGE('',*,*,#1085,.F.);
#1428=ORIENTED_EDGE('',*,*,#1086,.T.);
#1429=ORIENTED_EDGE('',*,*,#1084,.T.);
#1430=ORIENTED_EDGE('',*,*,#1061,.T.);
#1431=ORIENTED_EDGE('',*,*,#949,.T.);
#1432=ORIENTED_EDGE('',*,*,#977,.T.);
#1433=ORIENTED_EDGE('',*,*,#1087,.T.);
#1434=ORIENTED_EDGE('',*,*,#1088,.T.);
#1435=ORIENTED_EDGE('',*,*,#1089,.T.);
#1436=ORIENTED_EDGE('',*,*,#1050,.F.);
#1437=ORIENTED_EDGE('',*,*,#1090,.T.);
#1438=ORIENTED_EDGE('',*,*,#1082,.F.);
#1439=ORIENTED_EDGE('',*,*,#1085,.T.);
#1440=ORIENTED_EDGE('',*,*,#1086,.F.);
#1441=ORIENTED_EDGE('',*,*,#1091,.T.);
#1442=ORIENTED_EDGE('',*,*,#1074,.F.);
#1443=ORIENTED_EDGE('',*,*,#1092,.T.);
#1444=ORIENTED_EDGE('',*,*,#1093,.F.);
#1445=ORIENTED_EDGE('',*,*,#1089,.F.);
#1446=ORIENTED_EDGE('',*,*,#1094,.F.);
#1447=ORIENTED_EDGE('',*,*,#1075,.F.);
#1448=ORIENTED_EDGE('',*,*,#1091,.F.);
#1449=ORIENTED_EDGE('',*,*,#1060,.F.);
#1450=ORIENTED_EDGE('',*,*,#1095,.F.);
#1451=ORIENTED_EDGE('',*,*,#1096,.F.);
#1452=ORIENTED_EDGE('',*,*,#951,.F.);
#1453=ORIENTED_EDGE('',*,*,#940,.T.);
#1454=ORIENTED_EDGE('',*,*,#960,.F.);
#1455=ORIENTED_EDGE('',*,*,#1097,.T.);
#1456=ORIENTED_EDGE('',*,*,#1098,.F.);
#1457=ORIENTED_EDGE('',*,*,#1095,.T.);
#1458=ORIENTED_EDGE('',*,*,#1059,.F.);
#1459=ORIENTED_EDGE('',*,*,#1099,.T.);
#1460=ORIENTED_EDGE('',*,*,#961,.T.);
#1461=ORIENTED_EDGE('',*,*,#1058,.F.);
#1462=ORIENTED_EDGE('',*,*,#1019,.F.);
#1463=ORIENTED_EDGE('',*,*,#1100,.F.);
#1464=ORIENTED_EDGE('',*,*,#962,.T.);
#1465=ORIENTED_EDGE('',*,*,#1099,.F.);
#1466=ORIENTED_EDGE('',*,*,#1101,.T.);
#1467=ORIENTED_EDGE('',*,*,#953,.F.);
#1468=ORIENTED_EDGE('',*,*,#1102,.F.);
#1469=ORIENTED_EDGE('',*,*,#1103,.F.);
#1470=ORIENTED_EDGE('',*,*,#959,.T.);
#1471=ORIENTED_EDGE('',*,*,#1104,.F.);
#1472=ORIENTED_EDGE('',*,*,#1105,.F.);
#1473=ORIENTED_EDGE('',*,*,#1097,.F.);
#1474=ORIENTED_EDGE('',*,*,#997,.T.);
#1475=ORIENTED_EDGE('',*,*,#1017,.F.);
#1476=ORIENTED_EDGE('',*,*,#980,.F.);
#1477=ORIENTED_EDGE('',*,*,#1106,.F.);
#1478=ORIENTED_EDGE('',*,*,#978,.F.);
#1479=ORIENTED_EDGE('',*,*,#947,.F.);
#1480=ORIENTED_EDGE('',*,*,#1042,.F.);
#1481=ORIENTED_EDGE('',*,*,#1107,.F.);
#1482=ORIENTED_EDGE('',*,*,#1108,.F.);
#1483=ORIENTED_EDGE('',*,*,#1043,.F.);
#1484=ORIENTED_EDGE('',*,*,#945,.F.);
#1485=ORIENTED_EDGE('',*,*,#1109,.T.);
#1486=ORIENTED_EDGE('',*,*,#1110,.F.);
#1487=ORIENTED_EDGE('',*,*,#1111,.T.);
#1488=ORIENTED_EDGE('',*,*,#1112,.T.);
#1489=ORIENTED_EDGE('',*,*,#1021,.T.);
#1490=ORIENTED_EDGE('',*,*,#1113,.T.);
#1491=ORIENTED_EDGE('',*,*,#1114,.F.);
#1492=ORIENTED_EDGE('',*,*,#1115,.F.);
#1493=ORIENTED_EDGE('',*,*,#1012,.T.);
#1494=ORIENTED_EDGE('',*,*,#1116,.F.);
#1495=ORIENTED_EDGE('',*,*,#1117,.F.);
#1496=ORIENTED_EDGE('',*,*,#1118,.F.);
#1497=ORIENTED_EDGE('',*,*,#1113,.F.);
#1498=ORIENTED_EDGE('',*,*,#1119,.F.);
#1499=ORIENTED_EDGE('',*,*,#1120,.T.);
#1500=ORIENTED_EDGE('',*,*,#1121,.F.);
#1501=ORIENTED_EDGE('',*,*,#1116,.T.);
#1502=ORIENTED_EDGE('',*,*,#1011,.T.);
#1503=ORIENTED_EDGE('',*,*,#1001,.T.);
#1504=ORIENTED_EDGE('',*,*,#1010,.F.);
#1505=ORIENTED_EDGE('',*,*,#1009,.T.);
#1506=ORIENTED_EDGE('',*,*,#1036,.F.);
#1507=ORIENTED_EDGE('',*,*,#1122,.T.);
#1508=ORIENTED_EDGE('',*,*,#1119,.T.);
#1509=ORIENTED_EDGE('',*,*,#1035,.T.);
#1510=ORIENTED_EDGE('',*,*,#1026,.T.);
#1511=ORIENTED_EDGE('',*,*,#1123,.F.);
#1512=ORIENTED_EDGE('',*,*,#1120,.F.);
#1513=ORIENTED_EDGE('',*,*,#1122,.F.);
#1514=ORIENTED_EDGE('',*,*,#1124,.F.);
#1515=ORIENTED_EDGE('',*,*,#1125,.T.);
#1516=ORIENTED_EDGE('',*,*,#1117,.T.);
#1517=ORIENTED_EDGE('',*,*,#1121,.T.);
#1518=ORIENTED_EDGE('',*,*,#1123,.T.);
#1519=ORIENTED_EDGE('',*,*,#1029,.T.);
#1520=ORIENTED_EDGE('',*,*,#1034,.F.);
#1521=ORIENTED_EDGE('',*,*,#1126,.T.);
#1522=ORIENTED_EDGE('',*,*,#1045,.F.);
#1523=ORIENTED_EDGE('',*,*,#1127,.T.);
#1524=ORIENTED_EDGE('',*,*,#1118,.T.);
#1525=ORIENTED_EDGE('',*,*,#1125,.F.);
#1526=ORIENTED_EDGE('',*,*,#1128,.F.);
#1527=ORIENTED_EDGE('',*,*,#1129,.F.);
#1528=ORIENTED_EDGE('',*,*,#1114,.T.);
#1529=ORIENTED_EDGE('',*,*,#1124,.T.);
#1530=ORIENTED_EDGE('',*,*,#1130,.T.);
#1531=ORIENTED_EDGE('',*,*,#1112,.F.);
#1532=ORIENTED_EDGE('',*,*,#1131,.F.);
#1533=ORIENTED_EDGE('',*,*,#1127,.F.);
#1534=ORIENTED_EDGE('',*,*,#1044,.F.);
#1535=ORIENTED_EDGE('',*,*,#1108,.T.);
#1536=ORIENTED_EDGE('',*,*,#1130,.F.);
#1537=ORIENTED_EDGE('',*,*,#1040,.F.);
#1538=ORIENTED_EDGE('',*,*,#1126,.F.);
#1539=ORIENTED_EDGE('',*,*,#1033,.F.);
#1540=ORIENTED_EDGE('',*,*,#1030,.F.);
#1541=ORIENTED_EDGE('',*,*,#990,.F.);
#1542=ORIENTED_EDGE('',*,*,#1023,.T.);
#1543=ORIENTED_EDGE('',*,*,#1025,.F.);
#1544=ORIENTED_EDGE('',*,*,#1039,.F.);
#1545=ORIENTED_EDGE('',*,*,#1128,.T.);
#1546=ORIENTED_EDGE('',*,*,#1131,.T.);
#1547=ORIENTED_EDGE('',*,*,#1111,.F.);
#1548=ORIENTED_EDGE('',*,*,#1132,.F.);
#1549=ORIENTED_EDGE('',*,*,#1133,.F.);
#1550=ORIENTED_EDGE('',*,*,#1134,.F.);
#1551=ORIENTED_EDGE('',*,*,#1135,.F.);
#1552=ORIENTED_EDGE('',*,*,#1136,.F.);
#1553=ORIENTED_EDGE('',*,*,#1137,.F.);
#1554=ORIENTED_EDGE('',*,*,#1138,.F.);
#1555=ORIENTED_EDGE('',*,*,#1139,.F.);
#1556=ORIENTED_EDGE('',*,*,#1140,.F.);
#1557=ORIENTED_EDGE('',*,*,#1139,.T.);
#1558=ORIENTED_EDGE('',*,*,#1141,.F.);
#1559=ORIENTED_EDGE('',*,*,#1142,.F.);
#1560=ORIENTED_EDGE('',*,*,#1143,.T.);
#1561=ORIENTED_EDGE('',*,*,#1138,.T.);
#1562=ORIENTED_EDGE('',*,*,#1144,.F.);
#1563=ORIENTED_EDGE('',*,*,#1145,.F.);
#1564=ORIENTED_EDGE('',*,*,#1141,.T.);
#1565=ORIENTED_EDGE('',*,*,#1137,.T.);
#1566=ORIENTED_EDGE('',*,*,#1146,.F.);
#1567=ORIENTED_EDGE('',*,*,#1147,.F.);
#1568=ORIENTED_EDGE('',*,*,#1144,.T.);
#1569=ORIENTED_EDGE('',*,*,#1136,.T.);
#1570=ORIENTED_EDGE('',*,*,#1148,.F.);
#1571=ORIENTED_EDGE('',*,*,#1149,.F.);
#1572=ORIENTED_EDGE('',*,*,#1146,.T.);
#1573=ORIENTED_EDGE('',*,*,#1135,.T.);
#1574=ORIENTED_EDGE('',*,*,#1150,.F.);
#1575=ORIENTED_EDGE('',*,*,#1151,.F.);
#1576=ORIENTED_EDGE('',*,*,#1148,.T.);
#1577=ORIENTED_EDGE('',*,*,#1134,.T.);
#1578=ORIENTED_EDGE('',*,*,#1152,.F.);
#1579=ORIENTED_EDGE('',*,*,#1153,.F.);
#1580=ORIENTED_EDGE('',*,*,#1150,.T.);
#1581=ORIENTED_EDGE('',*,*,#1096,.T.);
#1582=ORIENTED_EDGE('',*,*,#1098,.T.);
#1583=ORIENTED_EDGE('',*,*,#1105,.T.);
#1584=ORIENTED_EDGE('',*,*,#1154,.F.);
#1585=ORIENTED_EDGE('',*,*,#1142,.T.);
#1586=ORIENTED_EDGE('',*,*,#1145,.T.);
#1587=ORIENTED_EDGE('',*,*,#1147,.T.);
#1588=ORIENTED_EDGE('',*,*,#1149,.T.);
#1589=ORIENTED_EDGE('',*,*,#1151,.T.);
#1590=ORIENTED_EDGE('',*,*,#1153,.T.);
#1591=ORIENTED_EDGE('',*,*,#1155,.T.);
#1592=ORIENTED_EDGE('',*,*,#1156,.F.);
#1593=ORIENTED_EDGE('',*,*,#1102,.T.);
#1594=ORIENTED_EDGE('',*,*,#952,.T.);
#1595=ORIENTED_EDGE('',*,*,#1133,.T.);
#1596=ORIENTED_EDGE('',*,*,#1157,.F.);
#1597=ORIENTED_EDGE('',*,*,#1155,.F.);
#1598=ORIENTED_EDGE('',*,*,#1152,.T.);
#1599=ORIENTED_EDGE('',*,*,#979,.F.);
#1600=ORIENTED_EDGE('',*,*,#1107,.T.);
#1601=ORIENTED_EDGE('',*,*,#1041,.F.);
#1602=ORIENTED_EDGE('',*,*,#1037,.F.);
#1603=ORIENTED_EDGE('',*,*,#968,.F.);
#1604=ORIENTED_EDGE('',*,*,#967,.F.);
#1605=ORIENTED_EDGE('',*,*,#998,.F.);
#1606=ORIENTED_EDGE('',*,*,#1106,.T.);
#1607=ORIENTED_EDGE('',*,*,#956,.T.);
#1608=ORIENTED_EDGE('',*,*,#963,.F.);
#1609=ORIENTED_EDGE('',*,*,#1100,.T.);
#1610=ORIENTED_EDGE('',*,*,#1115,.T.);
#1611=ORIENTED_EDGE('',*,*,#1129,.T.);
#1612=ORIENTED_EDGE('',*,*,#1140,.T.);
#1613=ORIENTED_EDGE('',*,*,#1143,.F.);
#1614=ORIENTED_EDGE('',*,*,#1154,.T.);
#1615=ORIENTED_EDGE('',*,*,#1104,.T.);
#1616=ORIENTED_EDGE('',*,*,#958,.T.);
#1617=ORIENTED_EDGE('',*,*,#1092,.F.);
#1618=ORIENTED_EDGE('',*,*,#1158,.T.);
#1619=ORIENTED_EDGE('',*,*,#1159,.T.);
#1620=ORIENTED_EDGE('',*,*,#1158,.F.);
#1621=ORIENTED_EDGE('',*,*,#983,.F.);
#1622=ORIENTED_EDGE('',*,*,#1160,.T.);
#1623=ORIENTED_EDGE('',*,*,#1065,.T.);
#1624=ORIENTED_EDGE('',*,*,#1160,.F.);
#1625=ORIENTED_EDGE('',*,*,#1161,.F.);
#1626=ORIENTED_EDGE('',*,*,#1162,.T.);
#1627=ORIENTED_EDGE('',*,*,#1163,.T.);
#1628=ORIENTED_EDGE('',*,*,#1162,.F.);
#1629=ORIENTED_EDGE('',*,*,#1073,.T.);
#1630=ORIENTED_EDGE('',*,*,#1164,.T.);
#1631=ORIENTED_EDGE('',*,*,#1165,.F.);
#1632=ORIENTED_EDGE('',*,*,#1164,.F.);
#1633=ORIENTED_EDGE('',*,*,#1054,.F.);
#1634=ORIENTED_EDGE('',*,*,#1166,.T.);
#1635=ORIENTED_EDGE('',*,*,#1167,.F.);
#1636=ORIENTED_EDGE('',*,*,#1168,.F.);
#1637=ORIENTED_EDGE('',*,*,#1169,.T.);
#1638=ORIENTED_EDGE('',*,*,#1170,.F.);
#1639=ORIENTED_EDGE('',*,*,#1171,.F.);
#1640=ORIENTED_EDGE('',*,*,#1172,.T.);
#1641=ORIENTED_EDGE('',*,*,#1078,.T.);
#1642=ORIENTED_EDGE('',*,*,#1165,.T.);
#1643=ORIENTED_EDGE('',*,*,#1072,.F.);
#1644=ORIENTED_EDGE('',*,*,#1173,.T.);
#1645=ORIENTED_EDGE('',*,*,#973,.F.);
#1646=ORIENTED_EDGE('',*,*,#1067,.F.);
#1647=ORIENTED_EDGE('',*,*,#1071,.F.);
#1648=ORIENTED_EDGE('',*,*,#1174,.T.);
#1649=ORIENTED_EDGE('',*,*,#974,.F.);
#1650=ORIENTED_EDGE('',*,*,#1173,.F.);
#1651=ORIENTED_EDGE('',*,*,#1174,.F.);
#1652=ORIENTED_EDGE('',*,*,#1070,.T.);
#1653=ORIENTED_EDGE('',*,*,#1175,.T.);
#1654=ORIENTED_EDGE('',*,*,#975,.T.);
#1655=ORIENTED_EDGE('',*,*,#1087,.F.);
#1656=ORIENTED_EDGE('',*,*,#976,.T.);
#1657=ORIENTED_EDGE('',*,*,#1175,.F.);
#1658=ORIENTED_EDGE('',*,*,#1069,.F.);
#1659=ORIENTED_EDGE('',*,*,#1077,.F.);
#1660=ORIENTED_EDGE('',*,*,#1176,.T.);
#1661=ORIENTED_EDGE('',*,*,#1177,.T.);
#1662=ORIENTED_EDGE('',*,*,#1170,.T.);
#1663=ORIENTED_EDGE('',*,*,#1178,.F.);
#1664=ORIENTED_EDGE('',*,*,#1179,.F.);
#1665=ORIENTED_EDGE('',*,*,#1180,.T.);
#1666=ORIENTED_EDGE('',*,*,#1163,.F.);
#1667=ORIENTED_EDGE('',*,*,#1180,.F.);
#1668=ORIENTED_EDGE('',*,*,#1181,.T.);
#1669=ORIENTED_EDGE('',*,*,#1093,.T.);
#1670=ORIENTED_EDGE('',*,*,#1181,.F.);
#1671=ORIENTED_EDGE('',*,*,#1182,.T.);
#1672=ORIENTED_EDGE('',*,*,#1171,.T.);
#1673=ORIENTED_EDGE('',*,*,#1177,.F.);
#1674=ORIENTED_EDGE('',*,*,#1183,.T.);
#1675=ORIENTED_EDGE('',*,*,#1172,.F.);
#1676=ORIENTED_EDGE('',*,*,#1182,.F.);
#1677=ORIENTED_EDGE('',*,*,#1184,.F.);
#1678=ORIENTED_EDGE('',*,*,#1079,.T.);
#1679=ORIENTED_EDGE('',*,*,#1185,.T.);
#1680=ORIENTED_EDGE('',*,*,#1168,.T.);
#1681=ORIENTED_EDGE('',*,*,#1186,.F.);
#1682=ORIENTED_EDGE('',*,*,#1187,.T.);
#1683=ORIENTED_EDGE('',*,*,#1169,.F.);
#1684=ORIENTED_EDGE('',*,*,#1185,.F.);
#1685=ORIENTED_EDGE('',*,*,#1188,.F.);
#1686=ORIENTED_EDGE('',*,*,#1178,.T.);
#1687=ORIENTED_EDGE('',*,*,#1053,.F.);
#1688=ORIENTED_EDGE('',*,*,#1189,.F.);
#1689=ORIENTED_EDGE('',*,*,#1190,.T.);
#1690=ORIENTED_EDGE('',*,*,#1166,.F.);
#1691=ORIENTED_EDGE('',*,*,#1186,.T.);
#1692=ORIENTED_EDGE('',*,*,#1167,.T.);
#1693=ORIENTED_EDGE('',*,*,#1190,.F.);
#1694=ORIENTED_EDGE('',*,*,#1191,.T.);
#1695=ORIENTED_EDGE('',*,*,#1049,.F.);
#1696=ORIENTED_EDGE('',*,*,#1064,.T.);
#1697=ORIENTED_EDGE('',*,*,#1083,.F.);
#1698=ORIENTED_EDGE('',*,*,#1090,.F.);
#1699=ORIENTED_EDGE('',*,*,#1052,.F.);
#1700=ORIENTED_EDGE('',*,*,#1080,.T.);
#1701=ORIENTED_EDGE('',*,*,#1184,.T.);
#1702=ORIENTED_EDGE('',*,*,#1183,.F.);
#1703=ORIENTED_EDGE('',*,*,#1176,.F.);
#1704=ORIENTED_EDGE('',*,*,#1076,.T.);
#1705=ORIENTED_EDGE('',*,*,#1094,.T.);
#1706=ORIENTED_EDGE('',*,*,#1088,.F.);
#1707=ORIENTED_EDGE('',*,*,#1179,.T.);
#1708=ORIENTED_EDGE('',*,*,#1188,.T.);
#1709=ORIENTED_EDGE('',*,*,#1187,.F.);
#1710=ORIENTED_EDGE('',*,*,#1191,.F.);
#1711=ORIENTED_EDGE('',*,*,#1189,.T.);
#1712=ORIENTED_EDGE('',*,*,#1161,.T.);
#1713=ORIENTED_EDGE('',*,*,#1159,.F.);
#1714=ORIENTED_EDGE('',*,*,#1192,.T.);
#1715=ORIENTED_EDGE('',*,*,#1193,.F.);
#1716=ORIENTED_EDGE('',*,*,#1103,.T.);
#1717=ORIENTED_EDGE('',*,*,#1156,.T.);
#1718=ORIENTED_EDGE('',*,*,#1157,.T.);
#1719=ORIENTED_EDGE('',*,*,#1132,.T.);
#1720=ORIENTED_EDGE('',*,*,#1110,.T.);
#1721=ORIENTED_EDGE('',*,*,#1194,.T.);
#1722=ORIENTED_EDGE('',*,*,#1195,.F.);
#1723=ORIENTED_EDGE('',*,*,#1192,.F.);
#1724=ORIENTED_EDGE('',*,*,#1196,.F.);
#1725=ORIENTED_EDGE('',*,*,#1197,.F.);
#1726=ORIENTED_EDGE('',*,*,#1195,.T.);
#1727=ORIENTED_EDGE('',*,*,#1198,.F.);
#1728=ORIENTED_EDGE('',*,*,#1199,.F.);
#1729=ORIENTED_EDGE('',*,*,#954,.F.);
#1730=ORIENTED_EDGE('',*,*,#1101,.F.);
#1731=ORIENTED_EDGE('',*,*,#1193,.T.);
#1732=ORIENTED_EDGE('',*,*,#1197,.T.);
#1733=ORIENTED_EDGE('',*,*,#1200,.T.);
#1734=ORIENTED_EDGE('',*,*,#1201,.F.);
#1735=ORIENTED_EDGE('',*,*,#1198,.T.);
#1736=ORIENTED_EDGE('',*,*,#1202,.T.);
#1737=ORIENTED_EDGE('',*,*,#1196,.T.);
#1738=ORIENTED_EDGE('',*,*,#1194,.F.);
#1739=ORIENTED_EDGE('',*,*,#1109,.F.);
#1740=ORIENTED_EDGE('',*,*,#944,.T.);
#1741=ORIENTED_EDGE('',*,*,#1203,.F.);
#1742=ORIENTED_EDGE('',*,*,#1200,.F.);
#1743=ORIENTED_EDGE('',*,*,#1199,.T.);
#1744=ORIENTED_EDGE('',*,*,#1201,.T.);
#1745=ORIENTED_EDGE('',*,*,#1203,.T.);
#1746=ORIENTED_EDGE('',*,*,#943,.T.);
#1747=ORIENTED_EDGE('',*,*,#1202,.F.);
#1748=ORIENTED_EDGE('',*,*,#1204,.T.);
#1749=ORIENTED_EDGE('',*,*,#942,.F.);
#1750=ORIENTED_EDGE('',*,*,#1204,.F.);
#1751=PLANE('',#1938);
#1752=PLANE('',#1942);
#1753=PLANE('',#1943);
#1754=PLANE('',#1944);
#1755=PLANE('',#1946);
#1756=PLANE('',#1947);
#1757=PLANE('',#1948);
#1758=PLANE('',#1949);
#1759=PLANE('',#1950);
#1760=PLANE('',#1951);
#1761=PLANE('',#1956);
#1762=PLANE('',#1957);
#1763=PLANE('',#1959);
#1764=PLANE('',#1960);
#1765=PLANE('',#1961);
#1766=PLANE('',#1962);
#1767=PLANE('',#1963);
#1768=PLANE('',#1964);
#1769=PLANE('',#1965);
#1770=PLANE('',#1966);
#1771=PLANE('',#1967);
#1772=PLANE('',#1968);
#1773=PLANE('',#1969);
#1774=PLANE('',#1970);
#1775=PLANE('',#1971);
#1776=PLANE('',#1972);
#1777=PLANE('',#1973);
#1778=PLANE('',#1983);
#1779=PLANE('',#1988);
#1780=PLANE('',#1989);
#1781=PLANE('',#1991);
#1782=PLANE('',#1994);
#1783=PLANE('',#1998);
#1784=PLANE('',#2001);
#1785=PLANE('',#2004);
#1786=PLANE('',#2005);
#1787=PLANE('',#2006);
#1788=PLANE('',#2007);
#1789=PLANE('',#2008);
#1790=PLANE('',#2010);
#1791=PLANE('',#2011);
#1792=PLANE('',#2012);
#1793=PLANE('',#2013);
#1794=PLANE('',#2014);
#1795=PLANE('',#2015);
#1796=PLANE('',#2016);
#1797=PLANE('',#2017);
#1798=PLANE('',#2018);
#1799=PLANE('',#2019);
#1800=PLANE('',#2020);
#1801=PLANE('',#2021);
#1802=PLANE('',#2022);
#1803=PLANE('',#2023);
#1804=PLANE('',#2024);
#1805=PLANE('',#2025);
#1806=PLANE('',#2026);
#1807=PLANE('',#2027);
#1808=PLANE('',#2036);
#1809=PLANE('',#2037);
#1810=PLANE('',#2038);
#1811=PLANE('',#2039);
#1812=PLANE('',#2040);
#1813=PLANE('',#2041);
#1814=PLANE('',#2044);
#1815=PLANE('',#2045);
#1816=PLANE('',#2046);
#1817=PLANE('',#2047);
#1818=PLANE('',#2048);
#1819=PLANE('',#2049);
#1820=PLANE('',#2050);
#1821=PLANE('',#2051);
#1822=PLANE('',#2052);
#1823=PLANE('',#2053);
#1824=PLANE('',#2054);
#1825=PLANE('',#2055);
#1826=PLANE('',#2057);
#1827=PLANE('',#2058);
#1828=ADVANCED_FACE('',(#93,#48),#1751,.T.);
#1829=ADVANCED_FACE('',(#94),#35,.F.);
#1830=ADVANCED_FACE('',(#95),#1752,.T.);
#1831=ADVANCED_FACE('',(#96),#1753,.F.);
#1832=ADVANCED_FACE('',(#97),#1754,.F.);
#1833=ADVANCED_FACE('',(#98),#1755,.F.);
#1834=ADVANCED_FACE('',(#99),#1756,.F.);
#1835=ADVANCED_FACE('',(#100),#1757,.T.);
#1836=ADVANCED_FACE('',(#101),#1758,.T.);
#1837=ADVANCED_FACE('',(#102),#1759,.T.);
#1838=ADVANCED_FACE('',(#103,#49),#1760,.T.);
#1839=ADVANCED_FACE('',(#104),#1761,.F.);
#1840=ADVANCED_FACE('',(#105,#50),#1762,.F.);
#1841=ADVANCED_FACE('',(#106),#1763,.F.);
#1842=ADVANCED_FACE('',(#107),#1764,.T.);
#1843=ADVANCED_FACE('',(#108),#23,.T.);
#1844=ADVANCED_FACE('',(#109),#1765,.T.);
#1845=ADVANCED_FACE('',(#110),#1766,.T.);
#1846=ADVANCED_FACE('',(#111),#1767,.T.);
#1847=ADVANCED_FACE('',(#112),#1768,.T.);
#1848=ADVANCED_FACE('',(#113),#24,.T.);
#1849=ADVANCED_FACE('',(#114),#1769,.T.);
#1850=ADVANCED_FACE('',(#115),#1770,.T.);
#1851=ADVANCED_FACE('',(#116),#1771,.T.);
#1852=ADVANCED_FACE('',(#117),#1772,.T.);
#1853=ADVANCED_FACE('',(#118),#1773,.T.);
#1854=ADVANCED_FACE('',(#119),#1774,.T.);
#1855=ADVANCED_FACE('',(#120),#1775,.F.);
#1856=ADVANCED_FACE('',(#121),#1776,.T.);
#1857=ADVANCED_FACE('',(#122,#51),#1777,.T.);
#1858=ADVANCED_FACE('',(#123),#36,.F.);
#1859=ADVANCED_FACE('',(#124),#37,.T.);
#1860=ADVANCED_FACE('',(#125,#52),#1778,.F.);
#1861=ADVANCED_FACE('',(#126),#1779,.F.);
#1862=ADVANCED_FACE('',(#127,#53),#1780,.T.);
#1863=ADVANCED_FACE('',(#128),#1781,.F.);
#1864=ADVANCED_FACE('',(#129),#38,.T.);
#1865=ADVANCED_FACE('',(#130),#1782,.T.);
#1866=ADVANCED_FACE('',(#131),#39,.T.);
#1867=ADVANCED_FACE('',(#132,#54,#55),#1783,.T.);
#1868=ADVANCED_FACE('',(#133),#1784,.F.);
#1869=ADVANCED_FACE('',(#134),#40,.F.);
#1870=ADVANCED_FACE('',(#135),#1785,.F.);
#1871=ADVANCED_FACE('',(#136),#1786,.F.);
#1872=ADVANCED_FACE('',(#137),#1787,.F.);
#1873=ADVANCED_FACE('',(#138),#1788,.F.);
#1874=ADVANCED_FACE('',(#139),#1789,.F.);
#1875=ADVANCED_FACE('',(#140),#41,.F.);
#1876=ADVANCED_FACE('',(#141),#1790,.F.);
#1877=ADVANCED_FACE('',(#142),#19,.T.);
#1878=ADVANCED_FACE('',(#143),#1791,.T.);
#1879=ADVANCED_FACE('',(#144),#1792,.T.);
#1880=ADVANCED_FACE('',(#145),#20,.T.);
#1881=ADVANCED_FACE('',(#146),#21,.T.);
#1882=ADVANCED_FACE('',(#147),#1793,.F.);
#1883=ADVANCED_FACE('',(#148),#22,.T.);
#1884=ADVANCED_FACE('',(#149),#1794,.F.);
#1885=ADVANCED_FACE('',(#150),#1795,.F.);
#1886=ADVANCED_FACE('',(#151),#1796,.F.);
#1887=ADVANCED_FACE('',(#152),#1797,.F.);
#1888=ADVANCED_FACE('',(#153),#1798,.F.);
#1889=ADVANCED_FACE('',(#154),#1799,.F.);
#1890=ADVANCED_FACE('',(#155),#1800,.F.);
#1891=ADVANCED_FACE('',(#156),#1801,.F.);
#1892=ADVANCED_FACE('',(#157),#1802,.F.);
#1893=ADVANCED_FACE('',(#158),#1803,.F.);
#1894=ADVANCED_FACE('',(#159),#1804,.T.);
#1895=ADVANCED_FACE('',(#160),#1805,.F.);
#1896=ADVANCED_FACE('',(#161),#1806,.F.);
#1897=ADVANCED_FACE('',(#162),#1807,.F.);
#1898=ADVANCED_FACE('',(#163),#42,.F.);
#1899=ADVANCED_FACE('',(#164),#43,.F.);
#1900=ADVANCED_FACE('',(#165),#44,.F.);
#1901=ADVANCED_FACE('',(#166),#45,.F.);
#1902=ADVANCED_FACE('',(#167,#56),#1808,.F.);
#1903=ADVANCED_FACE('',(#168),#1809,.T.);
#1904=ADVANCED_FACE('',(#169),#1810,.T.);
#1905=ADVANCED_FACE('',(#170),#1811,.F.);
#1906=ADVANCED_FACE('',(#171),#1812,.F.);
#1907=ADVANCED_FACE('',(#172,#57),#1813,.T.);
#1908=ADVANCED_FACE('',(#173),#46,.F.);
#1909=ADVANCED_FACE('',(#174),#1814,.T.);
#1910=ADVANCED_FACE('',(#175),#1815,.F.);
#1911=ADVANCED_FACE('',(#176),#1816,.T.);
#1912=ADVANCED_FACE('',(#177),#1817,.F.);
#1913=ADVANCED_FACE('',(#178),#1818,.F.);
#1914=ADVANCED_FACE('',(#179),#1819,.T.);
#1915=ADVANCED_FACE('',(#180),#1820,.T.);
#1916=ADVANCED_FACE('',(#181,#58,#59),#1821,.F.);
#1917=ADVANCED_FACE('',(#182),#1822,.F.);
#1918=ADVANCED_FACE('',(#183),#1823,.F.);
#1919=ADVANCED_FACE('',(#184),#1824,.T.);
#1920=ADVANCED_FACE('',(#185,#60),#1825,.T.);
#1921=ADVANCED_FACE('',(#186),#1826,.T.);
#1922=ADVANCED_FACE('',(#187),#1827,.T.);
#1923=ADVANCED_FACE('',(#188),#47,.F.);
#1924=CLOSED_SHELL('',(#1828,#1829,#1830,#1831,#1832,#1833,#1834,#1835,
#1836,#1837,#1838,#1839,#1840,#1841,#1842,#1843,#1844,#1845,#1846,#1847,
#1848,#1849,#1850,#1851,#1852,#1853,#1854,#1855,#1856,#1857,#1858,#1859,
#1860,#1861,#1862,#1863,#1864,#1865,#1866,#1867,#1868,#1869,#1870,#1871,
#1872,#1873,#1874,#1875,#1876,#1877,#1878,#1879,#1880,#1881,#1882,#1883,
#1884,#1885,#1886,#1887,#1888,#1889,#1890,#1891,#1892,#1893,#1894,#1895,
#1896,#1897,#1898,#1899,#1900,#1901,#1902,#1903,#1904,#1905,#1906,#1907,
#1908,#1909,#1910,#1911,#1912,#1913,#1914,#1915,#1916,#1917,#1918,#1919,
#1920,#1921,#1922,#1923));
#1925=DERIVED_UNIT_ELEMENT(#1927,1.);
#1926=DERIVED_UNIT_ELEMENT(#3334,-3.);
#1927=(
MASS_UNIT()
NAMED_UNIT(*)
SI_UNIT(.KILO.,.GRAM.)
);
#1928=DERIVED_UNIT((#1925,#1926));
#1929=MEASURE_REPRESENTATION_ITEM('density measure',
POSITIVE_RATIO_MEASURE(1425.),#1928);
#1930=PROPERTY_DEFINITION_REPRESENTATION(#1935,#1932);
#1931=PROPERTY_DEFINITION_REPRESENTATION(#1936,#1933);
#1932=REPRESENTATION('material name',(#1934),#3331);
#1933=REPRESENTATION('density',(#1929),#3331);
#1934=DESCRIPTIVE_REPRESENTATION_ITEM('Acetal Resin, White',
'Acetal Resin, White');
#1935=PROPERTY_DEFINITION('material property','material name',#3341);
#1936=PROPERTY_DEFINITION('material property','density of part',#3341);
#1937=AXIS2_PLACEMENT_3D('',#2533,#2060,#2061);
#1938=AXIS2_PLACEMENT_3D('',#2534,#2062,#2063);
#1939=AXIS2_PLACEMENT_3D('',#2544,#2068,#2069);
#1940=AXIS2_PLACEMENT_3D('',#2545,#2070,#2071);
#1941=AXIS2_PLACEMENT_3D('',#2548,#2073,#2074);
#1942=AXIS2_PLACEMENT_3D('',#2549,#2075,#2076);
#1943=AXIS2_PLACEMENT_3D('',#2555,#2080,#2081);
#1944=AXIS2_PLACEMENT_3D('',#2556,#2082,#2083);
#1945=AXIS2_PLACEMENT_3D('',#2558,#2084,#2085);
#1946=AXIS2_PLACEMENT_3D('',#2559,#2086,#2087);
#1947=AXIS2_PLACEMENT_3D('',#2584,#2100,#2101);
#1948=AXIS2_PLACEMENT_3D('',#2590,#2105,#2106);
#1949=AXIS2_PLACEMENT_3D('',#2596,#2110,#2111);
#1950=AXIS2_PLACEMENT_3D('',#2602,#2115,#2116);
#1951=AXIS2_PLACEMENT_3D('',#2611,#2121,#2122);
#1952=AXIS2_PLACEMENT_3D('',#2619,#2126,#2127);
#1953=AXIS2_PLACEMENT_3D('',#2630,#2133,#2134);
#1954=AXIS2_PLACEMENT_3D('',#2632,#2135,#2136);
#1955=AXIS2_PLACEMENT_3D('',#2641,#2141,#2142);
#1956=AXIS2_PLACEMENT_3D('',#2642,#2143,#2144);
#1957=AXIS2_PLACEMENT_3D('',#2652,#2150,#2151);
#1958=AXIS2_PLACEMENT_3D('',#2664,#2157,#2158);
#1959=AXIS2_PLACEMENT_3D('',#2665,#2159,#2160);
#1960=AXIS2_PLACEMENT_3D('',#2673,#2165,#2166);
#1961=AXIS2_PLACEMENT_3D('',#2741,#2174,#2175);
#1962=AXIS2_PLACEMENT_3D('',#2747,#2179,#2180);
#1963=AXIS2_PLACEMENT_3D('',#2750,#2183,#2184);
#1964=AXIS2_PLACEMENT_3D('',#2753,#2187,#2188);
#1965=AXIS2_PLACEMENT_3D('',#2777,#2192,#2193);
#1966=AXIS2_PLACEMENT_3D('',#2778,#2194,#2195);
#1967=AXIS2_PLACEMENT_3D('',#2782,#2198,#2199);
#1968=AXIS2_PLACEMENT_3D('',#2786,#2202,#2203);
#1969=AXIS2_PLACEMENT_3D('',#2798,#2207,#2208);
#1970=AXIS2_PLACEMENT_3D('',#2803,#2212,#2213);
#1971=AXIS2_PLACEMENT_3D('',#2807,#2216,#2217);
#1972=AXIS2_PLACEMENT_3D('',#2816,#2219,#2220);
#1973=AXIS2_PLACEMENT_3D('',#2822,#2224,#2225);
#1974=AXIS2_PLACEMENT_3D('',#2827,#2228,#2229);
#1975=AXIS2_PLACEMENT_3D('',#2834,#2233,#2234);
#1976=AXIS2_PLACEMENT_3D('',#2835,#2235,#2236);
#1977=AXIS2_PLACEMENT_3D('',#2837,#2238,#2239);
#1978=AXIS2_PLACEMENT_3D('',#2839,#2240,#2241);
#1979=AXIS2_PLACEMENT_3D('',#2843,#2243,#2244);
#1980=AXIS2_PLACEMENT_3D('',#2847,#2246,#2247);
#1981=AXIS2_PLACEMENT_3D('',#2851,#2249,#2250);
#1982=AXIS2_PLACEMENT_3D('',#2855,#2252,#2253);
#1983=AXIS2_PLACEMENT_3D('',#2857,#2255,#2256);
#1984=AXIS2_PLACEMENT_3D('',#2862,#2259,#2260);
#1985=AXIS2_PLACEMENT_3D('',#2864,#2261,#2262);
#1986=AXIS2_PLACEMENT_3D('',#2868,#2264,#2265);
#1987=AXIS2_PLACEMENT_3D('',#2871,#2267,#2268);
#1988=AXIS2_PLACEMENT_3D('',#2872,#2269,#2270);
#1989=AXIS2_PLACEMENT_3D('',#2876,#2273,#2274);
#1990=AXIS2_PLACEMENT_3D('',#2887,#2280,#2281);
#1991=AXIS2_PLACEMENT_3D('',#2888,#2282,#2283);
#1992=AXIS2_PLACEMENT_3D('',#2901,#2291,#2292);
#1993=AXIS2_PLACEMENT_3D('',#2905,#2294,#2295);
#1994=AXIS2_PLACEMENT_3D('',#2907,#2297,#2298);
#1995=AXIS2_PLACEMENT_3D('',#2911,#2301,#2302);
#1996=AXIS2_PLACEMENT_3D('',#2913,#2303,#2304);
#1997=AXIS2_PLACEMENT_3D('',#2917,#2306,#2307);
#1998=AXIS2_PLACEMENT_3D('',#2919,#2309,#2310);
#1999=AXIS2_PLACEMENT_3D('',#2923,#2313,#2314);
#2000=AXIS2_PLACEMENT_3D('',#2925,#2315,#2316);
#2001=AXIS2_PLACEMENT_3D('',#2926,#2317,#2318);
#2002=AXIS2_PLACEMENT_3D('',#2928,#2320,#2321);
#2003=AXIS2_PLACEMENT_3D('',#2931,#2323,#2324);
#2004=AXIS2_PLACEMENT_3D('',#2932,#2325,#2326);
#2005=AXIS2_PLACEMENT_3D('',#2937,#2330,#2331);
#2006=AXIS2_PLACEMENT_3D('',#2939,#2333,#2334);
#2007=AXIS2_PLACEMENT_3D('',#2945,#2338,#2339);
#2008=AXIS2_PLACEMENT_3D('',#2949,#2342,#2343);
#2009=AXIS2_PLACEMENT_3D('',#2951,#2345,#2346);
#2010=AXIS2_PLACEMENT_3D('',#2953,#2348,#2349);
#2011=AXIS2_PLACEMENT_3D('',#3016,#2356,#2357);
#2012=AXIS2_PLACEMENT_3D('',#3027,#2360,#2361);
#2013=AXIS2_PLACEMENT_3D('',#3119,#2365,#2366);
#2014=AXIS2_PLACEMENT_3D('',#3174,#2372,#2373);
#2015=AXIS2_PLACEMENT_3D('',#3177,#2376,#2377);
#2016=AXIS2_PLACEMENT_3D('',#3178,#2378,#2379);
#2017=AXIS2_PLACEMENT_3D('',#3179,#2380,#2381);
#2018=AXIS2_PLACEMENT_3D('',#3197,#2391,#2392);
#2019=AXIS2_PLACEMENT_3D('',#3203,#2396,#2397);
#2020=AXIS2_PLACEMENT_3D('',#3207,#2400,#2401);
#2021=AXIS2_PLACEMENT_3D('',#3211,#2404,#2405);
#2022=AXIS2_PLACEMENT_3D('',#3215,#2408,#2409);
#2023=AXIS2_PLACEMENT_3D('',#3219,#2412,#2413);
#2024=AXIS2_PLACEMENT_3D('',#3223,#2416,#2417);
#2025=AXIS2_PLACEMENT_3D('',#3228,#2421,#2422);
#2026=AXIS2_PLACEMENT_3D('',#3230,#2424,#2425);
#2027=AXIS2_PLACEMENT_3D('',#3231,#2426,#2427);
#2028=AXIS2_PLACEMENT_3D('',#3232,#2428,#2429);
#2029=AXIS2_PLACEMENT_3D('',#3235,#2431,#2432);
#2030=AXIS2_PLACEMENT_3D('',#3236,#2433,#2434);
#2031=AXIS2_PLACEMENT_3D('',#3238,#2436,#2437);
#2032=AXIS2_PLACEMENT_3D('',#3240,#2438,#2439);
#2033=AXIS2_PLACEMENT_3D('',#3243,#2441,#2442);
#2034=AXIS2_PLACEMENT_3D('',#3244,#2443,#2444);
#2035=AXIS2_PLACEMENT_3D('',#3247,#2446,#2447);
#2036=AXIS2_PLACEMENT_3D('',#3248,#2448,#2449);
#2037=AXIS2_PLACEMENT_3D('',#3262,#2457,#2458);
#2038=AXIS2_PLACEMENT_3D('',#3264,#2460,#2461);
#2039=AXIS2_PLACEMENT_3D('',#3266,#2463,#2464);
#2040=AXIS2_PLACEMENT_3D('',#3268,#2466,#2467);
#2041=AXIS2_PLACEMENT_3D('',#3275,#2472,#2473);
#2042=AXIS2_PLACEMENT_3D('',#3277,#2474,#2475);
#2043=AXIS2_PLACEMENT_3D('',#3278,#2476,#2477);
#2044=AXIS2_PLACEMENT_3D('',#3280,#2479,#2480);
#2045=AXIS2_PLACEMENT_3D('',#3284,#2483,#2484);
#2046=AXIS2_PLACEMENT_3D('',#3286,#2486,#2487);
#2047=AXIS2_PLACEMENT_3D('',#3292,#2491,#2492);
#2048=AXIS2_PLACEMENT_3D('',#3294,#2494,#2495);
#2049=AXIS2_PLACEMENT_3D('',#3298,#2498,#2499);
#2050=AXIS2_PLACEMENT_3D('',#3300,#2501,#2502);
#2051=AXIS2_PLACEMENT_3D('',#3301,#2503,#2504);
#2052=AXIS2_PLACEMENT_3D('',#3302,#2505,#2506);
#2053=AXIS2_PLACEMENT_3D('',#3308,#2510,#2511);
#2054=AXIS2_PLACEMENT_3D('',#3314,#2515,#2516);
#2055=AXIS2_PLACEMENT_3D('',#3318,#2519,#2520);
#2056=AXIS2_PLACEMENT_3D('',#3323,#2523,#2524);
#2057=AXIS2_PLACEMENT_3D('',#3324,#2525,#2526);
#2058=AXIS2_PLACEMENT_3D('',#3326,#2528,#2529);
#2059=AXIS2_PLACEMENT_3D('',#3327,#2530,#2531);
#2060=DIRECTION('axis',(0.,0.,1.));
#2061=DIRECTION('refdir',(1.,0.,0.));
#2062=DIRECTION('center_axis',(5.34294830600857E-15,1.,8.32667268468865E-17));
#2063=DIRECTION('ref_axis',(-1.42941214420489E-15,8.32667268468941E-17,
-1.));
#2064=DIRECTION('',(4.93432455388958E-16,8.32667268468838E-17,-1.));
#2065=DIRECTION('',(-1.,5.34294830600857E-15,1.42941214420489E-15));
#2066=DIRECTION('',(-1.42941214420489E-15,8.32667268468941E-17,-1.));
#2067=DIRECTION('',(-1.,5.34294830600857E-15,1.42941214420489E-15));
#2068=DIRECTION('center_axis',(-5.34294830600857E-15,-1.,-8.32667268468865E-17));
#2069=DIRECTION('ref_axis',(-1.,5.34294830600857E-15,-7.35522753814168E-16));
#2070=DIRECTION('center_axis',(-5.34294830600857E-15,-1.,-8.32667268468865E-17));
#2071=DIRECTION('ref_axis',(-1.,5.34294830600857E-15,-7.35522753814168E-16));
#2072=DIRECTION('',(-5.34294830600857E-15,-1.,-8.32667268468865E-17));
#2073=DIRECTION('center_axis',(5.34294830600857E-15,1.,8.32667268468865E-17));
#2074=DIRECTION('ref_axis',(-1.,5.34294830600857E-15,-7.35522753814168E-16));
#2075=DIRECTION('center_axis',(-1.,5.34294830600857E-15,1.42941214420489E-15));
#2076=DIRECTION('ref_axis',(1.42941214420489E-15,-8.32667268468941E-17,
1.));
#2077=DIRECTION('',(-5.34294830600856E-15,-1.,6.02295990859147E-15));
#2078=DIRECTION('',(-1.42941214420489E-15,8.32667268468942E-17,-1.));
#2079=DIRECTION('',(5.34294830600857E-15,1.,8.32667268468865E-17));
#2080=DIRECTION('center_axis',(-5.34294830600857E-15,-1.,-8.32667268468865E-17));
#2081=DIRECTION('ref_axis',(1.42941214420489E-15,-8.32667268468942E-17,
1.));
#2082=DIRECTION('center_axis',(-5.34294830600857E-15,-1.,-8.32667268468865E-17));
#2083=DIRECTION('ref_axis',(1.42941214420489E-15,-8.32667268468942E-17,
1.));
#2084=DIRECTION('center_axis',(5.34294830600857E-15,1.,8.32667268468865E-17));
#2085=DIRECTION('ref_axis',(-1.,5.34294830600857E-15,-7.35522753814168E-16));
#2086=DIRECTION('center_axis',(-5.34294830600857E-15,-1.,-8.32667268468865E-17));
#2087=DIRECTION('ref_axis',(1.42941214420489E-15,-8.32667268468942E-17,
1.));
#2088=DIRECTION('',(-1.42941214420489E-15,8.32667268468942E-17,-1.));
#2089=DIRECTION('',(-1.,5.34294830600857E-15,1.42941214420489E-15));
#2090=DIRECTION('',(1.42941214420489E-15,-8.32667268468942E-17,1.));
#2091=DIRECTION('',(-1.,5.34294830600857E-15,1.65145674912992E-15));
#2092=DIRECTION('',(7.4662498406042E-16,8.32667268468825E-17,-1.));
#2093=DIRECTION('',(1.,-5.34294830600857E-15,-8.38164711797325E-31));
#2094=DIRECTION('',(-3.31124202471336E-16,-8.32667268468847E-17,1.));
#2095=DIRECTION('',(-1.,5.34294830600857E-15,8.38164711797325E-31));
#2096=DIRECTION('',(7.4662498406042E-16,8.32667268468825E-17,-1.));
#2097=DIRECTION('',(1.,-5.34294830600857E-15,-1.65145674912992E-15));
#2098=DIRECTION('',(1.42941214420489E-15,-8.32667268468942E-17,1.));
#2099=DIRECTION('',(-1.,5.34294830600857E-15,1.42941214420489E-15));
#2100=DIRECTION('center_axis',(-1.,5.34294830600857E-15,-4.93432455388958E-16));
#2101=DIRECTION('ref_axis',(5.34294830600857E-15,1.,-6.89192123370669E-17));
#2102=DIRECTION('',(5.34294830600857E-15,1.,8.32667268468865E-17));
#2103=DIRECTION('',(-4.93432455388958E-16,-8.32667268468841E-17,1.));
#2104=DIRECTION('',(-5.34294830600857E-15,-1.,-8.32667268468865E-17));
#2105=DIRECTION('center_axis',(-1.42941214420489E-15,8.32667268468942E-17,
-1.));
#2106=DIRECTION('ref_axis',(5.34294830600857E-15,1.,8.32667268468865E-17));
#2107=DIRECTION('',(1.,-5.34294830600857E-15,-1.42941214420489E-15));
#2108=DIRECTION('',(-5.34294830600857E-15,-1.,-8.32667268468865E-17));
#2109=DIRECTION('',(1.,-5.34294830600857E-15,-1.42941214420489E-15));
#2110=DIRECTION('center_axis',(1.42941214420489E-15,-8.32667268468942E-17,
1.));
#2111=DIRECTION('ref_axis',(-5.34294830600857E-15,-1.,-8.32667268468865E-17));
#2112=DIRECTION('',(1.,-5.34294830600857E-15,-1.42941214420489E-15));
#2113=DIRECTION('',(5.34294830600857E-15,1.,8.32667268468865E-17));
#2114=DIRECTION('',(1.,-5.34294830600857E-15,-1.42941214420489E-15));
#2115=DIRECTION('center_axis',(-1.,5.33618214089077E-15,8.38164711797325E-31));
#2116=DIRECTION('ref_axis',(8.38164711797325E-31,3.69778549322349E-32,1.));
#2117=DIRECTION('',(5.33618214089077E-15,1.,-3.69778549322394E-32));
#2118=DIRECTION('',(-1.09564936088114E-28,-2.03753860917061E-14,-1.));
#2119=DIRECTION('',(-5.33618214089077E-15,-1.,-8.32667268468865E-17));
#2120=DIRECTION('',(-8.38164711797325E-31,-3.69778549322349E-32,-1.));
#2121=DIRECTION('center_axis',(8.38164711797325E-31,3.69778549322349E-32,
1.));
#2122=DIRECTION('ref_axis',(1.,-3.47122804186714E-30,-8.38164711797325E-31));
#2123=DIRECTION('',(1.,-5.34294830600857E-15,-8.38164711797325E-31));
#2124=DIRECTION('',(-5.33618214089077E-15,-1.,3.69778549322394E-32));
#2125=DIRECTION('',(-1.,3.47122804186714E-30,8.38164711797325E-31));
#2126=DIRECTION('center_axis',(-8.38164711797325E-31,-3.69778549322349E-32,
-1.));
#2127=DIRECTION('ref_axis',(0.707106781186547,-0.707106781186547,-5.66524659486841E-31));
#2128=DIRECTION('',(3.15404268359416E-16,-1.,3.69778549322347E-32));
#2129=DIRECTION('',(-1.,-1.02042557410397E-16,8.38164711797325E-31));
#2130=DIRECTION('',(-3.47122804186714E-30,-1.,3.69778549322349E-32));
#2131=DIRECTION('',(1.,-3.47122804186714E-30,-8.38164711797325E-31));
#2132=DIRECTION('',(-3.47122804186714E-30,-1.,3.69778549322349E-32));
#2133=DIRECTION('center_axis',(-8.38164711797325E-31,-3.69778549322349E-32,
-1.));
#2134=DIRECTION('ref_axis',(-0.962790095647361,0.27025031308649,-2.3373116307898E-16));
#2135=DIRECTION('center_axis',(8.38164711797325E-31,3.69778549322349E-32,
1.));
#2136=DIRECTION('ref_axis',(-5.34294830600857E-15,-1.,-8.32667268468865E-17));
#2137=DIRECTION('',(1.,-5.34294830600857E-15,-8.38164711797325E-31));
#2138=DIRECTION('',(-5.34294830600857E-15,-1.,3.69778549322394E-32));
#2139=DIRECTION('',(0.997568107424523,0.0696984293184191,-8.3870368366602E-31));
#2140=DIRECTION('',(0.069698429318419,-0.997568107424523,-2.15308351610307E-32));
#2141=DIRECTION('center_axis',(8.38164711797325E-31,3.69778549322349E-32,
1.));
#2142=DIRECTION('ref_axis',(1.,-3.47122804186714E-30,-8.38164711797325E-31));
#2143=DIRECTION('center_axis',(3.47122804186714E-30,1.,-3.69778549322349E-32));
#2144=DIRECTION('ref_axis',(8.38164711797325E-31,3.69778549322349E-32,1.));
#2145=DIRECTION('',(-8.38164711797325E-31,-3.69778549322349E-32,-1.));
#2146=DIRECTION('',(-1.,3.47122804186714E-30,-2.92327644210751E-16));
#2147=DIRECTION('',(-1.423594436088E-15,-3.697785493223E-32,-1.));
#2148=DIRECTION('',(-1.,3.47122804186714E-30,8.38164711797325E-31));
#2149=DIRECTION('',(-8.38164711797325E-31,-3.69778549322349E-32,-1.));
#2150=DIRECTION('center_axis',(1.42941214420489E-15,-8.32667268468942E-17,
1.));
#2151=DIRECTION('ref_axis',(5.34294830600857E-15,1.,8.32667268468865E-17));
#2152=DIRECTION('',(-5.33618214089077E-15,-1.,-8.32667268468865E-17));
#2153=DIRECTION('',(-1.,5.34294830600857E-15,-2.92327644210769E-16));
#2154=DIRECTION('',(5.34294830600857E-15,1.,8.32667268468865E-17));
#2155=DIRECTION('',(-1.,5.34294830600857E-15,1.42941214420489E-15));
#2156=DIRECTION('',(0.997568107424523,0.0696984293184191,-1.42013240734838E-15));
#2157=DIRECTION('center_axis',(-2.92327644210752E-16,6.89192123370685E-17,
1.));
#2158=DIRECTION('ref_axis',(-5.34294830600857E-15,-1.,3.69778549322394E-32));
#2159=DIRECTION('center_axis',(1.42941214420489E-15,-8.32667268468942E-17,
1.));
#2160=DIRECTION('ref_axis',(5.34294830600857E-15,1.,8.32667268468865E-17));
#2161=DIRECTION('',(-0.069698429318419,0.997568107424523,1.82692012411845E-16));
#2162=DIRECTION('',(-0.997568107424523,-0.0696984293184191,1.42013240734838E-15));
#2163=DIRECTION('',(-5.34294830600857E-15,-1.,6.89192123370657E-17));
#2164=DIRECTION('',(1.,-5.34294830600857E-15,2.92327644210769E-16));
#2165=DIRECTION('center_axis',(0.997568107424523,0.069698429318419,-1.42013240734838E-15));
#2166=DIRECTION('ref_axis',(-1.423594436088E-15,-3.697785493223E-32,-1.));
#2167=DIRECTION('',(0.069698429318419,-0.997568107424523,2.03747776478445E-17));
#2168=DIRECTION('',(0.069698429318419,-0.997568107424523,-1.82692012411845E-16));
#2169=DIRECTION('',(-1.42941214420489E-15,8.32667268468941E-17,-1.));
#2170=DIRECTION('',(-1.42941214420489E-15,8.32667268468942E-17,-1.));
#2171=DIRECTION('',(-0.069698429318419,0.997568107424523,2.15308351610307E-32));
#2172=DIRECTION('',(0.997568107424523,0.0696984293184191,-2.12323625974054E-15));
#2173=DIRECTION('',(0.997568107424523,0.0696984293184191,-2.12323625974054E-15));
#2174=DIRECTION('center_axis',(-0.0696984293184191,0.997568107424523,1.82692012411845E-16));
#2175=DIRECTION('ref_axis',(1.42941214420489E-15,-8.32667268468942E-17,
1.));
#2176=DIRECTION('',(0.997568107424523,0.0696984293184191,-2.12323625974054E-15));
#2177=DIRECTION('',(-1.42941214420489E-15,8.32667268468942E-17,-1.));
#2178=DIRECTION('',(0.997568107424523,0.0696984293184191,-2.12323625974054E-15));
#2179=DIRECTION('center_axis',(0.0696984293184191,-0.997568107424523,-1.82692012411845E-16));
#2180=DIRECTION('ref_axis',(-1.42941214420489E-15,8.32667268468942E-17,
-1.));
#2181=DIRECTION('',(-1.39089719914991E-31,-1.83137382853499E-16,1.));
#2182=DIRECTION('',(1.42941214420489E-15,-8.32667268468942E-17,1.));
#2183=DIRECTION('center_axis',(-0.0696984293184191,0.997568107424523,1.82692012411845E-16));
#2184=DIRECTION('ref_axis',(1.42941214420489E-15,-8.32667268468942E-17,
1.));
#2185=DIRECTION('',(-1.42941214420489E-15,8.32667268468942E-17,-1.));
#2186=DIRECTION('',(1.42941214420489E-15,-8.32667268468942E-17,1.));
#2187=DIRECTION('center_axis',(-0.0696984293184191,0.997568107424523,1.82692012411845E-16));
#2188=DIRECTION('ref_axis',(1.42941214420489E-15,-8.32667268468942E-17,
1.));
#2189=DIRECTION('',(0.997568107424523,0.0696984293184191,-2.12323625974054E-15));
#2190=DIRECTION('',(1.42941214420489E-15,-8.32667268468942E-17,1.));
#2191=DIRECTION('',(-0.997568107424523,-0.0696984293184191,8.3870368366602E-31));
#2192=DIRECTION('center_axis',(0.997568107424523,0.069698429318419,-1.42013240734838E-15));
#2193=DIRECTION('ref_axis',(-1.423594436088E-15,-3.697785493223E-32,-1.));
#2194=DIRECTION('center_axis',(-1.,5.34294830600857E-15,8.38164711797325E-31));
#2195=DIRECTION('ref_axis',(5.34294830600857E-15,1.,-6.89192123370672E-17));
#2196=DIRECTION('',(5.34294830600857E-15,1.,-6.89192123370672E-17));
#2197=DIRECTION('',(-8.38164711797325E-31,-3.69778549322349E-32,-1.));
#2198=DIRECTION('center_axis',(-8.38164711797325E-31,-3.69778549322349E-32,
-1.));
#2199=DIRECTION('ref_axis',(-1.,3.47122804186714E-30,8.38164711797325E-31));
#2200=DIRECTION('',(5.33618214089077E-15,1.,-3.69778549322394E-32));
#2201=DIRECTION('',(-1.,5.34294830600857E-15,-2.92327644210751E-16));
#2202=DIRECTION('center_axis',(5.34294830600857E-15,1.,-3.69778549322394E-32));
#2203=DIRECTION('ref_axis',(1.,-5.34294830600857E-15,2.92327644210751E-16));
#2204=DIRECTION('',(-8.38164711797325E-31,-3.69778549322349E-32,-1.));
#2205=DIRECTION('',(1.,-5.34294830600857E-15,2.92327644210751E-16));
#2206=DIRECTION('',(-8.38164711797325E-31,-3.69778549322349E-32,-1.));
#2207=DIRECTION('center_axis',(1.,-5.34294830600857E-15,-8.38164711797325E-31));
#2208=DIRECTION('ref_axis',(-5.34294830600857E-15,-1.,6.89192041986767E-17));
#2209=DIRECTION('',(-8.38164711797325E-31,-3.69778549322349E-32,-1.));
#2210=DIRECTION('',(-5.34294830600857E-15,-1.,6.89192041986767E-17));
#2211=DIRECTION('',(-3.93274894643874E-31,8.32667268468865E-17,-1.));
#2212=DIRECTION('center_axis',(-8.38164711797325E-31,-3.69778549322349E-32,
-1.));
#2213=DIRECTION('ref_axis',(-1.,3.47122804186714E-30,8.38164711797325E-31));
#2214=DIRECTION('',(-1.,5.34294830600857E-15,-2.92327644210751E-16));
#2215=DIRECTION('',(5.34294830600857E-15,1.,-6.89192123370669E-17));
#2216=DIRECTION('center_axis',(5.34294830600857E-15,1.,8.32667268468865E-17));
#2217=DIRECTION('ref_axis',(-1.42941214420489E-15,8.32667268468942E-17,
-1.));
#2218=DIRECTION('',(1.,-5.34294830600857E-15,-1.42941214420489E-15));
#2219=DIRECTION('center_axis',(1.,-5.34294830600857E-15,-8.38164711797325E-31));
#2220=DIRECTION('ref_axis',(-5.34294830600857E-15,-1.,6.89192123370669E-17));
#2221=DIRECTION('',(8.38164711797325E-31,3.69778549322349E-32,1.));
#2222=DIRECTION('',(5.34294830600857E-15,1.,-6.89192123370669E-17));
#2223=DIRECTION('',(-8.38164711797325E-31,-3.69778549322349E-32,-1.));
#2224=DIRECTION('center_axis',(1.65145674912992E-15,-8.32667268468954E-17,
1.));
#2225=DIRECTION('ref_axis',(1.,-5.24336838099827E-15,-1.65145674912992E-15));
#2226=DIRECTION('',(1.,-5.34294830600857E-15,-1.42941214420489E-15));
#2227=DIRECTION('',(-1.,5.34294830600857E-15,1.65145674912992E-15));
#2228=DIRECTION('center_axis',(-1.65145674912992E-15,8.32667268468954E-17,
-1.));
#2229=DIRECTION('ref_axis',(-5.34294830600857E-15,-1.,-8.32667268468865E-17));
#2230=DIRECTION('',(-5.34294830600857E-15,-1.,-8.32667268468865E-17));
#2231=DIRECTION('',(1.,-5.34294830600857E-15,-1.65145674912992E-15));
#2232=DIRECTION('',(-5.34294830600857E-15,-1.,-8.32667268468865E-17));
#2233=DIRECTION('center_axis',(-1.65145674912992E-15,8.32667268468954E-17,
-1.));
#2234=DIRECTION('ref_axis',(-5.34294830600857E-15,-1.,-1.75798885323666E-30));
#2235=DIRECTION('center_axis',(-8.38164711797325E-31,-3.69778549322349E-32,
-1.));
#2236=DIRECTION('ref_axis',(-5.34294830600857E-15,-1.,3.69778549322394E-32));
#2237=DIRECTION('',(8.38164711797325E-31,3.69778549322349E-32,1.));
#2238=DIRECTION('center_axis',(-8.38164711797325E-31,-3.69778549322349E-32,
-1.));
#2239=DIRECTION('ref_axis',(0.707106781186547,-0.707106781186547,-5.66524659486841E-31));
#2240=DIRECTION('center_axis',(8.38164711797325E-31,3.69778549322349E-32,
1.));
#2241=DIRECTION('ref_axis',(0.707106781186547,-0.707106781186547,-5.66524659486841E-31));
#2242=DIRECTION('',(8.38164711797325E-31,3.69778549322349E-32,1.));
#2243=DIRECTION('center_axis',(-8.38164711797325E-31,-3.69778549322349E-32,
-1.));
#2244=DIRECTION('ref_axis',(0.707106781186547,-0.707106781186547,-5.66524659486841E-31));
#2245=DIRECTION('',(-8.38164711797325E-31,-3.69778549322349E-32,-1.));
#2246=DIRECTION('center_axis',(8.38164711797325E-31,3.69778549322349E-32,
1.));
#2247=DIRECTION('ref_axis',(0.707106781186547,-0.707106781186547,-5.66524659486841E-31));
#2248=DIRECTION('',(-8.38164711797325E-31,-3.69778549322349E-32,-1.));
#2249=DIRECTION('center_axis',(-8.38164711797325E-31,-3.69778549322349E-32,
-1.));
#2250=DIRECTION('ref_axis',(0.707106781186547,-0.707106781186547,-5.66524659486841E-31));
#2251=DIRECTION('',(-8.38164711797325E-31,-3.69778549322349E-32,-1.));
#2252=DIRECTION('center_axis',(8.38164711797325E-31,3.69778549322349E-32,
1.));
#2253=DIRECTION('ref_axis',(0.707106781186547,-0.707106781186547,-5.66524659486841E-31));
#2254=DIRECTION('',(-8.38164711797325E-31,-3.69778549322349E-32,-1.));
#2255=DIRECTION('center_axis',(8.38164711797325E-31,3.69778549322349E-32,
1.));
#2256=DIRECTION('ref_axis',(1.,-3.47122804186714E-30,-8.38164711797325E-31));
#2257=DIRECTION('',(5.34294830600857E-15,1.,-3.69778549322394E-32));
#2258=DIRECTION('',(-1.,5.34294830600857E-15,8.38164711797325E-31));
#2259=DIRECTION('center_axis',(-8.38164711797325E-31,-3.69778549322349E-32,
-1.));
#2260=DIRECTION('ref_axis',(-5.34294830600857E-15,-1.,-8.32667268468865E-17));
#2261=DIRECTION('center_axis',(8.38164711797325E-31,3.69778549322349E-32,
1.));
#2262=DIRECTION('ref_axis',(-0.962790095647361,0.27025031308649,-2.3373116307898E-16));
#2263=DIRECTION('',(-1.,3.47122804186714E-30,8.38164711797325E-31));
#2264=DIRECTION('center_axis',(8.38164711797325E-31,3.69778549322349E-32,
1.));
#2265=DIRECTION('ref_axis',(0.707106781186548,0.707106781186547,-6.18819243439473E-31));
#2266=DIRECTION('',(3.47122804186714E-30,1.,-3.69778549322349E-32));
#2267=DIRECTION('center_axis',(8.38164711797325E-31,3.69778549322349E-32,
1.));
#2268=DIRECTION('ref_axis',(1.,-3.47122804186714E-30,-8.38164711797325E-31));
#2269=DIRECTION('center_axis',(1.,3.15404268359417E-16,-8.38164711797325E-31));
#2270=DIRECTION('ref_axis',(-3.15404268359416E-16,1.,-3.69778549322347E-32));
#2271=DIRECTION('',(-3.15404268359416E-16,1.,-3.69778549322347E-32));
#2272=DIRECTION('',(-8.38164711797325E-31,-3.69778549322349E-32,-1.));
#2273=DIRECTION('center_axis',(-8.38164711797325E-31,-3.69778549322349E-32,
-1.));
#2274=DIRECTION('ref_axis',(-1.,3.47122804186714E-30,8.38164711797325E-31));
#2275=DIRECTION('',(1.,3.15404268359416E-16,-8.38164711797325E-31));
#2276=DIRECTION('',(3.47122804186714E-30,1.,-3.69778549322349E-32));
#2277=DIRECTION('',(-1.,3.47122804186714E-30,8.38164711797325E-31));
#2278=DIRECTION('',(3.47122804186714E-30,1.,-3.69778549322349E-32));
#2279=DIRECTION('',(1.,3.15404268359416E-16,-8.38164711797325E-31));
#2280=DIRECTION('center_axis',(-8.38164711797325E-31,-3.69778549322349E-32,
-1.));
#2281=DIRECTION('ref_axis',(-1.,3.47122804186714E-30,8.38164711797325E-31));
#2282=DIRECTION('center_axis',(3.47122804186714E-30,1.,-3.69778549322349E-32));
#2283=DIRECTION('ref_axis',(8.38164711797325E-31,3.69778549322349E-32,1.));
#2284=DIRECTION('',(-1.,3.47122804186714E-30,8.38164711797325E-31));
#2285=DIRECTION('',(3.31124202471335E-16,-3.69778549322361E-32,-1.));
#2286=DIRECTION('',(-1.,3.47122804186714E-30,8.38164711797325E-31));
#2287=DIRECTION('',(-8.38164711797325E-31,-3.69778549322349E-32,-1.));
#2288=DIRECTION('',(1.,3.15404268359416E-16,-8.38164711797325E-31));
#2289=DIRECTION('',(-8.38164711797325E-31,-3.69778549322349E-32,-1.));
#2290=DIRECTION('',(-1.,3.47122804186714E-30,8.38164711797325E-31));
#2291=DIRECTION('center_axis',(-8.38164711797325E-31,8.67361737988403E-17,
-1.));
#2292=DIRECTION('ref_axis',(0.707106781186548,0.707106781186547,-6.18819243439473E-31));
#2293=DIRECTION('',(8.38164711797325E-31,-8.67361737988403E-17,1.));
#2294=DIRECTION('center_axis',(-8.38164711797325E-31,-3.69778549322349E-32,
-1.));
#2295=DIRECTION('ref_axis',(0.707106781186548,0.707106781186547,-6.18819243439473E-31));
#2296=DIRECTION('',(-8.38164711797325E-31,8.67361737988403E-17,-1.));
#2297=DIRECTION('center_axis',(3.47122804186714E-30,1.,8.67361737988403E-17));
#2298=DIRECTION('ref_axis',(8.38164711797325E-31,-8.67361737988403E-17,
1.));
#2299=DIRECTION('',(3.31124202471336E-16,8.67361737988403E-17,-1.));
#2300=DIRECTION('',(-1.,3.47122804186714E-30,8.38164711797325E-31));
#2301=DIRECTION('center_axis',(3.31124202471336E-16,8.67361737988403E-17,
-1.));
#2302=DIRECTION('ref_axis',(-0.962790095647361,0.27025031308649,-2.3373116307898E-16));
#2303=DIRECTION('center_axis',(-8.38164711797325E-31,-3.69778549322349E-32,
-1.));
#2304=DIRECTION('ref_axis',(-0.962790095647361,0.27025031308649,-2.3373116307898E-16));
#2305=DIRECTION('',(-3.31124202471336E-16,-8.67361737988403E-17,1.));
#2306=DIRECTION('center_axis',(8.38164711797325E-31,3.69778549322349E-32,
1.));
#2307=DIRECTION('ref_axis',(-0.962790095647361,0.27025031308649,-2.3373116307898E-16));
#2308=DIRECTION('',(-3.31124202471336E-16,-8.67361737988403E-17,1.));
#2309=DIRECTION('center_axis',(8.38164711797325E-31,3.69778549322349E-32,
1.));
#2310=DIRECTION('ref_axis',(1.,-3.47122804186714E-30,-8.38164711797325E-31));
#2311=DIRECTION('',(3.47122804186714E-30,1.,-3.69778549322349E-32));
#2312=DIRECTION('',(-5.34294830600857E-15,-1.,3.69778549322394E-32));
#2313=DIRECTION('center_axis',(8.38164711797325E-31,3.69778549322349E-32,
1.));
#2314=DIRECTION('ref_axis',(1.,-3.47122804186714E-30,-8.38164711797325E-31));
#2315=DIRECTION('center_axis',(8.38164711797325E-31,3.69778549322349E-32,
1.));
#2316=DIRECTION('ref_axis',(1.,-3.47122804186714E-30,-8.38164711797325E-31));
#2317=DIRECTION('center_axis',(1.,-5.34294830600857E-15,3.31124202471335E-16));
#2318=DIRECTION('ref_axis',(-5.34294830600857E-15,-1.,3.48311186537454E-17));
#2319=DIRECTION('',(5.34294830600857E-15,1.,-3.69778549322394E-32));
#2320=DIRECTION('center_axis',(-7.4662498406042E-16,-8.32667268468825E-17,
1.));
#2321=DIRECTION('ref_axis',(-5.34294830600857E-15,-1.,-8.32667268468865E-17));
#2322=DIRECTION('',(-7.4662498406042E-16,-8.32667268468825E-17,1.));
#2323=DIRECTION('center_axis',(1.65145674912992E-15,-8.32667268468954E-17,
1.));
#2324=DIRECTION('ref_axis',(-5.34294830600857E-15,-1.,-8.32667268468865E-17));
#2325=DIRECTION('center_axis',(-5.34294830600857E-15,-1.,-8.32667268468865E-17));
#2326=DIRECTION('ref_axis',(1.42941214420489E-15,-8.32667268468942E-17,
1.));
#2327=DIRECTION('',(-1.42941214420489E-15,8.32667268468942E-17,-1.));
#2328=DIRECTION('',(1.,-5.34294830600857E-15,-1.65145674912992E-15));
#2329=DIRECTION('',(-1.42941214420489E-15,8.32667268468942E-17,-1.));
#2330=DIRECTION('center_axis',(-1.,5.34294830600857E-15,1.42941214420489E-15));
#2331=DIRECTION('ref_axis',(1.42941214420489E-15,-8.32667268468942E-17,
1.));
#2332=DIRECTION('',(1.42941214420489E-15,-8.32667268468942E-17,1.));
#2333=DIRECTION('center_axis',(1.,-5.34294830600857E-15,-1.42941214420489E-15));
#2334=DIRECTION('ref_axis',(-1.42941214420489E-15,8.32667268468942E-17,
-1.));
#2335=DIRECTION('',(5.34294830600857E-15,1.,8.32667268468865E-17));
#2336=DIRECTION('',(5.34294830600857E-15,1.,8.32667268468865E-17));
#2337=DIRECTION('',(-1.42941214420489E-15,8.32667268468942E-17,-1.));
#2338=DIRECTION('center_axis',(-1.,5.34294830600857E-15,1.42941214420489E-15));
#2339=DIRECTION('ref_axis',(1.42941214420489E-15,-8.32667268468942E-17,
1.));
#2340=DIRECTION('',(1.42941214420489E-15,-8.32667268468942E-17,1.));
#2341=DIRECTION('',(-5.34294830600857E-15,-1.,-8.32667268468865E-17));
#2342=DIRECTION('center_axis',(-1.,5.34294830600857E-15,1.42941214420489E-15));
#2343=DIRECTION('ref_axis',(1.42941214420489E-15,-8.32667268468942E-17,
1.));
#2344=DIRECTION('',(-1.42941214420489E-15,8.32667268468942E-17,-1.));
#2345=DIRECTION('center_axis',(-7.4662498406042E-16,-8.32667268468825E-17,
1.));
#2346=DIRECTION('ref_axis',(-5.34294830600857E-15,-1.,-8.32667268468865E-17));
#2347=DIRECTION('',(-7.4662498406042E-16,-8.32667268468825E-17,1.));
#2348=DIRECTION('center_axis',(1.,-5.34294830600857E-15,-1.42941214420489E-15));
#2349=DIRECTION('ref_axis',(-1.42941214420489E-15,8.32667268468942E-17,
-1.));
#2350=DIRECTION('',(-1.42941214420489E-15,8.32667268468942E-17,-1.));
#2351=DIRECTION('',(-5.34294830600857E-15,-1.,-8.32667268468865E-17));
#2352=DIRECTION('',(-1.42941214420489E-15,8.32667268468942E-17,-1.));
#2353=DIRECTION('',(5.34294830600857E-15,1.,8.32667268468865E-17));
#2354=DIRECTION('',(1.42941214420489E-15,-8.32667268468942E-17,1.));
#2355=DIRECTION('',(-1.,5.34294830600857E-15,1.42941214420489E-15));
#2356=DIRECTION('center_axis',(5.34294830600857E-15,1.,8.32667268468865E-17));
#2357=DIRECTION('ref_axis',(-1.42941214420489E-15,8.32667268468942E-17,
-1.));
#2358=DIRECTION('',(1.,-5.34294830600857E-15,-1.42941214420489E-15));
#2359=DIRECTION('',(-1.42941214420489E-15,8.32667268468942E-17,-1.));
#2360=DIRECTION('center_axis',(-1.42941214420489E-15,8.32667268468942E-17,
-1.));
#2361=DIRECTION('ref_axis',(-5.34294830600857E-15,-1.,-8.32667268468865E-17));
#2362=DIRECTION('',(1.,-5.34294830600857E-15,-1.42941214420489E-15));
#2363=DIRECTION('',(-1.,5.34294830600857E-15,1.42941214420489E-15));
#2364=DIRECTION('',(-5.34294830600857E-15,-1.,-8.32667268468865E-17));
#2365=DIRECTION('center_axis',(1.,-5.34294830600857E-15,-1.42941214420489E-15));
#2366=DIRECTION('ref_axis',(-1.42941214420489E-15,8.32667268468942E-17,
-1.));
#2367=DIRECTION('',(1.42941214420489E-15,-8.32667268468942E-17,1.));
#2368=DIRECTION('',(1.42941214420489E-15,-8.32667268468942E-17,1.));
#2369=DIRECTION('',(-1.42941214420489E-15,8.32667268468942E-17,-1.));
#2370=DIRECTION('',(-1.,5.34294830600857E-15,1.42941214420489E-15));
#2371=DIRECTION('',(-1.42941214420489E-15,8.32667268468942E-17,-1.));
#2372=DIRECTION('center_axis',(5.34294830600857E-15,1.,8.32667268468865E-17));
#2373=DIRECTION('ref_axis',(-1.42941214420489E-15,8.32667268468942E-17,
-1.));
#2374=DIRECTION('',(-1.,5.34294830600857E-15,1.42941214420489E-15));
#2375=DIRECTION('',(-1.,5.34294830600857E-15,1.42941214420489E-15));
#2376=DIRECTION('center_axis',(5.24336838099827E-15,1.,8.32667268468867E-17));
#2377=DIRECTION('ref_axis',(1.,-5.24336838099827E-15,-1.65145674912992E-15));
#2378=DIRECTION('center_axis',(5.34294830600857E-15,1.,8.32667268468865E-17));
#2379=DIRECTION('ref_axis',(-1.42941214420489E-15,8.32667268468942E-17,
-1.));
#2380=DIRECTION('center_axis',(-1.42941214420489E-15,8.32667268468942E-17,
-1.));
#2381=DIRECTION('ref_axis',(-5.34294830600857E-15,-1.,-8.32667268468865E-17));
#2382=DIRECTION('',(-1.,5.24336838099827E-15,1.42941214420489E-15));
#2383=DIRECTION('',(5.34294830600857E-15,1.,8.32667268468865E-17));
#2384=DIRECTION('',(1.,-5.34294830600857E-15,-1.42941214420489E-15));
#2385=DIRECTION('',(0.1130917827365,0.993584545309296,-7.89222347197683E-17));
#2386=DIRECTION('',(-1.,5.34294830600857E-15,1.42941214420489E-15));
#2387=DIRECTION('',(0.119533498972358,-0.992830168066737,-2.53532353480159E-16));
#2388=DIRECTION('',(1.,-8.11850589083592E-15,-1.42941214420489E-15));
#2389=DIRECTION('',(-8.30354303834231E-15,-1.,-8.32667268468823E-17));
#2390=DIRECTION('',(-1.,5.24336838099827E-15,1.42941214420489E-15));
#2391=DIRECTION('center_axis',(-1.,8.30354303834231E-15,1.42941214420489E-15));
#2392=DIRECTION('ref_axis',(-8.30354303834231E-15,-1.,-8.32667268468823E-17));
#2393=DIRECTION('',(1.42941214420489E-15,-8.32667268468942E-17,1.));
#2394=DIRECTION('',(-8.30354303834231E-15,-1.,-8.32667268468817E-17));
#2395=DIRECTION('',(1.42941214420489E-15,-8.32667268468942E-17,1.));
#2396=DIRECTION('center_axis',(-8.11850589083592E-15,-1.,-8.32667268468825E-17));
#2397=DIRECTION('ref_axis',(1.,-8.11850589083592E-15,-1.42941214420489E-15));
#2398=DIRECTION('',(1.42941214420489E-15,-8.32667268468942E-17,1.));
#2399=DIRECTION('',(1.,-8.11850589083592E-15,-1.65145674912992E-15));
#2400=DIRECTION('center_axis',(-0.992830168066737,-0.119533498972358,1.40921033615959E-15));
#2401=DIRECTION('ref_axis',(0.119533498972358,-0.992830168066737,-2.53532353480159E-16));
#2402=DIRECTION('',(1.42941214420489E-15,-8.32667268468942E-17,1.));
#2403=DIRECTION('',(0.119533498972358,-0.992830168066737,-2.80074122034784E-16));
#2404=DIRECTION('center_axis',(5.34294830600857E-15,1.,8.32667268468865E-17));
#2405=DIRECTION('ref_axis',(-1.,5.34294830600857E-15,1.42941214420489E-15));
#2406=DIRECTION('',(1.42941214420489E-15,-8.32667268468942E-17,1.));
#2407=DIRECTION('',(-1.,5.34294830600857E-15,1.65145674912992E-15));
#2408=DIRECTION('center_axis',(0.993584545309296,-0.1130917827365,-1.42965859794115E-15));
#2409=DIRECTION('ref_axis',(0.1130917827365,0.993584545309296,-7.89222347197683E-17));
#2410=DIRECTION('',(1.42941214420489E-15,-8.32667268468942E-17,1.));
#2411=DIRECTION('',(0.1130917827365,0.993584545309296,-1.04033654937761E-16));
#2412=DIRECTION('center_axis',(-5.34294830600857E-15,-1.,-8.32667268468865E-17));
#2413=DIRECTION('ref_axis',(1.,-5.34294830600857E-15,-1.42941214420489E-15));
#2414=DIRECTION('',(1.42941214420489E-15,-8.32667268468942E-17,1.));
#2415=DIRECTION('',(1.,-5.34294830600857E-15,-1.65145674912992E-15));
#2416=DIRECTION('center_axis',(-1.65145674912992E-15,8.32667268468954E-17,
-1.));
#2417=DIRECTION('ref_axis',(-1.,5.24336838099827E-15,1.65145674912992E-15));
#2418=DIRECTION('',(1.,-5.24336838099827E-15,-1.65145674912992E-15));
#2419=DIRECTION('',(5.34294830600857E-15,1.,8.32667268468865E-17));
#2420=DIRECTION('',(1.,-5.24336838099827E-15,-1.65145674912992E-15));
#2421=DIRECTION('center_axis',(1.,-5.34294830600857E-15,-1.42941214420489E-15));
#2422=DIRECTION('ref_axis',(5.34294830600857E-15,1.,8.32667268468865E-17));
#2423=DIRECTION('',(1.42941214420489E-15,-8.32667268468942E-17,1.));
#2424=DIRECTION('center_axis',(-5.34294830600857E-15,-1.,-8.32667268468865E-17));
#2425=DIRECTION('ref_axis',(1.42941214420489E-15,-8.32667268468942E-17,
1.));
#2426=DIRECTION('center_axis',(5.24336838099827E-15,1.,8.32667268468867E-17));
#2427=DIRECTION('ref_axis',(1.,-5.24336838099827E-15,-1.65145674912992E-15));
#2428=DIRECTION('center_axis',(-8.38164711797325E-31,-3.69778549322349E-32,
-1.));
#2429=DIRECTION('ref_axis',(-1.,3.47122804186714E-30,8.38164711797325E-31));
#2430=DIRECTION('',(-8.38164711797325E-31,-3.69778549322349E-32,-1.));
#2431=DIRECTION('center_axis',(8.38164711797325E-31,3.69778549322349E-32,
1.));
#2432=DIRECTION('ref_axis',(1.,-3.47122804186714E-30,-8.38164711797325E-31));
#2433=DIRECTION('center_axis',(-8.38164711797325E-31,-3.69778549322349E-32,
-1.));
#2434=DIRECTION('ref_axis',(-1.,3.47122804186714E-30,8.38164711797325E-31));
#2435=DIRECTION('',(-8.38164711797325E-31,-3.69778549322349E-32,-1.));
#2436=DIRECTION('center_axis',(8.38164711797325E-31,3.69778549322349E-32,
1.));
#2437=DIRECTION('ref_axis',(1.,-3.47122804186714E-30,-8.38164711797325E-31));
#2438=DIRECTION('center_axis',(8.38164711797325E-31,3.69778549322349E-32,
1.));
#2439=DIRECTION('ref_axis',(1.,-3.47122804186714E-30,-8.38164711797325E-31));
#2440=DIRECTION('',(8.38164711797325E-31,3.6977854932235E-32,1.));
#2441=DIRECTION('center_axis',(8.38164711797325E-31,3.69778549322349E-32,
1.));
#2442=DIRECTION('ref_axis',(1.,-3.47122804186714E-30,-8.38164711797325E-31));
#2443=DIRECTION('center_axis',(8.38164711797325E-31,3.69778549322349E-32,
1.));
#2444=DIRECTION('ref_axis',(1.,-3.47122804186714E-30,-8.38164711797325E-31));
#2445=DIRECTION('',(8.38164711797325E-31,3.6977854932235E-32,1.));
#2446=DIRECTION('center_axis',(-8.38164711797325E-31,-3.69778549322349E-32,
-1.));
#2447=DIRECTION('ref_axis',(-1.,3.47122804186714E-30,8.38164711797325E-31));
#2448=DIRECTION('center_axis',(-8.38164711797325E-31,-3.69778549322349E-32,
-1.));
#2449=DIRECTION('ref_axis',(-1.,3.47122804186714E-30,8.38164711797325E-31));
#2450=DIRECTION('',(-3.15404268359416E-16,1.,-3.69778549322347E-32));
#2451=DIRECTION('',(1.,3.15404268359416E-16,-8.38164711797325E-31));
#2452=DIRECTION('',(3.47122804186714E-30,1.,-3.69778549322349E-32));
#2453=DIRECTION('',(-1.,3.47122804186714E-30,8.38164711797325E-31));
#2454=DIRECTION('',(3.47122804186714E-30,1.,-3.69778549322349E-32));
#2455=DIRECTION('',(-1.,3.47122804186714E-30,8.38164711797325E-31));
#2456=DIRECTION('',(-3.47122804186714E-30,-1.,3.69778549322349E-32));
#2457=DIRECTION('center_axis',(1.02042557410397E-16,-1.,3.69778549322349E-32));
#2458=DIRECTION('ref_axis',(1.,1.02042557410397E-16,-8.38164711797325E-31));
#2459=DIRECTION('',(-8.38164711797325E-31,-3.69778549322349E-32,-1.));
#2460=DIRECTION('center_axis',(1.,-3.47122804186714E-30,-8.38164711797325E-31));
#2461=DIRECTION('ref_axis',(-8.38164711797325E-31,-3.69778549322349E-32,
-1.));
#2462=DIRECTION('',(-8.38164711797325E-31,-3.69778549322349E-32,-1.));
#2463=DIRECTION('center_axis',(3.47122804186714E-30,1.,-3.69778549322349E-32));
#2464=DIRECTION('ref_axis',(8.38164711797325E-31,3.69778549322349E-32,1.));
#2465=DIRECTION('',(-8.38164711797325E-31,-3.69778549322349E-32,-1.));
#2466=DIRECTION('center_axis',(1.,-3.47122804186714E-30,-8.38164711797325E-31));
#2467=DIRECTION('ref_axis',(-8.38164711797325E-31,-3.69778549322349E-32,
-1.));
#2468=DIRECTION('',(3.47122804186714E-30,1.,-3.69778549322349E-32));
#2469=DIRECTION('',(-8.38164711797325E-31,-3.69778549322349E-32,-1.));
#2470=DIRECTION('',(-8.38164711797325E-31,-3.69778549322349E-32,-1.));
#2471=DIRECTION('',(-3.47122804186714E-30,-1.,3.69778549322349E-32));
#2472=DIRECTION('center_axis',(8.38164711797325E-31,3.69778549322349E-32,
1.));
#2473=DIRECTION('ref_axis',(1.,-3.47122804186714E-30,-8.38164711797325E-31));
#2474=DIRECTION('center_axis',(8.38164711797325E-31,3.69778549322349E-32,
1.));
#2475=DIRECTION('ref_axis',(1.,-3.47122804186714E-30,-8.38164711797325E-31));
#2476=DIRECTION('center_axis',(8.38164711797325E-31,3.69778549322349E-32,
1.));
#2477=DIRECTION('ref_axis',(1.,-3.47122804186714E-30,-8.38164711797325E-31));
#2478=DIRECTION('',(8.38164711797325E-31,3.69778549322349E-32,1.));
#2479=DIRECTION('center_axis',(3.47122804186714E-30,1.,-3.69778549322349E-32));
#2480=DIRECTION('ref_axis',(8.38164711797325E-31,3.69778549322349E-32,1.));
#2481=DIRECTION('',(-8.38164711797325E-31,-3.69778549322349E-32,-1.));
#2482=DIRECTION('',(1.,-3.47122804186714E-30,-8.38164711797325E-31));
#2483=DIRECTION('center_axis',(-1.,3.47122804186714E-30,8.38164711797325E-31));
#2484=DIRECTION('ref_axis',(8.38164711797325E-31,3.69778549322349E-32,1.));
#2485=DIRECTION('',(3.47122804186714E-30,1.,-3.69778549322349E-32));
#2486=DIRECTION('center_axis',(1.,-3.47122804186714E-30,-8.38164711797325E-31));
#2487=DIRECTION('ref_axis',(-8.38164711797325E-31,-3.69778549322349E-32,
-1.));
#2488=DIRECTION('',(-8.38164711797325E-31,-3.69778549322349E-32,-1.));
#2489=DIRECTION('',(-8.38164711797325E-31,-3.69778549322349E-32,-1.));
#2490=DIRECTION('',(-3.47122804186714E-30,-1.,3.69778549322349E-32));
#2491=DIRECTION('center_axis',(3.47122804186714E-30,1.,-3.69778549322349E-32));
#2492=DIRECTION('ref_axis',(8.38164711797325E-31,3.69778549322349E-32,1.));
#2493=DIRECTION('',(1.,-3.47122804186714E-30,-8.38164711797325E-31));
#2494=DIRECTION('center_axis',(1.,3.15404268359417E-16,-8.38164711797325E-31));
#2495=DIRECTION('ref_axis',(-3.15404268359416E-16,1.,-3.69778549322347E-32));
#2496=DIRECTION('',(3.15404268359416E-16,-1.,3.69778549322347E-32));
#2497=DIRECTION('',(-8.38164711797325E-31,-3.69778549322349E-32,-1.));
#2498=DIRECTION('center_axis',(1.02042557410397E-16,-1.,3.69778549322349E-32));
#2499=DIRECTION('ref_axis',(1.,1.02042557410397E-16,-8.38164711797325E-31));
#2500=DIRECTION('',(-1.,-1.02042557410397E-16,8.38164711797325E-31));
#2501=DIRECTION('center_axis',(1.,-3.47122804186714E-30,-8.38164711797325E-31));
#2502=DIRECTION('ref_axis',(3.47122804186714E-30,1.,-3.69778549322349E-32));
#2503=DIRECTION('center_axis',(8.38164711797325E-31,3.69778549322349E-32,
1.));
#2504=DIRECTION('ref_axis',(1.,-3.47122804186714E-30,-8.38164711797325E-31));
#2505=DIRECTION('center_axis',(5.24336838099827E-15,1.,8.32667268468867E-17));
#2506=DIRECTION('ref_axis',(1.,-5.24336838099827E-15,-1.65145674912992E-15));
#2507=DIRECTION('',(3.00685402502646E-16,8.32667268468851E-17,-1.));
#2508=DIRECTION('',(-1.,5.34294830600857E-15,1.42941214420489E-15));
#2509=DIRECTION('',(-1.,5.34294830600857E-15,1.42941214420489E-15));
#2510=DIRECTION('center_axis',(1.,-5.34294830600857E-15,3.00685402502646E-16));
#2511=DIRECTION('ref_axis',(-5.34294830600857E-15,-1.,6.89192123370669E-17));
#2512=DIRECTION('',(5.34294830600857E-15,1.,8.32667268468865E-17));
#2513=DIRECTION('',(-5.34294830600857E-15,-1.,-8.32667268468865E-17));
#2514=DIRECTION('',(-3.00685402502646E-16,-8.32667268468849E-17,1.));
#2515=DIRECTION('center_axis',(-1.42941214420489E-15,8.32667268468942E-17,
-1.));
#2516=DIRECTION('ref_axis',(-5.34294830600857E-15,-1.,-8.32667268468865E-17));
#2517=DIRECTION('',(-1.,5.34294830600857E-15,-7.35522753814168E-16));
#2518=DIRECTION('',(5.34294830600857E-15,1.,8.32667268468865E-17));
#2519=DIRECTION('center_axis',(5.34294830600857E-15,1.,8.32667268468865E-17));
#2520=DIRECTION('ref_axis',(-1.42941214420489E-15,8.32667268468942E-17,
-1.));
#2521=DIRECTION('',(1.,-5.34294830600857E-15,7.35522753814168E-16));
#2522=DIRECTION('',(1.42941214420491E-15,4.35762537165373E-15,1.));
#2523=DIRECTION('center_axis',(-5.34294830600857E-15,-1.,-8.32667268468865E-17));
#2524=DIRECTION('ref_axis',(-1.,5.34294830600857E-15,-7.35522753814168E-16));
#2525=DIRECTION('center_axis',(1.42941214420489E-15,-8.32667268468942E-17,
1.));
#2526=DIRECTION('ref_axis',(5.34294830600857E-15,1.,8.32667268468865E-17));
#2527=DIRECTION('',(-5.34294830600857E-15,-1.,-8.32667268468865E-17));
#2528=DIRECTION('center_axis',(1.,-5.34294830600857E-15,-1.42941214420489E-15));
#2529=DIRECTION('ref_axis',(-1.42941214420489E-15,8.32667268468942E-17,
-1.));
#2530=DIRECTION('center_axis',(-5.34294830600857E-15,-1.,-8.32667268468865E-17));
#2531=DIRECTION('ref_axis',(-1.,5.34294830600857E-15,-7.35522753814168E-16));
#2532=DIRECTION('',(-5.34294830600857E-15,-1.,-8.32667268468865E-17));
#2533=CARTESIAN_POINT('',(0.,0.,0.));
#2534=CARTESIAN_POINT('Origin',(-3.84400809718652,-2.98411093261064,-1.90995176815772));
#2535=CARTESIAN_POINT('',(-3.84400809718656,-2.98411093261061,0.0900482318422968));
#2536=CARTESIAN_POINT('',(-3.84400809718656,-2.98411093261061,-3.90995176815772));
#2537=CARTESIAN_POINT('',(-3.84400809718656,-2.98411093261064,-0.909951768157709));
#2538=CARTESIAN_POINT('',(-10.3440080971865,-2.98411093261062,-3.90995176815774));
#2539=CARTESIAN_POINT('',(-7.34400809718653,-2.98411093261064,-3.90995176815774));
#2540=CARTESIAN_POINT('',(-10.3440080971865,-2.98411093261061,0.0900482318422591));
#2541=CARTESIAN_POINT('',(-10.3440080971865,-2.98411093261061,-3.90995176815774));
#2542=CARTESIAN_POINT('',(-4.84400809718652,-2.98411093261064,0.0900482318422502));
#2543=CARTESIAN_POINT('',(-5.13780956558691,-2.98411093261064,-1.80848801249621));
#2544=CARTESIAN_POINT('Origin',(-6.2378095655869,-2.98411093261063,-1.80848801249621));
#2545=CARTESIAN_POINT('Origin',(-6.2378095655869,-2.98411093261063,-1.80848801249621));
#2546=CARTESIAN_POINT('',(-5.13780956558691,-5.08411093261064,-1.80848801249621));
#2547=CARTESIAN_POINT('',(-5.1378095655869,-2.98411093261064,-1.80848801249621));
#2548=CARTESIAN_POINT('Origin',(-6.23780956558691,-5.08411093261063,-1.80848801249621));
#2549=CARTESIAN_POINT('Origin',(-10.3440080971865,-3.23411093261061,-0.909951768157742));
#2550=CARTESIAN_POINT('',(-10.3440080971865,-5.08411093261061,-3.90995176815774));
#2551=CARTESIAN_POINT('',(-10.3440080971865,-2.98411093261062,-3.90995176815774));
#2552=CARTESIAN_POINT('',(-10.3440080971865,-5.08411093261061,0.0900482318422591));
#2553=CARTESIAN_POINT('',(-10.3440080971866,-5.0841109326106,-25.0466474537027));
#2554=CARTESIAN_POINT('',(-10.3440080971865,-5.08411093261061,0.0900482318422591));
#2555=CARTESIAN_POINT('Origin',(-23.5711301660251,-5.08411093261053,-49.1833431392477));
#2556=CARTESIAN_POINT('Origin',(-23.5711301660251,-5.08411093261053,-49.1833431392477));
#2557=CARTESIAN_POINT('',(-31.4555056278577,-5.0841109326105,-1.78008200576629));
#2558=CARTESIAN_POINT('Origin',(-32.5555056278577,-5.08411093261049,-1.78008200576629));
#2559=CARTESIAN_POINT('Origin',(-23.5711301660251,-5.08411093261053,-49.1833431392477));
#2560=CARTESIAN_POINT('',(-28.3440080971865,-5.08411093261051,0.0900482318422946));
#2561=CARTESIAN_POINT('',(-28.3440080971865,-5.08411093261051,-3.90995176815771));
#2562=CARTESIAN_POINT('',(-28.3440080971865,-5.08411093261051,-3.90995176815771));
#2563=CARTESIAN_POINT('',(-22.3440080971865,-5.08411093261055,0.0900482318422524));
#2564=CARTESIAN_POINT('',(-31.8440080971865,-5.08411093261049,0.0900482318422946));
#2565=CARTESIAN_POINT('',(-22.3440080971865,-5.08411093261055,30.8166568607523));
#2566=CARTESIAN_POINT('',(-22.3440080971866,-5.08411093261055,-9.18334313924767));
#2567=CARTESIAN_POINT('',(-20.1895881509794,-5.08411093261056,30.8166568607523));
#2568=CARTESIAN_POINT('',(-20.2061811756434,-5.08411093261056,30.8166568607523));
#2569=CARTESIAN_POINT('',(-20.1895881509794,-5.08411093261056,27.8166568607523));
#2570=CARTESIAN_POINT('',(-20.1895881509793,-5.08411093261055,-52.1833431392477));
#2571=CARTESIAN_POINT('',(-21.8346676130451,-5.08411093261055,27.8166568607523));
#2572=CARTESIAN_POINT('',(-13.6318757388804,-5.08411093261059,27.8166568607523));
#2573=CARTESIAN_POINT('',(-21.8346676130451,-5.08411093261055,20.8166568607523));
#2574=CARTESIAN_POINT('',(-21.8346676130451,-5.08411093261055,5.31665686075234));
#2575=CARTESIAN_POINT('',(-20.1895881509794,-5.08411093261055,20.8166568607523));
#2576=CARTESIAN_POINT('',(-13.6318757388804,-5.08411093261059,20.8166568607523));
#2577=CARTESIAN_POINT('',(-20.1895881509793,-5.08411093261055,-49.1833431392477));
#2578=CARTESIAN_POINT('',(-20.1895881509793,-5.08411093261055,-52.1833431392477));
#2579=CARTESIAN_POINT('',(-22.3440080971866,-5.08411093261054,-49.1833431392477));
#2580=CARTESIAN_POINT('',(-16.0711301660251,-5.08411093261057,-49.1833431392477));
#2581=CARTESIAN_POINT('',(-22.3440080971865,-5.08411093261055,-3.90995176815775));
#2582=CARTESIAN_POINT('',(-22.3440080971866,-5.08411093261055,-9.18334313924767));
#2583=CARTESIAN_POINT('',(-29.8440080971865,-5.08411093261051,-3.90995176815771));
#2584=CARTESIAN_POINT('Origin',(-3.84400809718658,-6.58411093261059,0.090048231842268));
#2585=CARTESIAN_POINT('',(-3.84400809718658,-6.58411093261059,0.090048231842268));
#2586=CARTESIAN_POINT('',(-3.84400809718659,-9.23411093261061,0.0900482318422835));
#2587=CARTESIAN_POINT('',(-3.84400809718658,-6.58411093261059,-3.90995176815775));
#2588=CARTESIAN_POINT('',(-3.84400809718658,-6.58411093261065,-4.54664745370271));
#2589=CARTESIAN_POINT('',(-3.84400809718657,-6.58411093261062,-3.90995176815775));
#2590=CARTESIAN_POINT('Origin',(-20.8440080971866,-6.58411093261056,-3.90995176815772));
#2591=CARTESIAN_POINT('',(-16.8247091012159,-6.58411093261058,-3.90995176815773));
#2592=CARTESIAN_POINT('',(-20.8440080971866,-6.58411093261056,-3.90995176815772));
#2593=CARTESIAN_POINT('',(-16.8247091012159,-5.08411093261058,-3.90995176815773));
#2594=CARTESIAN_POINT('',(-16.8247091012159,-6.58411093261058,-3.90995176815773));
#2595=CARTESIAN_POINT('',(-12.8440080971865,-5.08411093261059,-3.90995176815773));
#2596=CARTESIAN_POINT('Origin',(-20.8440080971865,-5.08411093261055,0.0900482318422791));
#2597=CARTESIAN_POINT('',(-16.8247091012159,-5.08411093261058,0.0900482318422724));
#2598=CARTESIAN_POINT('',(-20.8440080971865,-5.08411093261055,0.0900482318422791));
#2599=CARTESIAN_POINT('',(-16.8247091012159,-6.58411093261058,0.0900482318422724));
#2600=CARTESIAN_POINT('',(-16.8247091012159,-5.83411093261058,0.0900482318422724));
#2601=CARTESIAN_POINT('',(-20.8440080971866,-6.58411093261056,0.0900482318422791));
#2602=CARTESIAN_POINT('Origin',(-14.7191344245267,-19.4588672733314,24.6770787220722));
#2603=CARTESIAN_POINT('',(-14.7191344245267,-9.43968581525988,27.8166568607523));
#2604=CARTESIAN_POINT('',(-14.7191344245266,-5.08411093261054,27.8166568607523));
#2605=CARTESIAN_POINT('',(-14.7191344245267,-10.5551780901318,27.8166568607523));
#2606=CARTESIAN_POINT('',(-14.7191344245267,-9.43968581525988,28.1770787220722));
#2607=CARTESIAN_POINT('',(-14.7191344245267,-9.43968581526003,21.1680911107166));
#2608=CARTESIAN_POINT('',(-14.7191344245266,-5.08411093261054,28.1770787220722));
#2609=CARTESIAN_POINT('',(-14.7191344245267,-21.8051781348353,28.1770787220722));
#2610=CARTESIAN_POINT('',(-14.7191344245266,-5.08411093261054,25.5520787220722));
#2611=CARTESIAN_POINT('Origin',(-3.69262131173565,-1.6514889069322,27.8166568607523));
#2612=CARTESIAN_POINT('',(-14.0191108316646,-5.08411093261054,27.8166568607523));
#2613=CARTESIAN_POINT('',(-9.03087196991565,-5.08411093261057,27.8166568607523));
#2614=CARTESIAN_POINT('',(-14.0191108316647,-10.1514889069322,27.8166568607523));
#2615=CARTESIAN_POINT('',(-14.0191108316647,-10.5551780901318,27.8166568607523));
#2616=CARTESIAN_POINT('',(-6.19262131173565,-10.1514889069322,27.8166568607523));
#2617=CARTESIAN_POINT('',(-3.69262131173565,-10.1514889069322,27.8166568607523));
#2618=CARTESIAN_POINT('',(-5.69262131173565,-10.1009786497154,27.8166568607523));
#2619=CARTESIAN_POINT('Origin',(-6.19262131173565,-7.6514889069322,27.8166568607523));
#2620=CARTESIAN_POINT('',(-5.69262131173565,0.848511093067801,27.8166568607523));
#2621=CARTESIAN_POINT('',(-5.69262131173565,-4.6514889069322,27.8166568607523));
#2622=CARTESIAN_POINT('',(-14.1926213117357,0.848511093067801,27.8166568607523));
#2623=CARTESIAN_POINT('',(-9.94262131173565,0.848511093067801,27.8166568607523));
#2624=CARTESIAN_POINT('',(-14.1926213117357,0.348511093067803,27.8166568607523));
#2625=CARTESIAN_POINT('',(-14.1926213117357,0.598511093067802,27.8166568607523));
#2626=CARTESIAN_POINT('',(-15.6926213117357,0.348511093067803,27.8166568607523));
#2627=CARTESIAN_POINT('',(-14.9426213117357,0.348511093067803,27.8166568607523));
#2628=CARTESIAN_POINT('',(-15.6926213117357,1.36090380909276,27.8166568607523));
#2629=CARTESIAN_POINT('',(-15.6926213117357,1.3485110930678,27.8166568607523));
#2630=CARTESIAN_POINT('Origin',(-12.6881617043952,-7.6514889069322,27.8166568607523));
#2631=CARTESIAN_POINT('',(-18.695654472492,-5.08411093261057,27.8166568607523));
#2632=CARTESIAN_POINT('Origin',(-19.4426213117357,-5.15148890693225,27.8166568607523));
#2633=CARTESIAN_POINT('',(-16.8247091012158,-5.08411093261058,27.8166568607523));
#2634=CARTESIAN_POINT('',(-13.6318757388804,-5.08411093261059,27.8166568607523));
#2635=CARTESIAN_POINT('',(-16.8247091012158,-6.58411093261059,27.8166568607523));
#2636=CARTESIAN_POINT('',(-16.8247091012158,-4.11779991977135,27.8166568607523));
#2637=CARTESIAN_POINT('',(-14.9279081015608,-6.45158459238217,27.8166568607523));
#2638=CARTESIAN_POINT('',(-10.119082234695,-6.11559990392651,27.8166568607523));
#2639=CARTESIAN_POINT('',(-14.8423954054947,-7.67549651133978,27.8166568607523));
#2640=CARTESIAN_POINT('',(-18.9926213117357,-5.1514889069322,27.8166568607523));
#2641=CARTESIAN_POINT('Origin',(-19.4426213117357,-5.1514889069322,27.8166568607523));
#2642=CARTESIAN_POINT('Origin',(-3.69262131173565,-10.1514889069322,22.3166568607523));
#2643=CARTESIAN_POINT('',(-14.0191108316647,-10.1514889069322,24.6770787220722));
#2644=CARTESIAN_POINT('',(-14.0191108316647,-10.1514889069322,25.2468677914123));
#2645=CARTESIAN_POINT('',(-14.6694019229518,-10.1514889069322,24.6770787220722));
#2646=CARTESIAN_POINT('',(-8.85586607170018,-10.1514889069322,24.6770787220722));
#2647=CARTESIAN_POINT('',(-14.6694019229518,-10.1514889069322,20.8166568607523));
#2648=CARTESIAN_POINT('',(-14.6694019229518,-10.1514889069322,19.9878801800568));
#2649=CARTESIAN_POINT('',(-6.19262131173565,-10.1514889069322,20.8166568607523));
#2650=CARTESIAN_POINT('',(-3.69262131173565,-10.1514889069322,20.8166568607523));
#2651=CARTESIAN_POINT('',(-6.19262131173565,-10.1514889069322,23.5666568607523));
#2652=CARTESIAN_POINT('Origin',(-17.0711301660251,-24.1514889963392,28.1770787220722));
#2653=CARTESIAN_POINT('',(-14.7191344245267,-19.384101949942,28.1770787220722));
#2654=CARTESIAN_POINT('',(-14.7191344245267,-24.1452788164497,28.1770787220722));
#2655=CARTESIAN_POINT('',(-14.7191344245267,-21.8051781348353,28.1770787220722));
#2656=CARTESIAN_POINT('',(-21.1191344245267,-24.1452788164497,28.1770787220722));
#2657=CARTESIAN_POINT('',(-14.7205103152336,-24.1452788164498,28.1770787220722));
#2658=CARTESIAN_POINT('',(-21.1191344245267,-19.4683195989259,28.1770787220722));
#2659=CARTESIAN_POINT('',(-21.1191344245267,-21.8099042976326,28.1770787220722));
#2660=CARTESIAN_POINT('',(-15.9245108086187,-19.468319598926,28.1770787220722));
#2661=CARTESIAN_POINT('',(-17.0711301660251,-19.468319598926,28.1770787220722));
#2662=CARTESIAN_POINT('',(-16.6578433019651,-19.5195563240919,28.1770787220722));
#2663=CARTESIAN_POINT('',(-19.019110719906,-20.5514882609668,28.1770787220722));
#2664=CARTESIAN_POINT('Origin',(-19.019110719906,-21.5514882609668,28.1770787220722));
#2665=CARTESIAN_POINT('Origin',(-17.0711301660251,-24.1514889963392,28.1770787220722));
#2666=CARTESIAN_POINT('',(-14.9279081015608,-6.45158459238211,28.1770787220722));
#2667=CARTESIAN_POINT('',(-14.0926904727722,-18.4057488021933,28.1770787220722));
#2668=CARTESIAN_POINT('',(-16.8247091012159,-6.58411093261053,28.1770787220722));
#2669=CARTESIAN_POINT('',(-17.5580415945623,-6.63534765777652,28.1770787220722));
#2670=CARTESIAN_POINT('',(-16.8247091012159,-5.08411093261053,28.1770787220722));
#2671=CARTESIAN_POINT('',(-16.8247091012159,-10.5994029035704,28.1770787220722));
#2672=CARTESIAN_POINT('',(-16.1233095058884,-5.08411093261053,28.1770787220722));
#2673=CARTESIAN_POINT('Origin',(-14.4777167658672,-12.8950083986076,17.6591034993613));
#2674=CARTESIAN_POINT('',(-14.2152917221287,-16.6510019953505,24.6770787233277));
#2675=CARTESIAN_POINT('',(-14.2484137987659,-16.1769378359695,24.6770787220722));
#2676=CARTESIAN_POINT('',(-14.7485296695542,-9.01896243259341,7.17707840914781));
#2677=CARTESIAN_POINT('Ctrl Pts',(-14.7485296695542,-9.0189624325934,7.17707840914781));
#2678=CARTESIAN_POINT('Ctrl Pts',(-14.7490600153632,-9.01137178714883,9.70967825535584));
#2679=CARTESIAN_POINT('Ctrl Pts',(-14.7337613493879,-9.23033599355026,13.2331284545453));
#2680=CARTESIAN_POINT('Ctrl Pts',(-14.6502066446855,-10.426223898794,16.5825373326333));
#2681=CARTESIAN_POINT('Ctrl Pts',(-14.5950278732263,-11.2159774578457,18.7944566693793));
#2682=CARTESIAN_POINT('Ctrl Pts',(-14.5203136537818,-12.2853347319537,20.5141978957396));
#2683=CARTESIAN_POINT('Ctrl Pts',(-14.4334279055421,-13.5288986440989,21.9229110243829));
#2684=CARTESIAN_POINT('Ctrl Pts',(-14.3803828514324,-14.2881130877236,22.7829515448133));
#2685=CARTESIAN_POINT('Ctrl Pts',(-14.310688499989,-15.285622830622,23.7285079933128));
#2686=CARTESIAN_POINT('Ctrl Pts',(-14.2153407018174,-16.6503009665529,24.678091114922));
#2687=CARTESIAN_POINT('',(-14.9232005262062,-6.5189623953405,7.17707840914781));
#2688=CARTESIAN_POINT('',(-14.6131232177107,-10.9569854156005,7.17707840914782));
#2689=CARTESIAN_POINT('',(-14.9232005262062,-6.51896239534049,7.99118194470234));
#2690=CARTESIAN_POINT('',(-14.9232005262062,-6.51896239534051,12.4180909542545));
#2691=CARTESIAN_POINT('',(-14.9279081015608,-6.45158459238216,7.14112827665031));
#2692=CARTESIAN_POINT('Ctrl Pts',(-14.9279081015608,-6.45158459238216,7.14112827665031));
#2693=CARTESIAN_POINT('Ctrl Pts',(-14.9271271390462,-6.46276222300192,7.28280110727666));
#2694=CARTESIAN_POINT('Ctrl Pts',(-14.9263443091049,-6.47396658141634,7.4244920642406));
#2695=CARTESIAN_POINT('Ctrl Pts',(-14.9247752376616,-6.49642412666373,7.7078292800466));
#2696=CARTESIAN_POINT('Ctrl Pts',(-14.9239887610262,-6.50768067887559,7.8495179999019));
#2697=CARTESIAN_POINT('Ctrl Pts',(-14.9232005262062,-6.5189623953405,7.99118194470249));
#2698=CARTESIAN_POINT('',(-14.9279081015608,-6.45158459238217,20.8166568607523));
#2699=CARTESIAN_POINT('',(-14.9279081015608,-6.45158459238216,12.4001158880058));
#2700=CARTESIAN_POINT('',(-14.8423954054947,-7.67549651133978,20.8166568607523));
#2701=CARTESIAN_POINT('Ctrl Pts',(-15.9245108086187,-19.468319598926,26.2755140497513));
#2702=CARTESIAN_POINT('Ctrl Pts',(-13.8380297089981,-19.3225406246747,26.2755140497513));
#2703=CARTESIAN_POINT('Ctrl Pts',(-16.1234926831937,-16.6203648605953,24.8233724756064));
#2704=CARTESIAN_POINT('Ctrl Pts',(-14.0370115835731,-16.4745858863441,24.8233724756064));
#2705=CARTESIAN_POINT('Ctrl Pts',(-16.2472377637256,-14.849246815327,23.268479347391));
#2706=CARTESIAN_POINT('Ctrl Pts',(-14.160756664105,-14.7034678410757,23.2684793473909));
#2707=CARTESIAN_POINT('Ctrl Pts',(-16.4171146534368,-12.4178610721822,20.5141978957396));
#2708=CARTESIAN_POINT('Ctrl Pts',(-14.3306335538162,-12.2720820979309,20.5141978957396));
#2709=CARTESIAN_POINT('Ctrl Pts',(-16.4918288728813,-11.3485037980741,18.7944566693793));
#2710=CARTESIAN_POINT('Ctrl Pts',(-14.4053477732607,-11.2027248238228,18.7944566693793));
#2711=CARTESIAN_POINT('Ctrl Pts',(-16.6305623490429,-9.36286233377868,13.2331284545453));
#2712=CARTESIAN_POINT('Ctrl Pts',(-14.5440812494223,-9.21708335952741,13.2331284545453));
#2713=CARTESIAN_POINT('Ctrl Pts',(-16.6458610150183,-9.14389812737725,9.70967825535585));
#2714=CARTESIAN_POINT('Ctrl Pts',(-14.5593799153977,-8.99811915312599,9.70967825535584));
#2715=CARTESIAN_POINT('Ctrl Pts',(-16.6453306692092,-9.15148877282182,7.17707840914782));
#2716=CARTESIAN_POINT('Ctrl Pts',(-14.5588495695886,-9.00570979857056,7.17707840914781));
#2717=CARTESIAN_POINT('',(-14.7191344245267,-16.6862046457811,24.6770787220722));
#2718=CARTESIAN_POINT('Ctrl Pts',(-14.2152917223806,-16.6510019917449,24.6770787220722));
#2719=CARTESIAN_POINT('Ctrl Pts',(-14.3832392897626,-16.662736209757,24.6770787220722));
#2720=CARTESIAN_POINT('Ctrl Pts',(-14.5511868571446,-16.674470427769,24.6770787220722));
#2721=CARTESIAN_POINT('Ctrl Pts',(-14.7191344245267,-16.6862046457811,24.6770787220722));
#2722=CARTESIAN_POINT('',(-14.7191344245267,-19.384101949942,26.2755140497513));
#2723=CARTESIAN_POINT('Ctrl Pts',(-14.7191344245267,-16.686204645781,24.6770787220722));
#2724=CARTESIAN_POINT('Ctrl Pts',(-14.7191344245267,-17.5459560403008,25.272921939879));
#2725=CARTESIAN_POINT('Ctrl Pts',(-14.7191344245267,-18.4530344956153,25.8030789734017));
#2726=CARTESIAN_POINT('Ctrl Pts',(-14.7191344245267,-19.384101949942,26.2755140497513));
#2727=CARTESIAN_POINT('',(-15.9245108086187,-19.468319598926,26.2755140497513));
#2728=CARTESIAN_POINT('',(-15.9245108086187,-19.468319598926,26.2755140497513));
#2729=CARTESIAN_POINT('',(-16.6453306692092,-9.15148877282183,7.17707840914782));
#2730=CARTESIAN_POINT('Ctrl Pts',(-16.6453306692092,-9.15148877282182,7.17707840914782));
#2731=CARTESIAN_POINT('Ctrl Pts',(-16.6458610150183,-9.14389812737725,9.70967825535585));
#2732=CARTESIAN_POINT('Ctrl Pts',(-16.6305623490429,-9.36286233377868,13.2331284545453));
#2733=CARTESIAN_POINT('Ctrl Pts',(-16.5470076443405,-10.5587502390224,16.5825373326333));
#2734=CARTESIAN_POINT('Ctrl Pts',(-16.4918288728813,-11.3485037980741,18.7944566693793));
#2735=CARTESIAN_POINT('Ctrl Pts',(-16.4171146534368,-12.4178610721822,20.5141978957396));
#2736=CARTESIAN_POINT('Ctrl Pts',(-16.3302289051972,-13.6614249843273,21.9229110243829));
#2737=CARTESIAN_POINT('Ctrl Pts',(-16.2472377637256,-14.849246815327,23.268479347391));
#2738=CARTESIAN_POINT('Ctrl Pts',(-16.1234926831937,-16.6203648605953,24.8233724756064));
#2739=CARTESIAN_POINT('Ctrl Pts',(-15.9245108086187,-19.468319598926,26.2755140497513));
#2740=CARTESIAN_POINT('',(-16.6453306692092,-9.15148877282183,7.17707840914782));
#2741=CARTESIAN_POINT('Origin',(-16.8200015258612,-6.65148873556893,7.17707840914782));
#2742=CARTESIAN_POINT('',(-16.8200015258612,-6.65148873556892,7.17707840914782));
#2743=CARTESIAN_POINT('',(-16.8200015258612,-6.65148873556892,7.17707840914782));
#2744=CARTESIAN_POINT('',(-16.8200015258612,-6.65148873556891,7.99118194470234));
#2745=CARTESIAN_POINT('',(-16.8200015258612,-6.65148873556893,29.246867787687));
#2746=CARTESIAN_POINT('',(-16.8200015258612,-6.65148873556891,7.99118194470234));
#2747=CARTESIAN_POINT('Origin',(-15.9245108086187,-19.468319598926,28.1770787220722));
#2748=CARTESIAN_POINT('',(-14.7191344245267,-19.384101949942,26.4270787220722));
#2749=CARTESIAN_POINT('',(-15.9245108086187,-19.468319598926,29.4968677914123));
#2750=CARTESIAN_POINT('Origin',(-16.8247091012158,-6.58411093261059,27.8166568607523));
#2751=CARTESIAN_POINT('',(-14.9279081015608,-6.45158459238217,22.7378801800568));
#2752=CARTESIAN_POINT('',(-16.8247091012159,-6.58411093261058,-29.1833431392477));
#2753=CARTESIAN_POINT('Origin',(-16.8247091012159,-6.58411093261058,7.14112827665031));
#2754=CARTESIAN_POINT('',(-16.8247091012159,-6.58411093261058,7.14112827665031));
#2755=CARTESIAN_POINT('',(-16.8247091012159,-6.58411093261058,7.14112827665031));
#2756=CARTESIAN_POINT('',(-16.8247091012158,-6.58411093261059,20.8166568607523));
#2757=CARTESIAN_POINT('',(-16.8247091012159,-6.58411093261058,-29.1833431392477));
#2758=CARTESIAN_POINT('',(-10.119082234695,-6.11559990392651,20.8166568607523));
#2759=CARTESIAN_POINT('Ctrl Pts',(-16.8200015258612,-6.65148873556892,7.9911819447025));
#2760=CARTESIAN_POINT('Ctrl Pts',(-14.7335204262406,-6.50570976131766,7.99118194470249));
#2761=CARTESIAN_POINT('Ctrl Pts',(-16.8207851898951,-6.64027243909207,7.85033947539333));
#2762=CARTESIAN_POINT('Ctrl Pts',(-14.7343040902745,-6.4944934648408,7.85033947539333));
#2763=CARTESIAN_POINT('Ctrl Pts',(-16.8215671169806,-6.62908100292289,7.70947235406037));
#2764=CARTESIAN_POINT('Ctrl Pts',(-14.73508601736,-6.48330202867163,7.70947235406036));
#2765=CARTESIAN_POINT('Ctrl Pts',(-16.8231362293813,-6.60662287146794,7.42613540629805));
#2766=CARTESIAN_POINT('Ctrl Pts',(-14.7366551297607,-6.46084389721667,7.42613540629805));
#2767=CARTESIAN_POINT('Ctrl Pts',(-16.8239236097786,-6.59535338404188,7.28362268996864));
#2768=CARTESIAN_POINT('Ctrl Pts',(-14.737442510158,-6.44957440979061,7.28362268996864));
#2769=CARTESIAN_POINT('Ctrl Pts',(-16.8247091012159,-6.58411093261058,7.14112827665031));
#2770=CARTESIAN_POINT('Ctrl Pts',(-14.7382280015953,-6.43833195835931,7.14112827665031));
#2771=CARTESIAN_POINT('Ctrl Pts',(-16.8247091012159,-6.58411093261058,7.14112827665031));
#2772=CARTESIAN_POINT('Ctrl Pts',(-16.8239236097786,-6.59535338404188,7.28362268996864));
#2773=CARTESIAN_POINT('Ctrl Pts',(-16.8231362293813,-6.60662287146794,7.42613540629805));
#2774=CARTESIAN_POINT('Ctrl Pts',(-16.8215671169806,-6.62908100292289,7.70947235406037));
#2775=CARTESIAN_POINT('Ctrl Pts',(-16.8207851898951,-6.64027243909207,7.85033947539333));
#2776=CARTESIAN_POINT('Ctrl Pts',(-16.8200015258612,-6.65148873556892,7.9911819447025));
#2777=CARTESIAN_POINT('Origin',(-14.4777167658672,-12.8950083986076,17.6591034993613));
#2778=CARTESIAN_POINT('Origin',(-14.7191344245267,-24.1452788164497,28.1770787220722));
#2779=CARTESIAN_POINT('',(-14.7191344245267,-24.1452788164497,24.6770787220722));
#2780=CARTESIAN_POINT('',(-14.7191344245267,-21.5583736570607,24.6770787220722));
#2781=CARTESIAN_POINT('',(-14.7191344245267,-24.1452788164497,28.1770787220722));
#2782=CARTESIAN_POINT('Origin',(-14.3691225722165,-21.8020730448905,24.6770787220722));
#2783=CARTESIAN_POINT('',(-14.0191107199062,-24.1452788164497,24.6770787220722));
#2784=CARTESIAN_POINT('',(-14.0191108316647,-19.4588672733314,24.6770787220722));
#2785=CARTESIAN_POINT('',(-14.7191344245267,-24.1452788164497,24.6770787220722));
#2786=CARTESIAN_POINT('Origin',(-22.0711301660251,-19.4683195989259,28.1770787220722));
#2787=CARTESIAN_POINT('',(-21.1191344245267,-19.4683195989259,26.2755140497512));
#2788=CARTESIAN_POINT('',(-22.0711301660251,-19.468319598926,26.2755140497513));
#2789=CARTESIAN_POINT('Ctrl Pts',(-21.1191344245267,-19.468319598926,26.2755140497513));
#2790=CARTESIAN_POINT('Ctrl Pts',(-21.4364663383595,-19.468319598926,26.2755140497513));
#2791=CARTESIAN_POINT('Ctrl Pts',(-21.7537982521923,-19.468319598926,26.2755140497513));
#2792=CARTESIAN_POINT('Ctrl Pts',(-22.0711301660251,-19.468319598926,26.2755140497513));
#2793=CARTESIAN_POINT('',(-21.1191344245267,-19.4683195989259,24.6770787220722));
#2794=CARTESIAN_POINT('',(-21.1191344245267,-19.4683195989259,28.1770787220722));
#2795=CARTESIAN_POINT('',(-22.0711301660251,-19.4683195989259,24.6770787220722));
#2796=CARTESIAN_POINT('',(-21.1191344245267,-19.4683195989259,24.6770787220722));
#2797=CARTESIAN_POINT('',(-22.0711301660251,-19.4683195989259,28.1770787220722));
#2798=CARTESIAN_POINT('Origin',(-21.1191344245267,-19.4683195989259,28.1770787220722));
#2799=CARTESIAN_POINT('',(-21.1191344245267,-24.1452788164497,24.6770787220722));
#2800=CARTESIAN_POINT('',(-21.1191344245267,-24.1452788164497,28.1770787220722));
#2801=CARTESIAN_POINT('',(-21.1191344245267,-21.5583736570606,24.6770787220722));
#2802=CARTESIAN_POINT('',(-21.1191344245267,-19.468319598926,28.1770787220722));
#2803=CARTESIAN_POINT('Origin',(-21.5951322952759,-21.8067992076878,24.6770787220722));
#2804=CARTESIAN_POINT('',(-22.0711301660252,-24.1452788164497,24.6770787220722));
#2805=CARTESIAN_POINT('',(-21.1191344245267,-24.1452788164497,24.6770787220722));
#2806=CARTESIAN_POINT('',(-22.0711301660252,-24.1452788164497,24.6770787220722));
#2807=CARTESIAN_POINT('Origin',(-17.0711301660251,-19.468319598926,28.1770787220722));
#2808=CARTESIAN_POINT('',(-17.0711301660251,-19.468319598926,26.2755140497513));
#2809=CARTESIAN_POINT('Ctrl Pts',(-17.0711301660251,-19.468319598926,26.2755140497513));
#2810=CARTESIAN_POINT('Ctrl Pts',(-17.9044634993584,-19.468319598926,26.2755140497513));
#2811=CARTESIAN_POINT('Ctrl Pts',(-18.7377968326918,-19.468319598926,26.2755140497513));
#2812=CARTESIAN_POINT('Ctrl Pts',(-20.0871315855256,-19.468319598926,26.2755140497513));
#2813=CARTESIAN_POINT('Ctrl Pts',(-20.6031330050262,-19.468319598926,26.2755140497513));
#2814=CARTESIAN_POINT('Ctrl Pts',(-21.1191344245267,-19.468319598926,26.2755140497513));
#2815=CARTESIAN_POINT('',(-17.0711301660251,-19.468319598926,26.2755140497513));
#2816=CARTESIAN_POINT('Origin',(-14.0191107199061,-5.08411093261055,30.8166568607523));
#2817=CARTESIAN_POINT('',(-14.0191107199061,-5.08411093261055,30.8166568607523));
#2818=CARTESIAN_POINT('',(-14.0191108316646,-5.08411093261054,27.3020787220722));
#2819=CARTESIAN_POINT('',(-14.0191107199062,-24.1452788164498,30.8166568607523));
#2820=CARTESIAN_POINT('',(-14.0191107199062,-24.1452788164498,30.8166568607523));
#2821=CARTESIAN_POINT('',(-14.0191107199062,-24.1452788164498,30.8166568607523));
#2822=CARTESIAN_POINT('Origin',(-24.3412321852618,-5.57012132710127,30.8166568607523));
#2823=CARTESIAN_POINT('',(-22.0711301660251,-24.1452788164498,30.8166568607523));
#2824=CARTESIAN_POINT('',(-17.0711301660251,-24.1452788164499,30.8166568607523));
#2825=CARTESIAN_POINT('',(-18.695654472492,-5.08411093261057,30.8166568607523));
#2826=CARTESIAN_POINT('',(-20.2061811756434,-5.08411093261056,30.8166568607523));
#2827=CARTESIAN_POINT('Origin',(-19.4426213117357,-5.15148890693226,30.8166568607523));
#2828=CARTESIAN_POINT('',(-22.3440080971865,-6.58411093261055,30.8166568607523));
#2829=CARTESIAN_POINT('',(-22.3440080971865,-6.07711612985592,30.8166568607523));
#2830=CARTESIAN_POINT('',(-22.071130166025,-6.58411093261055,30.8166568607523));
#2831=CARTESIAN_POINT('',(-23.4561811756434,-6.58411093261055,30.8166568607523));
#2832=CARTESIAN_POINT('',(-22.0711301660251,-21.0771161298559,30.8166568607523));
#2833=CARTESIAN_POINT('',(-19.019110719906,-20.5514882609668,30.8166568607523));
#2834=CARTESIAN_POINT('Origin',(-19.0191107199061,-21.5514882609667,30.8166568607523));
#2835=CARTESIAN_POINT('Origin',(-19.019110719906,-21.5514882609668,30.8166568607523));
#2836=CARTESIAN_POINT('',(-19.019110719906,-20.5514882609668,30.8166568607523));
#2837=CARTESIAN_POINT('Origin',(-6.19262131173565,-7.6514889069322,23.5666568607523));
#2838=CARTESIAN_POINT('',(-3.69262131173565,-7.6514889069322,20.8166568607523));
#2839=CARTESIAN_POINT('Origin',(-6.19262131173565,-7.6514889069322,20.8166568607523));
#2840=CARTESIAN_POINT('',(-3.69262131173565,-7.6514889069322,59.8166568607524));
#2841=CARTESIAN_POINT('',(-3.69262131173565,-7.6514889069322,23.5666568607523));
#2842=CARTESIAN_POINT('',(-6.19262131173565,-10.1514889069322,59.8166568607524));
#2843=CARTESIAN_POINT('Origin',(-6.19262131173565,-7.6514889069322,59.8166568607524));
#2844=CARTESIAN_POINT('',(-6.19262131173565,-10.1514889069322,52.8166568607523));
#2845=CARTESIAN_POINT('',(-6.19262131173565,-10.1514889069322,23.5666568607523));
#2846=CARTESIAN_POINT('',(-5.69262131173565,-10.1009786497154,52.8166568607523));
#2847=CARTESIAN_POINT('Origin',(-6.19262131173565,-7.6514889069322,52.8166568607523));
#2848=CARTESIAN_POINT('',(-5.69262131173565,-10.1009786497154,34.8166568607523));
#2849=CARTESIAN_POINT('',(-5.69262131173565,-10.1009786497154,23.5666568607523));
#2850=CARTESIAN_POINT('',(-6.19262131173565,-10.1514889069322,34.8166568607523));
#2851=CARTESIAN_POINT('Origin',(-6.19262131173565,-7.6514889069322,34.8166568607523));
#2852=CARTESIAN_POINT('',(-6.19262131173565,-10.1514889069322,32.8166568607523));
#2853=CARTESIAN_POINT('',(-6.19262131173565,-10.1514889069322,23.5666568607523));
#2854=CARTESIAN_POINT('',(-5.69262131173565,-10.1009786497154,32.8166568607523));
#2855=CARTESIAN_POINT('Origin',(-6.19262131173565,-7.6514889069322,32.8166568607523));
#2856=CARTESIAN_POINT('',(-5.69262131173565,-10.1009786497154,23.5666568607523));
#2857=CARTESIAN_POINT('Origin',(-3.69262131173565,-1.6514889069322,20.8166568607523));
#2858=CARTESIAN_POINT('',(-16.8247091012158,-5.08411093261058,20.8166568607523));
#2859=CARTESIAN_POINT('',(-16.8247091012158,-4.11779991977135,20.8166568607523));
#2860=CARTESIAN_POINT('',(-18.695654472492,-5.08411093261056,20.8166568607523));
#2861=CARTESIAN_POINT('',(-13.6318757388804,-5.08411093261059,20.8166568607523));
#2862=CARTESIAN_POINT('Origin',(-19.4426213117357,-5.15148890693225,20.8166568607523));
#2863=CARTESIAN_POINT('',(-12.6881617043952,1.8485110930678,20.8166568607523));
#2864=CARTESIAN_POINT('Origin',(-12.6881617043952,-7.6514889069322,20.8166568607523));
#2865=CARTESIAN_POINT('',(-8.19262131173565,1.8485110930678,20.8166568607523));
#2866=CARTESIAN_POINT('',(-3.69262131173565,1.8485110930678,20.8166568607523));
#2867=CARTESIAN_POINT('',(-3.69262131173565,-2.6514889069322,20.8166568607523));
#2868=CARTESIAN_POINT('Origin',(-8.19262131173565,-2.6514889069322,20.8166568607523));
#2869=CARTESIAN_POINT('',(-3.69262131173565,-1.6514889069322,20.8166568607523));
#2870=CARTESIAN_POINT('',(-18.9926213117357,-5.1514889069322,20.8166568607523));
#2871=CARTESIAN_POINT('Origin',(-19.4426213117357,-5.1514889069322,20.8166568607523));
#2872=CARTESIAN_POINT('Origin',(-5.69262131173565,-4.6514889069322,51.8186568607523));
#2873=CARTESIAN_POINT('',(-5.69262131173565,0.848511093067801,32.8166568607523));
#2874=CARTESIAN_POINT('',(-5.69262131173565,-4.6514889069322,32.8166568607523));
#2875=CARTESIAN_POINT('',(-5.69262131173565,0.848511093067801,51.8186568607523));
#2876=CARTESIAN_POINT('Origin',(-15.6946213117357,-4.6514889069322,32.8166568607523));
#2877=CARTESIAN_POINT('',(-15.6926213117357,-10.1514889069322,32.8166568607523));
#2878=CARTESIAN_POINT('',(-15.6946213117357,-10.1514889069322,32.8166568607523));
#2879=CARTESIAN_POINT('',(-15.6926213117357,0.348511093067803,32.8166568607523));
#2880=CARTESIAN_POINT('',(-15.6926213117357,-4.6514889069322,32.8166568607523));
#2881=CARTESIAN_POINT('',(-14.1926213117357,0.348511093067803,32.8166568607523));
#2882=CARTESIAN_POINT('',(-14.9426213117357,0.348511093067803,32.8166568607523));
#2883=CARTESIAN_POINT('',(-14.1926213117357,0.848511093067801,32.8166568607523));
#2884=CARTESIAN_POINT('',(-14.1926213117357,0.598511093067802,32.8166568607523));
#2885=CARTESIAN_POINT('',(-15.6946213117357,0.848511093067801,32.8166568607523));
#2886=CARTESIAN_POINT('',(-12.8176213117357,-4.1514889069322,32.8166568607523));
#2887=CARTESIAN_POINT('Origin',(-10.6926213117357,-4.1514889069322,32.8166568607523));
#2888=CARTESIAN_POINT('Origin',(-3.69262131173565,-10.1514889069322,22.3166568607523));
#2889=CARTESIAN_POINT('',(-21.8346676130452,-10.1514889069322,59.8166568607524));
#2890=CARTESIAN_POINT('',(-3.69262131173565,-10.1514889069322,59.8166568607524));
#2891=CARTESIAN_POINT('',(-21.8346676130452,-10.1514889069322,52.8166568607523));
#2892=CARTESIAN_POINT('',(-21.8346676130452,-10.1514889069322,41.0666568607524));
#2893=CARTESIAN_POINT('',(-15.6926213117357,-10.1514889069322,52.8166568607523));
#2894=CARTESIAN_POINT('',(-3.69262131173565,-10.1514889069322,52.8166568607523));
#2895=CARTESIAN_POINT('',(-15.6926213117357,-10.1514889069322,51.8186568607523));
#2896=CARTESIAN_POINT('',(-14.1926213117357,-10.1514889069322,34.8166568607523));
#2897=CARTESIAN_POINT('',(-15.6946213117357,-10.1514889069322,34.8166568607523));
#2898=CARTESIAN_POINT('',(-14.1926213117357,-10.1514889069322,52.8166568607523));
#2899=CARTESIAN_POINT('',(-14.1926213117357,-10.1514889069322,51.8186568607523));
#2900=CARTESIAN_POINT('',(-3.69262131173565,-10.1514889069322,52.8166568607523));
#2901=CARTESIAN_POINT('Origin',(-8.19262131173565,-2.6514889069322,23.5666568607523));
#2902=CARTESIAN_POINT('',(-8.19262131173565,1.8485110930678,59.8166568607524));
#2903=CARTESIAN_POINT('',(-8.19262131173565,1.8485110930678,23.5666568607523));
#2904=CARTESIAN_POINT('',(-3.69262131173565,-2.6514889069322,59.8166568607524));
#2905=CARTESIAN_POINT('Origin',(-8.19262131173565,-2.6514889069322,59.8166568607524));
#2906=CARTESIAN_POINT('',(-3.69262131173565,-2.6514889069322,23.5666568607523));
#2907=CARTESIAN_POINT('Origin',(-3.69262131173565,1.8485110930678,22.3166568607523));
#2908=CARTESIAN_POINT('',(-12.6881617043952,1.8485110930678,59.8166568607524));
#2909=CARTESIAN_POINT('',(-12.6881617043952,1.8485110930678,5.31665686075235));
#2910=CARTESIAN_POINT('',(-3.69262131173565,1.8485110930678,59.8166568607524));
#2911=CARTESIAN_POINT('Origin',(-12.6881617043952,-7.6514889069322,5.31665686075235));
#2912=CARTESIAN_POINT('',(-21.8346676130452,-5.08411093261054,59.8166568607524));
#2913=CARTESIAN_POINT('Origin',(-12.6881617043952,-7.6514889069322,59.8166568607524));
#2914=CARTESIAN_POINT('',(-15.6926213117357,1.36090380909276,52.8166568607523));
#2915=CARTESIAN_POINT('',(-15.6926213117357,1.36090380909276,5.31665686075235));
#2916=CARTESIAN_POINT('',(-21.8346676130452,-5.08411093261054,52.8166568607523));
#2917=CARTESIAN_POINT('Origin',(-12.6881617043952,-7.6514889069322,52.8166568607523));
#2918=CARTESIAN_POINT('',(-21.8346676130451,-5.08411093261054,5.31665686075234));
#2919=CARTESIAN_POINT('Origin',(-3.69262131173565,-1.65148890693219,59.8166568607524));
#2920=CARTESIAN_POINT('',(-3.69262131173565,-1.65148890693219,59.8166568607524));
#2921=CARTESIAN_POINT('',(-21.8346676130451,0.0985110930679012,59.8166568607524));
#2922=CARTESIAN_POINT('',(-18.9926213117357,-5.1514889069322,59.8166568607524));
#2923=CARTESIAN_POINT('Origin',(-19.4426213117357,-5.1514889069322,59.8166568607524));
#2924=CARTESIAN_POINT('',(-14.1926213117357,-4.1514889069322,59.8166568607524));
#2925=CARTESIAN_POINT('Origin',(-10.6926213117357,-4.1514889069322,59.8166568607524));
#2926=CARTESIAN_POINT('Origin',(-21.8346676130451,1.8485110930679,59.8166568607524));
#2927=CARTESIAN_POINT('',(-21.8346676130451,0.0985110930679012,52.8166568607523));
#2928=CARTESIAN_POINT('Origin',(-19.4426213117356,-5.15148890693225,-52.1833431392477));
#2929=CARTESIAN_POINT('',(-18.6956544724919,-5.08411093261056,-49.1833431392477));
#2930=CARTESIAN_POINT('',(-18.6956544724919,-5.08411093261056,-52.1833431392477));
#2931=CARTESIAN_POINT('Origin',(-19.4426213117356,-5.15148890693225,-49.1833431392477));
#2932=CARTESIAN_POINT('Origin',(-23.5711301660251,-5.08411093261053,-49.1833431392477));
#2933=CARTESIAN_POINT('',(-16.8247091012159,-5.08411093261057,-49.1833431392477));
#2934=CARTESIAN_POINT('',(-16.8247091012159,-5.08411093261057,-49.1833431392477));
#2935=CARTESIAN_POINT('',(-16.0711301660251,-5.08411093261057,-49.1833431392477));
#2936=CARTESIAN_POINT('',(-16.8247091012159,-5.08411093261057,-49.1833431392477));
#2937=CARTESIAN_POINT('Origin',(-16.8247091012159,-6.58411093261058,-49.1833431392477));
#2938=CARTESIAN_POINT('',(-16.8247091012159,-6.58411093261058,-29.1833431392477));
#2939=CARTESIAN_POINT('Origin',(-22.3440080971865,-6.58411093261055,30.8166568607523));
#2940=CARTESIAN_POINT('',(-22.3440080971866,-6.58411093261055,-3.90995176815775));
#2941=CARTESIAN_POINT('',(-22.3440080971866,-5.83411093261055,-3.90995176815775));
#2942=CARTESIAN_POINT('',(-22.3440080971866,-6.58411093261055,-49.1833431392477));
#2943=CARTESIAN_POINT('',(-22.3440080971866,-6.58411093261055,-49.1833431392477));
#2944=CARTESIAN_POINT('',(-22.3440080971865,-6.58411093261055,10.8166568607523));
#2945=CARTESIAN_POINT('Origin',(-16.8247091012159,-6.58411093261058,-49.1833431392477));
#2946=CARTESIAN_POINT('',(-16.8247091012159,-6.58411093261058,-49.1833431392477));
#2947=CARTESIAN_POINT('',(-16.8247091012159,-6.58411093261058,-29.1833431392477));
#2948=CARTESIAN_POINT('',(-16.8247091012159,-6.58411093261058,-49.1833431392477));
#2949=CARTESIAN_POINT('Origin',(-16.8247091012159,-6.58411093261058,-49.1833431392477));
#2950=CARTESIAN_POINT('',(-16.8247091012159,-5.08411093261057,-49.1833431392477));
#2951=CARTESIAN_POINT('Origin',(-19.4426213117356,-5.15148890693225,-52.1833431392477));
#2952=CARTESIAN_POINT('',(-18.6956544724919,-5.08411093261056,-52.1833431392477));
#2953=CARTESIAN_POINT('Origin',(-22.3440080971865,-6.58411093261055,30.8166568607523));
#2954=CARTESIAN_POINT('',(-22.3440080971865,-6.58398865925399,26.7564094555563));
#2955=CARTESIAN_POINT('',(-22.3440080971865,-6.58411093261055,10.8166568607523));
#2956=CARTESIAN_POINT('',(-22.3440080971866,-6.58411093261055,0.0900482318422524));
#2957=CARTESIAN_POINT('',(-22.3440080971866,-6.58411093261055,0.0900482318422524));
#2958=CARTESIAN_POINT('',(-22.3440080971865,-6.58411093261055,7.1395784888574));
#2959=CARTESIAN_POINT('',(-22.3440080971865,-6.58411093261055,10.8166568607523));
#2960=CARTESIAN_POINT('',(-22.3440080971865,-6.58398865925399,7.1395784888574));
#2961=CARTESIAN_POINT('',(-22.3440080971865,-6.58404979593227,7.1395784888574));
#2962=CARTESIAN_POINT('',(-22.3440080971865,-6.58398865925399,28.7865331581543));
#2963=CARTESIAN_POINT('Ctrl Pts',(-17.0711301660251,-24.1356213767877,28.1744775493476));
#2964=CARTESIAN_POINT('Ctrl Pts',(-12.0711301660251,-24.1356213767877,28.1744775493476));
#2965=CARTESIAN_POINT('Ctrl Pts',(-17.0711301660251,-23.4234670250869,28.0577507702198));
#2966=CARTESIAN_POINT('Ctrl Pts',(-12.0711301660251,-23.4234670250869,28.0577507702198));
#2967=CARTESIAN_POINT('Ctrl Pts',(-17.0711301660251,-22.037913052746,27.8336260025453));
#2968=CARTESIAN_POINT('Ctrl Pts',(-12.0711301660251,-22.0379130527461,27.8336260025453));
#2969=CARTESIAN_POINT('Ctrl Pts',(-17.0711301660251,-20.0842002274598,27.5268229133867));
#2970=CARTESIAN_POINT('Ctrl Pts',(-12.0711301660251,-20.0842002274598,27.5268229133867));
#2971=CARTESIAN_POINT('Ctrl Pts',(-17.0711301660251,-17.7327372909369,27.1773778962059));
#2972=CARTESIAN_POINT('Ctrl Pts',(-12.0711301660251,-17.7327372909369,27.1773778962059));
#2973=CARTESIAN_POINT('Ctrl Pts',(-17.0711301660251,-15.2254376807784,26.8366545762237));
#2974=CARTESIAN_POINT('Ctrl Pts',(-12.0711301660251,-15.2254376807784,26.8366545762237));
#2975=CARTESIAN_POINT('Ctrl Pts',(-17.0711301660251,-13.1554024687943,26.5770766378438));
#2976=CARTESIAN_POINT('Ctrl Pts',(-12.0711301660251,-13.1554024687944,26.5770766378438));
#2977=CARTESIAN_POINT('Ctrl Pts',(-17.0711301660251,-11.520362320773,26.3644623482372));
#2978=CARTESIAN_POINT('Ctrl Pts',(-12.0711301660251,-11.5203623207731,26.3644623482372));
#2979=CARTESIAN_POINT('Ctrl Pts',(-17.071130166025,-10.2976749668832,26.1380203669812));
#2980=CARTESIAN_POINT('Ctrl Pts',(-12.071130166025,-10.2976749668832,26.1380203669812));
#2981=CARTESIAN_POINT('Ctrl Pts',(-17.071130166025,-9.43358177161923,25.7984515560078));
#2982=CARTESIAN_POINT('Ctrl Pts',(-12.071130166025,-9.43358177161926,25.7984515560078));
#2983=CARTESIAN_POINT('Ctrl Pts',(-17.071130166025,-8.83964812331594,25.2087611446737));
#2984=CARTESIAN_POINT('Ctrl Pts',(-12.071130166025,-8.83964812331597,25.2087611446737));
#2985=CARTESIAN_POINT('Ctrl Pts',(-17.071130166025,-8.41949314353194,24.2312298907398));
#2986=CARTESIAN_POINT('Ctrl Pts',(-12.071130166025,-8.41949314353197,24.2312298907398));
#2987=CARTESIAN_POINT('Ctrl Pts',(-17.071130166025,-8.09381205043345,22.7672649816895));
#2988=CARTESIAN_POINT('Ctrl Pts',(-12.071130166025,-8.09381205043348,22.7672649816895));
#2989=CARTESIAN_POINT('Ctrl Pts',(-17.071130166025,-7.80968135898361,20.7680100545239));
#2990=CARTESIAN_POINT('Ctrl Pts',(-12.071130166025,-7.80968135898364,20.7680100545239));
#2991=CARTESIAN_POINT('Ctrl Pts',(-17.071130166025,-7.53222907469785,18.2140253416142));
#2992=CARTESIAN_POINT('Ctrl Pts',(-12.071130166025,-7.53222907469787,18.2140253416142));
#2993=CARTESIAN_POINT('Ctrl Pts',(-17.071130166025,-7.24169402602791,15.1064375126631));
#2994=CARTESIAN_POINT('Ctrl Pts',(-12.071130166025,-7.24169402602794,15.1064375126631));
#2995=CARTESIAN_POINT('Ctrl Pts',(-17.0711301660251,-6.99123779669431,12.185571189365));
#2996=CARTESIAN_POINT('Ctrl Pts',(-12.0711301660251,-6.99123779669434,12.185571189365));
#2997=CARTESIAN_POINT('Ctrl Pts',(-17.0711301660251,-6.79204734218253,9.75560899653999));
#2998=CARTESIAN_POINT('Ctrl Pts',(-12.0711301660251,-6.79204734218255,9.75560899653999));
#2999=CARTESIAN_POINT('Ctrl Pts',(-17.0711301660251,-6.65424992673221,8.03011720216861));
#3000=CARTESIAN_POINT('Ctrl Pts',(-12.0711301660251,-6.65424992673223,8.03011720216861));
#3001=CARTESIAN_POINT('Ctrl Pts',(-17.071130166025,-6.58411093261058,7.14112827665031));
#3002=CARTESIAN_POINT('Ctrl Pts',(-12.071130166025,-6.5841109326106,7.14112827665031));
#3003=CARTESIAN_POINT('',(-17.0711301660251,-6.65148873556892,7.9911819447025));
#3004=CARTESIAN_POINT('Ctrl Pts',(-16.8200015258612,-6.65148873556891,7.99118194470234));
#3005=CARTESIAN_POINT('Ctrl Pts',(-16.9037110725825,-6.6514887355689,7.99118194470234));
#3006=CARTESIAN_POINT('Ctrl Pts',(-16.9874206193038,-6.6514887355689,7.99118194470234));
#3007=CARTESIAN_POINT('Ctrl Pts',(-17.0711301660251,-6.6514887355689,7.99118194470234));
#3008=CARTESIAN_POINT('',(-17.071130166025,-6.58411093261058,7.14112827665031));
#3009=CARTESIAN_POINT('Ctrl Pts',(-17.071130166025,-6.58411093261058,7.14112827665031));
#3010=CARTESIAN_POINT('Ctrl Pts',(-17.071130166025,-6.59768024121671,7.3131148474424));
#3011=CARTESIAN_POINT('Ctrl Pts',(-17.071130166025,-6.61120267894223,7.48411356651856));
#3012=CARTESIAN_POINT('Ctrl Pts',(-17.071130166025,-6.62467824476264,7.65412443263081));
#3013=CARTESIAN_POINT('Ctrl Pts',(-17.071130166025,-6.63810693189657,7.82314731072927));
#3014=CARTESIAN_POINT('Ctrl Pts',(-17.071130166025,-6.65148873556891,7.99118194470251));
#3015=CARTESIAN_POINT('',(-17.071130166025,-6.58411093261058,7.14112827665031));
#3016=CARTESIAN_POINT('Origin',(-17.071130166025,-6.65148873556892,27.6770787146216));
#3017=CARTESIAN_POINT('',(-22.0711301660251,-6.65148873556889,7.17707840914783));
#3018=CARTESIAN_POINT('',(-17.0711301660251,-6.65148873556892,7.17707840914782));
#3019=CARTESIAN_POINT('',(-22.0711301660251,-6.65148873556889,7.99118194470255));
#3020=CARTESIAN_POINT('',(-22.0711301660251,-6.65148873556889,7.17707840914783));
#3021=CARTESIAN_POINT('Ctrl Pts',(-17.0711301660251,-6.65148873556892,7.99118194470253));
#3022=CARTESIAN_POINT('Ctrl Pts',(-17.9044634993584,-6.65148873556892,7.99118194470253));
#3023=CARTESIAN_POINT('Ctrl Pts',(-18.7377968326917,-6.65148873556891,7.99118194470254));
#3024=CARTESIAN_POINT('Ctrl Pts',(-20.4044634993584,-6.6514887355689,7.99118194470254));
#3025=CARTESIAN_POINT('Ctrl Pts',(-21.2377968326917,-6.6514887355689,7.99118194470254));
#3026=CARTESIAN_POINT('Ctrl Pts',(-22.0711301660251,-6.65148873556889,7.99118194470254));
#3027=CARTESIAN_POINT('Origin',(-17.0711301660251,-6.65148873556892,7.17707840914782));
#3028=CARTESIAN_POINT('',(-17.0711301660251,-9.15148877282182,7.17707840914782));
#3029=CARTESIAN_POINT('',(-17.0711301660251,-9.15148877282182,7.17707840914782));
#3030=CARTESIAN_POINT('',(-22.0711301660251,-9.1514887728218,7.17707840914783));
#3031=CARTESIAN_POINT('',(-17.0711301660251,-9.15148877282182,7.17707840914782));
#3032=CARTESIAN_POINT('',(-22.0711301660251,-9.1514887728218,7.17707840914783));
#3033=CARTESIAN_POINT('Ctrl Pts',(-17.0711301660251,-19.468319598926,26.2755140497513));
#3034=CARTESIAN_POINT('Ctrl Pts',(-12.0711301660251,-19.468319598926,26.2755140497513));
#3035=CARTESIAN_POINT('Ctrl Pts',(-17.0711301660251,-19.3035892660768,26.1915198199156));
#3036=CARTESIAN_POINT('Ctrl Pts',(-12.0711301660251,-19.3035892660768,26.1915198199156));
#3037=CARTESIAN_POINT('Ctrl Pts',(-17.0711301660251,-18.6328078200853,25.8419281665555));
#3038=CARTESIAN_POINT('Ctrl Pts',(-12.0711301660251,-18.6328078200853,25.8419281665555));
#3039=CARTESIAN_POINT('Ctrl Pts',(-17.0711301660251,-17.4982008662484,25.1950977043964));
#3040=CARTESIAN_POINT('Ctrl Pts',(-12.0711301660251,-17.4982008662484,25.1950977043964));
#3041=CARTESIAN_POINT('Ctrl Pts',(-17.0711301660251,-15.9882129380107,24.1847533015968));
#3042=CARTESIAN_POINT('Ctrl Pts',(-12.0711301660251,-15.9882129380108,24.1847533015968));
#3043=CARTESIAN_POINT('Ctrl Pts',(-17.0711301660251,-14.24873496333,22.7015728767581));
#3044=CARTESIAN_POINT('Ctrl Pts',(-12.0711301660251,-14.24873496333,22.7015728767581));
#3045=CARTESIAN_POINT('Ctrl Pts',(-17.0711301660251,-12.5750435351974,20.7317269699466));
#3046=CARTESIAN_POINT('Ctrl Pts',(-12.0711301660251,-12.5750435351975,20.7317269699466));
#3047=CARTESIAN_POINT('Ctrl Pts',(-17.0711301660251,-11.2531928729627,18.4982322853388));
#3048=CARTESIAN_POINT('Ctrl Pts',(-12.0711301660251,-11.2531928729627,18.4982322853388));
#3049=CARTESIAN_POINT('Ctrl Pts',(-17.0711301660251,-10.2684046367225,16.0121628417299));
#3050=CARTESIAN_POINT('Ctrl Pts',(-12.0711301660251,-10.2684046367225,16.0121628417299));
#3051=CARTESIAN_POINT('Ctrl Pts',(-17.0711301660251,-9.59488964450921,13.2928435353961));
#3052=CARTESIAN_POINT('Ctrl Pts',(-12.0711301660251,-9.59488964450924,13.2928435353961));
#3053=CARTESIAN_POINT('Ctrl Pts',(-17.0711301660251,-9.28448696282817,10.9462315848729));
#3054=CARTESIAN_POINT('Ctrl Pts',(-12.0711301660251,-9.2844869628282,10.9462315848729));
#3055=CARTESIAN_POINT('Ctrl Pts',(-17.0711301660251,-9.17197297941492,9.09613584819424));
#3056=CARTESIAN_POINT('Ctrl Pts',(-12.0711301660251,-9.17197297941494,9.09613584819423));
#3057=CARTESIAN_POINT('Ctrl Pts',(-17.0711301660251,-9.14955183698489,7.82333220120604));
#3058=CARTESIAN_POINT('Ctrl Pts',(-12.0711301660251,-9.14955183698492,7.82333220120603));
#3059=CARTESIAN_POINT('Ctrl Pts',(-17.0711301660251,-9.15148877282182,7.17707840914782));
#3060=CARTESIAN_POINT('Ctrl Pts',(-12.0711301660251,-9.15148877282185,7.17707840914781));
#3061=CARTESIAN_POINT('Ctrl Pts',(-17.0711301660251,-19.468319598926,26.2755140497513));
#3062=CARTESIAN_POINT('Ctrl Pts',(-17.0711301660251,-19.3035892660768,26.1915198199156));
#3063=CARTESIAN_POINT('Ctrl Pts',(-17.0711301660251,-18.6328078200853,25.8419281665555));
#3064=CARTESIAN_POINT('Ctrl Pts',(-17.0711301660251,-17.4982008662484,25.1950977043964));
#3065=CARTESIAN_POINT('Ctrl Pts',(-17.0711301660251,-15.9882129380107,24.1847533015968));
#3066=CARTESIAN_POINT('Ctrl Pts',(-17.0711301660251,-14.24873496333,22.7015728767581));
#3067=CARTESIAN_POINT('Ctrl Pts',(-17.0711301660251,-12.5750435351974,20.7317269699466));
#3068=CARTESIAN_POINT('Ctrl Pts',(-17.0711301660251,-11.2531928729627,18.4982322853388));
#3069=CARTESIAN_POINT('Ctrl Pts',(-17.0711301660251,-10.2684046367225,16.0121628417299));
#3070=CARTESIAN_POINT('Ctrl Pts',(-17.0711301660251,-9.59488964450921,13.2928435353961));
#3071=CARTESIAN_POINT('Ctrl Pts',(-17.0711301660251,-9.28448696282817,10.9462315848729));
#3072=CARTESIAN_POINT('Ctrl Pts',(-17.0711301660251,-9.17197297941492,9.09613584819424));
#3073=CARTESIAN_POINT('Ctrl Pts',(-17.0711301660251,-9.14955183698489,7.82333220120604));
#3074=CARTESIAN_POINT('Ctrl Pts',(-17.0711301660251,-9.15148877282182,7.17707840914782));
#3075=CARTESIAN_POINT('Ctrl Pts',(-17.0711301660251,-9.15148877282182,7.17707840914782));
#3076=CARTESIAN_POINT('Ctrl Pts',(-22.0711301660251,-9.1514887728218,7.17707840914783));
#3077=CARTESIAN_POINT('Ctrl Pts',(-17.0711301660251,-9.14955183698489,7.82333220120604));
#3078=CARTESIAN_POINT('Ctrl Pts',(-22.0711301660251,-9.14955183698487,7.82333220120604));
#3079=CARTESIAN_POINT('Ctrl Pts',(-17.0711301660251,-9.17197297941492,9.09613584819424));
#3080=CARTESIAN_POINT('Ctrl Pts',(-22.0711301660251,-9.17197297941489,9.09613584819424));
#3081=CARTESIAN_POINT('Ctrl Pts',(-17.0711301660251,-9.28448696282817,10.9462315848729));
#3082=CARTESIAN_POINT('Ctrl Pts',(-22.0711301660251,-9.28448696282814,10.9462315848729));
#3083=CARTESIAN_POINT('Ctrl Pts',(-17.0711301660251,-9.59488964450921,13.2928435353961));
#3084=CARTESIAN_POINT('Ctrl Pts',(-22.0711301660251,-9.59488964450919,13.2928435353961));
#3085=CARTESIAN_POINT('Ctrl Pts',(-17.0711301660251,-10.2684046367225,16.0121628417299));
#3086=CARTESIAN_POINT('Ctrl Pts',(-22.0711301660251,-10.2684046367225,16.0121628417299));
#3087=CARTESIAN_POINT('Ctrl Pts',(-17.0711301660251,-11.2531928729627,18.4982322853388));
#3088=CARTESIAN_POINT('Ctrl Pts',(-22.0711301660251,-11.2531928729627,18.4982322853388));
#3089=CARTESIAN_POINT('Ctrl Pts',(-17.0711301660251,-12.5750435351974,20.7317269699466));
#3090=CARTESIAN_POINT('Ctrl Pts',(-22.0711301660251,-12.5750435351974,20.7317269699466));
#3091=CARTESIAN_POINT('Ctrl Pts',(-17.0711301660251,-14.24873496333,22.7015728767581));
#3092=CARTESIAN_POINT('Ctrl Pts',(-22.0711301660251,-14.2487349633299,22.7015728767581));
#3093=CARTESIAN_POINT('Ctrl Pts',(-17.0711301660251,-16.2612273188325,24.4175412938729));
#3094=CARTESIAN_POINT('Ctrl Pts',(-22.0711301660251,-16.2612273188325,24.4175412938729));
#3095=CARTESIAN_POINT('Ctrl Pts',(-17.0711301660251,-18.5873197931465,25.8985162251297));
#3096=CARTESIAN_POINT('Ctrl Pts',(-22.0711301660251,-18.5873197931465,25.8985162251298));
#3097=CARTESIAN_POINT('Ctrl Pts',(-17.0711301660251,-20.6786763955877,26.9105860474059));
#3098=CARTESIAN_POINT('Ctrl Pts',(-22.0711301660251,-20.6786763955876,26.9105860474059));
#3099=CARTESIAN_POINT('Ctrl Pts',(-17.0711301660251,-22.3686277191188,27.5786430123191));
#3100=CARTESIAN_POINT('Ctrl Pts',(-22.0711301660251,-22.3686277191187,27.5786430123191));
#3101=CARTESIAN_POINT('Ctrl Pts',(-17.0711301660251,-23.5483531400787,27.9842308953811));
#3102=CARTESIAN_POINT('Ctrl Pts',(-22.0711301660251,-23.5483531400787,27.9842308953811));
#3103=CARTESIAN_POINT('Ctrl Pts',(-17.0711301660251,-24.1514889963392,28.1770787220722));
#3104=CARTESIAN_POINT('Ctrl Pts',(-22.0711301660251,-24.1514889963392,28.1770787220722));
#3105=CARTESIAN_POINT('Ctrl Pts',(-22.0711301660251,-9.1514887728218,7.17707840914783));
#3106=CARTESIAN_POINT('Ctrl Pts',(-22.0711301660251,-9.14955183698487,7.82333220120604));
#3107=CARTESIAN_POINT('Ctrl Pts',(-22.0711301660251,-9.17197297941489,9.09613584819424));
#3108=CARTESIAN_POINT('Ctrl Pts',(-22.0711301660251,-9.28448696282814,10.9462315848729));
#3109=CARTESIAN_POINT('Ctrl Pts',(-22.0711301660251,-9.59488964450919,13.2928435353961));
#3110=CARTESIAN_POINT('Ctrl Pts',(-22.0711301660251,-10.2684046367225,16.0121628417299));
#3111=CARTESIAN_POINT('Ctrl Pts',(-22.0711301660251,-11.2531928729627,18.4982322853388));
#3112=CARTESIAN_POINT('Ctrl Pts',(-22.0711301660251,-12.5750435351974,20.7317269699466));
#3113=CARTESIAN_POINT('Ctrl Pts',(-22.0711301660251,-14.2487349633299,22.7015728767581));
#3114=CARTESIAN_POINT('Ctrl Pts',(-22.0711301660251,-15.9882129380107,24.1847533015968));
#3115=CARTESIAN_POINT('Ctrl Pts',(-22.0711301660251,-17.4982008662483,25.1950977043964));
#3116=CARTESIAN_POINT('Ctrl Pts',(-22.0711301660251,-18.6328078200853,25.8419281665555));
#3117=CARTESIAN_POINT('Ctrl Pts',(-22.0711301660251,-19.3035892660768,26.1915198199156));
#3118=CARTESIAN_POINT('Ctrl Pts',(-22.0711301660251,-19.468319598926,26.2755140497513));
#3119=CARTESIAN_POINT('Origin',(-22.0711301660252,-36.5841109326106,30.8166568607523));
#3120=CARTESIAN_POINT('',(-22.0711301660251,-6.58398865925399,7.1395784888574));
#3121=CARTESIAN_POINT('',(-22.071130166025,-6.58398865925399,26.7564094555563));
#3122=CARTESIAN_POINT('',(-22.071130166025,-6.58398865925399,22.2073690305106));
#3123=CARTESIAN_POINT('Ctrl Pts',(-22.0711301660251,-6.58398865925399,7.1395784888574));
#3124=CARTESIAN_POINT('Ctrl Pts',(-22.0711301660251,-6.59758276071534,7.31188214478009));
#3125=CARTESIAN_POINT('Ctrl Pts',(-22.0711301660251,-6.61112982220962,7.48319438520628));
#3126=CARTESIAN_POINT('Ctrl Pts',(-22.0711301660251,-6.62462984272767,7.65351520936618));
#3127=CARTESIAN_POINT('Ctrl Pts',(-22.0711301660251,-6.63808281544776,7.82284448169778));
#3128=CARTESIAN_POINT('Ctrl Pts',(-22.0711301660251,-6.65148873556889,7.99118194470248));
#3129=CARTESIAN_POINT('',(-22.0711301660251,-24.1452788164498,30.8166568607523));
#3130=CARTESIAN_POINT('',(-22.071130166025,-6.58411093261055,30.8166568607523));
#3131=CARTESIAN_POINT('Ctrl Pts',(-17.0711301660251,-6.58398865925402,7.13957848885739));
#3132=CARTESIAN_POINT('Ctrl Pts',(-22.0711301660251,-6.58398865925399,7.1395784888574));
#3133=CARTESIAN_POINT('Ctrl Pts',(-17.0711301660251,-6.65415385483135,8.02891418720246));
#3134=CARTESIAN_POINT('Ctrl Pts',(-22.0711301660251,-6.65415385483132,8.02891418720247));
#3135=CARTESIAN_POINT('Ctrl Pts',(-17.0711301660251,-6.7919779089549,9.75476196332125));
#3136=CARTESIAN_POINT('Ctrl Pts',(-22.0711301660251,-6.79197790895487,9.75476196332126));
#3137=CARTESIAN_POINT('Ctrl Pts',(-17.0711301660251,-6.99119414646348,12.1850621306898));
#3138=CARTESIAN_POINT('Ctrl Pts',(-22.0711301660251,-6.99119414646345,12.1850621306898));
#3139=CARTESIAN_POINT('Ctrl Pts',(-17.071130166025,-7.24167377233141,15.1062208773862));
#3140=CARTESIAN_POINT('Ctrl Pts',(-22.071130166025,-7.24167377233139,15.1062208773862));
#3141=CARTESIAN_POINT('Ctrl Pts',(-17.071130166025,-7.53222907469785,18.2140253416142));
#3142=CARTESIAN_POINT('Ctrl Pts',(-22.071130166025,-7.53222907469782,18.2140253416142));
#3143=CARTESIAN_POINT('Ctrl Pts',(-17.071130166025,-7.80968135898361,20.7680100545239));
#3144=CARTESIAN_POINT('Ctrl Pts',(-22.071130166025,-7.80968135898358,20.7680100545239));
#3145=CARTESIAN_POINT('Ctrl Pts',(-17.071130166025,-8.09381205043345,22.7672649816895));
#3146=CARTESIAN_POINT('Ctrl Pts',(-22.071130166025,-8.09381205043343,22.7672649816895));
#3147=CARTESIAN_POINT('Ctrl Pts',(-17.071130166025,-8.41949314353194,24.2312298907398));
#3148=CARTESIAN_POINT('Ctrl Pts',(-22.071130166025,-8.41949314353191,24.2312298907398));
#3149=CARTESIAN_POINT('Ctrl Pts',(-17.071130166025,-8.83964812331594,25.2087611446737));
#3150=CARTESIAN_POINT('Ctrl Pts',(-22.071130166025,-8.83964812331591,25.2087611446737));
#3151=CARTESIAN_POINT('Ctrl Pts',(-17.071130166025,-9.43358177161923,25.7984515560078));
#3152=CARTESIAN_POINT('Ctrl Pts',(-22.071130166025,-9.43358177161921,25.7984515560079));
#3153=CARTESIAN_POINT('Ctrl Pts',(-17.071130166025,-10.2976749668832,26.1380203669812));
#3154=CARTESIAN_POINT('Ctrl Pts',(-22.071130166025,-10.2976749668831,26.1380203669813));
#3155=CARTESIAN_POINT('Ctrl Pts',(-17.0711301660251,-11.520362320773,26.3644623482372));
#3156=CARTESIAN_POINT('Ctrl Pts',(-22.0711301660251,-11.520362320773,26.3644623482372));
#3157=CARTESIAN_POINT('Ctrl Pts',(-17.0711301660251,-13.1554024687943,26.5770766378438));
#3158=CARTESIAN_POINT('Ctrl Pts',(-22.0711301660251,-13.1554024687943,26.5770766378438));
#3159=CARTESIAN_POINT('Ctrl Pts',(-17.0711301660251,-15.2254376807784,26.8366545762237));
#3160=CARTESIAN_POINT('Ctrl Pts',(-22.0711301660251,-15.2254376807784,26.8366545762237));
#3161=CARTESIAN_POINT('Ctrl Pts',(-17.0711301660251,-17.734963453704,27.1776804151253));
#3162=CARTESIAN_POINT('Ctrl Pts',(-22.0711301660251,-17.7349634537039,27.1776804151253));
#3163=CARTESIAN_POINT('Ctrl Pts',(-17.0711301660251,-20.0894213118515,27.5275988370823));
#3164=CARTESIAN_POINT('Ctrl Pts',(-22.0711301660251,-20.0894213118515,27.5275988370823));
#3165=CARTESIAN_POINT('Ctrl Pts',(-17.0711301660251,-22.0465926852854,27.8349891143537));
#3166=CARTESIAN_POINT('Ctrl Pts',(-22.0711301660251,-22.0465926852853,27.8349891143537));
#3167=CARTESIAN_POINT('Ctrl Pts',(-17.0711301660251,-23.435787876737,28.0597439516343));
#3168=CARTESIAN_POINT('Ctrl Pts',(-22.0711301660251,-23.4357878767369,28.0597439516344));
#3169=CARTESIAN_POINT('Ctrl Pts',(-17.0711301660251,-24.1514894284729,28.1770787220722));
#3170=CARTESIAN_POINT('Ctrl Pts',(-22.0711301660251,-24.1514894284729,28.1770787220722));
#3171=CARTESIAN_POINT('',(-17.0711301660251,-6.58411074321833,7.13957848885739));
#3172=CARTESIAN_POINT('',(-17.0711301660251,-6.58398865925402,7.13957848885739));
#3173=CARTESIAN_POINT('',(-17.0711301660251,-6.58411093261058,3.8831358110871));
#3174=CARTESIAN_POINT('Origin',(-17.071130166025,-6.58398865925402,26.7564094555563));
#3175=CARTESIAN_POINT('',(-17.071130166025,-6.58398865925402,26.7564094555563));
#3176=CARTESIAN_POINT('',(-17.0711301660251,-6.58398865925402,7.13957848885739));
#3177=CARTESIAN_POINT('Origin',(-19.5711301660251,-6.58411093261056,-9.18334313924768));
#3178=CARTESIAN_POINT('Origin',(-17.0711301660251,-24.1452788164499,30.8166568607523));
#3179=CARTESIAN_POINT('Origin',(-17.0711301660251,-6.58398865925402,7.13957848885739));
#3180=CARTESIAN_POINT('',(-20.4711301347326,-6.58411093261056,7.13957848885739));
#3181=CARTESIAN_POINT('',(-18.3211301660251,-6.58411093261057,7.13957848885739));
#3182=CARTESIAN_POINT('',(-20.4711301347326,-8.08411093261055,7.13957848885739));
#3183=CARTESIAN_POINT('',(-20.4711301347326,-7.33404979593227,7.13957848885739));
#3184=CARTESIAN_POINT('',(-21.2711301347326,-8.08411093261055,7.13957848885739));
#3185=CARTESIAN_POINT('',(-19.1711301503788,-8.08411093261056,7.13957848885739));
#3186=CARTESIAN_POINT('',(-21.3926212715026,-9.15148924220837,7.13957848885739));
#3187=CARTESIAN_POINT('',(-21.220735670195,-7.64136292809433,7.13957848885739));
#3188=CARTESIAN_POINT('',(-17.7426213530865,-9.1514892422084,7.13957848885739));
#3189=CARTESIAN_POINT('',(-17.4068757595558,-9.1514892422084,7.13957848885739));
#3190=CARTESIAN_POINT('',(-17.871130204023,-8.08411093261057,7.13957848885739));
#3191=CARTESIAN_POINT('',(-17.9544295041915,-7.39223745030578,7.13957848885739));
#3192=CARTESIAN_POINT('',(-18.6711301973175,-8.08411093261056,7.13957848885739));
#3193=CARTESIAN_POINT('',(-17.8711301816713,-8.08411093261057,7.13957848885739));
#3194=CARTESIAN_POINT('',(-18.6711301973175,-6.58411093261057,7.13957848885739));
#3195=CARTESIAN_POINT('',(-18.6711301973175,-6.58404979593229,7.13957848885739));
#3196=CARTESIAN_POINT('',(-18.3211301660251,-6.58411093261057,7.13957848885739));
#3197=CARTESIAN_POINT('Origin',(-18.6711301973176,-6.58411093261056,-49.1833431392477));
#3198=CARTESIAN_POINT('',(-18.6711301973176,-8.08411093261056,-49.1833431392477));
#3199=CARTESIAN_POINT('',(-18.6711301973176,-8.08411093261056,-49.1833431392477));
#3200=CARTESIAN_POINT('',(-18.6711301973176,-6.58411093261056,-49.1833431392477));
#3201=CARTESIAN_POINT('',(-18.6711301973176,-6.58411093261055,-49.1833431392477));
#3202=CARTESIAN_POINT('',(-18.6711301973176,-6.58411093261056,-49.1833431392477));
#3203=CARTESIAN_POINT('Origin',(-18.6711301973176,-8.08411093261056,-49.1833431392477));
#3204=CARTESIAN_POINT('',(-17.8711302040231,-8.08411093261056,-49.1833431392477));
#3205=CARTESIAN_POINT('',(-17.8711302040231,-8.08411093261056,-49.1833431392477));
#3206=CARTESIAN_POINT('',(-17.3711301816714,-8.08411093261057,-49.1833431392477));
#3207=CARTESIAN_POINT('Origin',(-17.8711302040231,-8.08411093261056,-49.1833431392477));
#3208=CARTESIAN_POINT('',(-17.7426213530865,-9.15148924220839,-49.1833431392477));
#3209=CARTESIAN_POINT('',(-17.7426213530865,-9.15148924220839,-49.1833431392477));
#3210=CARTESIAN_POINT('',(-17.9472781200185,-7.45163594538463,-49.1833431392477));
#3211=CARTESIAN_POINT('Origin',(-17.7426213530865,-9.15148924220839,-49.1833431392477));
#3212=CARTESIAN_POINT('',(-21.3926212715027,-9.15148924220837,-49.1833431392477));
#3213=CARTESIAN_POINT('',(-21.3926212715027,-9.15148924220837,-49.1833431392477));
#3214=CARTESIAN_POINT('',(-16.9068757595559,-9.1514892422084,-49.1833431392477));
#3215=CARTESIAN_POINT('Origin',(-21.3926212715027,-9.15148924220837,-49.1833431392477));
#3216=CARTESIAN_POINT('',(-21.2711301347327,-8.08411093261054,-49.1833431392477));
#3217=CARTESIAN_POINT('',(-21.2711301347327,-8.08411093261054,-49.1833431392477));
#3218=CARTESIAN_POINT('',(-21.2143476642329,-7.58524015908547,-49.1833431392477));
#3219=CARTESIAN_POINT('Origin',(-21.2711301347327,-8.08411093261054,-49.1833431392477));
#3220=CARTESIAN_POINT('',(-20.4711301347327,-8.08411093261055,-49.1833431392477));
#3221=CARTESIAN_POINT('',(-20.4711301347327,-8.08411093261055,-49.1833431392477));
#3222=CARTESIAN_POINT('',(-18.6711301503789,-8.08411093261056,-49.1833431392477));
#3223=CARTESIAN_POINT('Origin',(-16.0711301660251,-6.58411093261058,-49.1833431392477));
#3224=CARTESIAN_POINT('',(-23.0711301660251,-6.58411093261054,-49.1833431392477));
#3225=CARTESIAN_POINT('',(-20.4711301347327,-6.58411093261055,-49.1833431392477));
#3226=CARTESIAN_POINT('',(-20.4711301347327,-7.33411093261055,-49.1833431392477));
#3227=CARTESIAN_POINT('',(-23.0711301660251,-6.58411093261054,-49.1833431392477));
#3228=CARTESIAN_POINT('Origin',(-20.4711301347327,-8.08411093261055,-49.1833431392477));
#3229=CARTESIAN_POINT('',(-20.4711301347327,-6.58411093261055,-49.1833431392477));
#3230=CARTESIAN_POINT('Origin',(-23.5711301660251,-5.08411093261053,-49.1833431392477));
#3231=CARTESIAN_POINT('Origin',(-12.0711301660251,-6.5841109326106,-9.18334313924768));
#3232=CARTESIAN_POINT('Origin',(-19.4426213117357,-5.1514889069322,89.8166568607523));
#3233=CARTESIAN_POINT('',(-18.9926213117357,-5.1514889069322,52.8166568607523));
#3234=CARTESIAN_POINT('',(-18.9926213117357,-5.1514889069322,89.8166568607523));
#3235=CARTESIAN_POINT('Origin',(-19.4426213117357,-5.1514889069322,52.8166568607523));
#3236=CARTESIAN_POINT('Origin',(-19.4426213117357,-5.1514889069322,89.8166568607523));
#3237=CARTESIAN_POINT('',(-18.9926213117357,-5.1514889069322,89.8166568607523));
#3238=CARTESIAN_POINT('Origin',(-10.6926213117357,-4.1514889069322,27.8146568607523));
#3239=CARTESIAN_POINT('',(-12.8176213117357,-4.1514889069322,52.8166568607523));
#3240=CARTESIAN_POINT('Origin',(-10.6926213117357,-4.1514889069322,52.8166568607523));
#3241=CARTESIAN_POINT('',(-12.8176213117357,-4.1514889069322,54.8166568607523));
#3242=CARTESIAN_POINT('',(-12.8176213117357,-4.1514889069322,27.8146568607523));
#3243=CARTESIAN_POINT('Origin',(-10.6926213117357,-4.1514889069322,54.8166568607523));
#3244=CARTESIAN_POINT('Origin',(-10.6926213117357,-4.1514889069322,27.8146568607523));
#3245=CARTESIAN_POINT('',(-12.8176213117357,-4.1514889069322,34.8166568607523));
#3246=CARTESIAN_POINT('',(-12.8176213117357,-4.1514889069322,27.8146568607523));
#3247=CARTESIAN_POINT('Origin',(-10.6926213117357,-4.1514889069322,34.8166568607523));
#3248=CARTESIAN_POINT('Origin',(-15.6946213117357,-4.6514889069322,34.8166568607523));
#3249=CARTESIAN_POINT('',(-5.69262131173565,0.848511093067801,34.8166568607523));
#3250=CARTESIAN_POINT('',(-5.69262131173565,-4.6514889069322,34.8166568607523));
#3251=CARTESIAN_POINT('',(-14.1926213117357,0.848511093067801,34.8166568607523));
#3252=CARTESIAN_POINT('',(-15.6946213117357,0.848511093067801,34.8166568607523));
#3253=CARTESIAN_POINT('',(-14.1926213117357,0.348511093067803,34.8166568607523));
#3254=CARTESIAN_POINT('',(-14.1926213117357,0.598511093067802,34.8166568607523));
#3255=CARTESIAN_POINT('',(-15.6926213117357,0.348511093067803,34.8166568607523));
#3256=CARTESIAN_POINT('',(-14.9426213117357,0.348511093067803,34.8166568607523));
#3257=CARTESIAN_POINT('',(-15.6926213117357,-8.6514889069322,34.8166568607523));
#3258=CARTESIAN_POINT('',(-15.6926213117357,-4.6514889069322,34.8166568607523));
#3259=CARTESIAN_POINT('',(-14.1926213117357,-8.6514889069322,34.8166568607523));
#3260=CARTESIAN_POINT('',(-14.9426213117357,-8.6514889069322,34.8166568607523));
#3261=CARTESIAN_POINT('',(-14.1926213117357,-9.4014889069322,34.8166568607523));
#3262=CARTESIAN_POINT('Origin',(-9.94262131173565,0.848511093067801,51.8186568607523));
#3263=CARTESIAN_POINT('',(-14.1926213117357,0.848511093067801,51.8186568607523));
#3264=CARTESIAN_POINT('Origin',(-14.1926213117357,0.598511093067802,51.8186568607523));
#3265=CARTESIAN_POINT('',(-14.1926213117357,0.348511093067803,51.8186568607523));
#3266=CARTESIAN_POINT('Origin',(-14.9426213117357,0.348511093067803,51.8186568607523));
#3267=CARTESIAN_POINT('',(-15.6926213117357,0.348511093067803,51.8186568607523));
#3268=CARTESIAN_POINT('Origin',(-15.6926213117357,1.3485110930678,51.8186568607523));
#3269=CARTESIAN_POINT('',(-15.6926213117357,-8.6514889069322,52.8166568607523));
#3270=CARTESIAN_POINT('',(-15.6926213117357,-9.4014889069322,52.8166568607523));
#3271=CARTESIAN_POINT('',(-15.6926213117357,-8.6514889069322,51.8186568607523));
#3272=CARTESIAN_POINT('',(-15.6926213117357,0.348511093067803,52.8166568607523));
#3273=CARTESIAN_POINT('',(-15.6926213117357,0.348511093067803,51.8186568607523));
#3274=CARTESIAN_POINT('',(-15.6926213117357,1.3485110930678,52.8166568607523));
#3275=CARTESIAN_POINT('Origin',(-18.6926213117357,-4.1514889069322,54.8166568607523));
#3276=CARTESIAN_POINT('',(-14.1926213117357,-4.1514889069322,54.8166568607523));
#3277=CARTESIAN_POINT('Origin',(-10.6926213117357,-4.1514889069322,54.8166568607523));
#3278=CARTESIAN_POINT('Origin',(-10.6926213117357,-4.1514889069322,54.8166568607523));
#3279=CARTESIAN_POINT('',(-14.1926213117357,-4.1514889069322,54.8166568607523));
#3280=CARTESIAN_POINT('Origin',(-14.9426213117357,-8.6514889069322,51.8186568607523));
#3281=CARTESIAN_POINT('',(-14.1926213117357,-8.6514889069322,52.8166568607523));
#3282=CARTESIAN_POINT('',(-14.1926213117357,-8.6514889069322,51.8186568607523));
#3283=CARTESIAN_POINT('',(-14.9426213117357,-8.6514889069322,52.8166568607523));
#3284=CARTESIAN_POINT('Origin',(-14.1926213117357,-9.4014889069322,51.8186568607523));
#3285=CARTESIAN_POINT('',(-14.1926213117357,-9.4014889069322,52.8166568607523));
#3286=CARTESIAN_POINT('Origin',(-14.1926213117357,0.598511093067802,51.8186568607523));
#3287=CARTESIAN_POINT('',(-14.1926213117357,0.348511093067803,52.8166568607523));
#3288=CARTESIAN_POINT('',(-14.1926213117357,0.348511093067803,51.8186568607523));
#3289=CARTESIAN_POINT('',(-14.1926213117357,0.848511093067801,52.8166568607523));
#3290=CARTESIAN_POINT('',(-14.1926213117357,0.848511093067801,51.8186568607523));
#3291=CARTESIAN_POINT('',(-14.1926213117357,0.598511093067802,52.8166568607523));
#3292=CARTESIAN_POINT('Origin',(-14.9426213117357,0.348511093067803,51.8186568607523));
#3293=CARTESIAN_POINT('',(-14.9426213117357,0.348511093067803,52.8166568607523));
#3294=CARTESIAN_POINT('Origin',(-5.69262131173565,-4.6514889069322,51.8186568607523));
#3295=CARTESIAN_POINT('',(-5.69262131173565,0.848511093067801,52.8166568607523));
#3296=CARTESIAN_POINT('',(-5.69262131173565,-4.6514889069322,52.8166568607523));
#3297=CARTESIAN_POINT('',(-5.69262131173565,0.848511093067801,51.8186568607523));
#3298=CARTESIAN_POINT('Origin',(-9.94262131173565,0.848511093067801,51.8186568607523));
#3299=CARTESIAN_POINT('',(-9.94262131173565,0.848511093067801,52.8166568607523));
#3300=CARTESIAN_POINT('Origin',(-3.69262131173565,-1.6514889069322,24.8166568607523));
#3301=CARTESIAN_POINT('Origin',(-3.69262131173565,-1.6514889069322,52.8166568607523));
#3302=CARTESIAN_POINT('Origin',(-27.0711301660251,-6.58411093261052,-9.18334313924766));
#3303=CARTESIAN_POINT('',(-34.8440080971865,-6.58411093261044,0.0900482318422946));
#3304=CARTESIAN_POINT('',(-34.8440080971865,-6.58411093261044,-3.9099517681577));
#3305=CARTESIAN_POINT('',(-34.8440080971865,-6.58411093261048,-4.54664745370269));
#3306=CARTESIAN_POINT('',(-29.8440080971866,-6.58411093261051,-3.90995176815771));
#3307=CARTESIAN_POINT('',(-29.8440080971866,-6.58411093261051,0.0900482318422902));
#3308=CARTESIAN_POINT('Origin',(-34.8440080971865,-2.48411093261046,0.0900482318422946));
#3309=CARTESIAN_POINT('',(-34.8440080971865,-2.48411093261046,-3.9099517681577));
#3310=CARTESIAN_POINT('',(-34.8440080971865,-5.23411093261047,-3.9099517681577));
#3311=CARTESIAN_POINT('',(-34.8440080971865,-2.48411093261046,0.0900482318422946));
#3312=CARTESIAN_POINT('',(-34.8440080971865,-3.08411093261047,0.0900482318422968));
#3313=CARTESIAN_POINT('',(-34.8440080971865,-2.48411093261048,-0.909951768157704));
#3314=CARTESIAN_POINT('Origin',(-29.8440080971866,-7.9841109326105,-3.90995176815771));
#3315=CARTESIAN_POINT('',(-28.3440080971865,-2.48411093261052,-3.90995176815771));
#3316=CARTESIAN_POINT('',(-33.8440080971865,-2.48411093261048,-3.9099517681577));
#3317=CARTESIAN_POINT('',(-28.3440080971865,-4.58411093261051,-3.90995176815771));
#3318=CARTESIAN_POINT('Origin',(-34.8440080971865,-2.48411093261048,-1.9099517681577));
#3319=CARTESIAN_POINT('',(-28.3440080971865,-2.48411093261051,0.0900482318422946));
#3320=CARTESIAN_POINT('',(-35.8440080971865,-2.48411093261047,0.090048231842299));
#3321=CARTESIAN_POINT('',(-28.3440080971865,-2.48411093261051,-1.90995176815771));
#3322=CARTESIAN_POINT('',(-31.4555056278577,-2.48411093261049,-1.78008200576629));
#3323=CARTESIAN_POINT('Origin',(-32.5555056278577,-2.48411093261049,-1.78008200576629));
#3324=CARTESIAN_POINT('Origin',(-29.8440080971866,-9.48411093261051,0.0900482318422902));
#3325=CARTESIAN_POINT('',(-28.3440080971865,-2.48411093261051,0.0900482318422946));
#3326=CARTESIAN_POINT('Origin',(-28.3440080971865,-4.83411093261051,-1.90995176815771));
#3327=CARTESIAN_POINT('Origin',(-32.5555056278577,-2.48411093261049,-1.78008200576629));
#3328=CARTESIAN_POINT('',(-31.4555056278577,-2.4841109326105,-1.78008200576628));
#3329=UNCERTAINTY_MEASURE_WITH_UNIT(LENGTH_MEASURE(0.01),#3333,
'DISTANCE_ACCURACY_VALUE',
'Maximum model space distance between geometric entities at asserted c
onnectivities');
#3330=UNCERTAINTY_MEASURE_WITH_UNIT(LENGTH_MEASURE(0.01),#3333,
'DISTANCE_ACCURACY_VALUE',
'Maximum model space distance between geometric entities at asserted c
onnectivities');
#3331=(
GEOMETRIC_REPRESENTATION_CONTEXT(3)
GLOBAL_UNCERTAINTY_ASSIGNED_CONTEXT((#3329))
GLOBAL_UNIT_ASSIGNED_CONTEXT((#3333,#3335,#3336))
REPRESENTATION_CONTEXT('','3D')
);
#3332=(
GEOMETRIC_REPRESENTATION_CONTEXT(3)
GLOBAL_UNCERTAINTY_ASSIGNED_CONTEXT((#3330))
GLOBAL_UNIT_ASSIGNED_CONTEXT((#3333,#3335,#3336))
REPRESENTATION_CONTEXT('','3D')
);
#3333=(
LENGTH_UNIT()
NAMED_UNIT(*)
SI_UNIT(.MILLI.,.METRE.)
);
#3334=(
LENGTH_UNIT()
NAMED_UNIT(*)
SI_UNIT($,.METRE.)
);
#3335=(
NAMED_UNIT(*)
PLANE_ANGLE_UNIT()
SI_UNIT($,.RADIAN.)
);
#3336=(
NAMED_UNIT(*)
SI_UNIT($,.STERADIAN.)
SOLID_ANGLE_UNIT()
);
#3337=SHAPE_DEFINITION_REPRESENTATION(#3338,#3339);
#3338=PRODUCT_DEFINITION_SHAPE('',$,#3341);
#3339=SHAPE_REPRESENTATION('',(#1937),#3331);
#3340=PRODUCT_DEFINITION_CONTEXT('part definition',#3345,'design');
#3341=PRODUCT_DEFINITION('2026-10-09-10-47-17-657','(Unsaved)',#3342,#3340);
#3342=PRODUCT_DEFINITION_FORMATION('',$,#3347);
#3343=PRODUCT_RELATED_PRODUCT_CATEGORY('(Unsaved)','(Unsaved)',(#3347));
#3344=APPLICATION_PROTOCOL_DEFINITION('international standard',
'automotive_design',2009,#3345);
#3345=APPLICATION_CONTEXT(
'Core Data for Automotive Mechanical Design Process');
#3346=PRODUCT_CONTEXT('part definition',#3345,'mechanical');
#3347=PRODUCT('2026-10-09-10-47-17-657','(Unsaved)','STEP AP242',(#3346));
#3348=PRESENTATION_STYLE_ASSIGNMENT((#3350));
#3349=PRESENTATION_STYLE_ASSIGNMENT((#3351));
#3350=SURFACE_STYLE_USAGE(.BOTH.,#3352);
#3351=SURFACE_STYLE_USAGE(.BOTH.,#3353);
#3352=SURFACE_SIDE_STYLE('',(#3354));
#3353=SURFACE_SIDE_STYLE('',(#3355));
#3354=SURFACE_STYLE_FILL_AREA(#3356);
#3355=SURFACE_STYLE_FILL_AREA(#3357);
#3356=FILL_AREA_STYLE('Acetal Resin (White)',(#3358));
#3357=FILL_AREA_STYLE('Paek (Beige)',(#3359));
#3358=FILL_AREA_STYLE_COLOUR('Acetal Resin (White)',#3360);
#3359=FILL_AREA_STYLE_COLOUR('Paek (Beige)',#3361);
#3360=COLOUR_RGB('Acetal Resin (White)',0.972549019607843,0.968627450980392,
0.929411764705882);
#3361=COLOUR_RGB('Paek (Beige)',0.898039215686275,0.792156862745098,0.619607843137255);
ENDSEC;
END-ISO-10303-21;
