ISO-10303-21;
HEADER;
/* Generated by software containing ST-Developer
 * from STEP Tools, Inc. (www.steptools.com) 
 */

FILE_DESCRIPTION(
/* description */ (''),
/* implementation_level */ '2;1');

FILE_NAME(
/* name */ 'driver_rail.step',
/* time_stamp */ '2026-10-09T10:49:19-05:00',
/* author */ (''),
/* organization */ (''),
/* preprocessor_version */ 'ST-DEVELOPER v20.2',
/* originating_system */ 'Autodesk Translation Framework v15.15.0.0',
/* authorisation */ '');

FILE_SCHEMA (('AUTOMOTIVE_DESIGN { 1 0 10303 214 3 1 1 }'));
ENDSEC;

DATA;
#10=MECHANICAL_DESIGN_GEOMETRIC_PRESENTATION_REPRESENTATION('',(#13),#2599);
#11=SHAPE_REPRESENTATION_RELATIONSHIP('SRR','None',#2606,#12);
#12=ADVANCED_BREP_SHAPE_REPRESENTATION('',(#14),#2598);
#13=STYLED_ITEM('',(#2616),#14);
#14=MANIFOLD_SOLID_BREP('Body1',#905);
#15=(
BOUNDED_CURVE()
B_SPLINE_CURVE(5,(#2492,#2493,#2494,#2495,#2496,#2497,#2498,#2499,#2500,
#2501),.UNSPECIFIED.,.F.,.F.)
B_SPLINE_CURVE_WITH_KNOTS((6,1,1,1,1,6),(-0.5,-0.4,-0.3,-0.2,-0.1,0.),
 .UNSPECIFIED.)
CURVE()
GEOMETRIC_REPRESENTATION_ITEM()
RATIONAL_B_SPLINE_CURVE((1.,1.,1.,1.,1.,1.,1.,1.,1.,1.))
REPRESENTATION_ITEM('')
);
#16=(
BOUNDED_CURVE()
B_SPLINE_CURVE(5,(#2508,#2509,#2510,#2511,#2512,#2513,#2514,#2515,#2516,
#2517),.UNSPECIFIED.,.F.,.F.)
B_SPLINE_CURVE_WITH_KNOTS((6,1,1,1,1,6),(-1.,-0.9,-0.8,-0.7,-0.6,-0.5),
 .UNSPECIFIED.)
CURVE()
GEOMETRIC_REPRESENTATION_ITEM()
RATIONAL_B_SPLINE_CURVE((1.,1.,1.,1.,1.,1.,1.,1.,1.,1.))
REPRESENTATION_ITEM('')
);
#17=CYLINDRICAL_SURFACE('',#946,1.);
#18=CYLINDRICAL_SURFACE('',#950,0.74999950023545);
#19=CYLINDRICAL_SURFACE('',#963,0.899999999999999);
#20=CYLINDRICAL_SURFACE('',#964,0.899999999999999);
#21=ELLIPSE('',#940,1.0034662200555,1.);
#22=ELLIPSE('',#944,1.00346621489936,1.);
#23=B_SPLINE_SURFACE_WITH_KNOTS('',3,3,((#1420,#1421,#1422,#1423,#1424,
#1425,#1426,#1427,#1428,#1429,#1430,#1431,#1432,#1433,#1434,#1435,#1436,
#1437,#1438,#1439,#1440),(#1441,#1442,#1443,#1444,#1445,#1446,#1447,#1448,
#1449,#1450,#1451,#1452,#1453,#1454,#1455,#1456,#1457,#1458,#1459,#1460,
#1461),(#1462,#1463,#1464,#1465,#1466,#1467,#1468,#1469,#1470,#1471,#1472,
#1473,#1474,#1475,#1476,#1477,#1478,#1479,#1480,#1481,#1482),(#1483,#1484,
#1485,#1486,#1487,#1488,#1489,#1490,#1491,#1492,#1493,#1494,#1495,#1496,
#1497,#1498,#1499,#1500,#1501,#1502,#1503),(#1504,#1505,#1506,#1507,#1508,
#1509,#1510,#1511,#1512,#1513,#1514,#1515,#1516,#1517,#1518,#1519,#1520,
#1521,#1522,#1523,#1524)),.UNSPECIFIED.,.F.,.F.,.F.,(4,1,4),(4,1,1,1,1,
1,1,1,1,1,1,1,1,1,1,1,2,4),(0.,0.571428571428571,1.),(-0.0151430515062117,
0.252215864734434,0.319055593794596,0.385895322854758,0.419315187384838,
0.436025119649879,0.452735051914919,0.46944498417996,0.486154916445,0.50286484871004,
0.519574780975081,0.527929747107601,0.536284713240121,0.552994645505162,
0.586414510035242,0.619834374565323,0.653254239095404,0.678309062921205),
 .UNSPECIFIED.);
#24=B_SPLINE_SURFACE_WITH_KNOTS('',3,3,((#1774,#1775,#1776,#1777,#1778,
#1779,#1780,#1781,#1782,#1783,#1784,#1785,#1786,#1787,#1788,#1789,#1790,
#1791,#1792,#1793,#1794,#1795,#1796,#1797,#1798,#1799,#1800,#1801,#1802,
#1803,#1804,#1805,#1806,#1807,#1808,#1809,#1810,#1811,#1812,#1813,#1814,
#1815,#1816,#1817,#1818,#1819,#1820,#1821,#1822,#1823,#1824,#1825,#1826,
#1827,#1828,#1829,#1830,#1831,#1832,#1833,#1834,#1835,#1836,#1837,#1838),
(#1839,#1840,#1841,#1842,#1843,#1844,#1845,#1846,#1847,#1848,#1849,#1850,
#1851,#1852,#1853,#1854,#1855,#1856,#1857,#1858,#1859,#1860,#1861,#1862,
#1863,#1864,#1865,#1866,#1867,#1868,#1869,#1870,#1871,#1872,#1873,#1874,
#1875,#1876,#1877,#1878,#1879,#1880,#1881,#1882,#1883,#1884,#1885,#1886,
#1887,#1888,#1889,#1890,#1891,#1892,#1893,#1894,#1895,#1896,#1897,#1898,
#1899,#1900,#1901,#1902,#1903),(#1904,#1905,#1906,#1907,#1908,#1909,#1910,
#1911,#1912,#1913,#1914,#1915,#1916,#1917,#1918,#1919,#1920,#1921,#1922,
#1923,#1924,#1925,#1926,#1927,#1928,#1929,#1930,#1931,#1932,#1933,#1934,
#1935,#1936,#1937,#1938,#1939,#1940,#1941,#1942,#1943,#1944,#1945,#1946,
#1947,#1948,#1949,#1950,#1951,#1952,#1953,#1954,#1955,#1956,#1957,#1958,
#1959,#1960,#1961,#1962,#1963,#1964,#1965,#1966,#1967,#1968),(#1969,#1970,
#1971,#1972,#1973,#1974,#1975,#1976,#1977,#1978,#1979,#1980,#1981,#1982,
#1983,#1984,#1985,#1986,#1987,#1988,#1989,#1990,#1991,#1992,#1993,#1994,
#1995,#1996,#1997,#1998,#1999,#2000,#2001,#2002,#2003,#2004,#2005,#2006,
#2007,#2008,#2009,#2010,#2011,#2012,#2013,#2014,#2015,#2016,#2017,#2018,
#2019,#2020,#2021,#2022,#2023,#2024,#2025,#2026,#2027,#2028,#2029,#2030,
#2031,#2032,#2033),(#2034,#2035,#2036,#2037,#2038,#2039,#2040,#2041,#2042,
#2043,#2044,#2045,#2046,#2047,#2048,#2049,#2050,#2051,#2052,#2053,#2054,
#2055,#2056,#2057,#2058,#2059,#2060,#2061,#2062,#2063,#2064,#2065,#2066,
#2067,#2068,#2069,#2070,#2071,#2072,#2073,#2074,#2075,#2076,#2077,#2078,
#2079,#2080,#2081,#2082,#2083,#2084,#2085,#2086,#2087,#2088,#2089,#2090,
#2091,#2092,#2093,#2094,#2095,#2096,#2097,#2098)),.UNSPECIFIED.,.F.,.F.,
 .F.,(4,1,4),(4,2,1,1,1,1,1,1,1,1,1,1,1,1,1,1,1,1,1,1,1,1,1,1,1,1,1,1,1,
1,1,1,1,1,1,1,1,1,1,1,1,1,1,1,1,1,1,1,1,1,1,1,1,1,1,1,1,1,1,1,1,4),(0.,
0.571428571428571,1.),(-0.0235358138850943,0.,0.0334198715609962,0.0668397431219924,
0.0710172270671169,0.0751947110122414,0.0835496789024905,0.087727162847615,
0.0919046467927395,0.0960821307378641,0.0971265017241452,0.0981708727104263,
0.100259614682989,0.116969550463487,0.133679486243985,0.13381003261727,
0.133940578990555,0.134005852177198,0.13407112536384,0.134201671737125,
0.134332218110411,0.134462764483696,0.134723857230266,0.135768228216547,
0.137856970189109,0.13890134117539,0.139945712161672,0.140990083147953,
0.142034454134234,0.146211938079358,0.150389422024483,0.152478163997045,
0.153522534983326,0.154566905969607,0.158744389914732,0.162921873859856,
0.167099357804981,0.17545432569523,0.183809293585479,0.192164261475728,
0.200519229365977,0.208874197256226,0.217229165146475,0.2214066490916,0.233939100926973,
0.250649036707472,0.259004004597721,0.26735897248797,0.284068908268468,
0.292423876158717,0.300778844048966,0.334198715609962,0.367618587170958,
0.401038458731954,0.434458330292951,0.467878201853947,0.501298073414943,
0.534717944975939,0.568137816536935,0.601557688097932,0.634977559658928,
0.668397431219924),.UNSPECIFIED.);
#25=FACE_BOUND('',#94,.T.);
#26=FACE_BOUND('',#95,.T.);
#27=FACE_BOUND('',#101,.T.);
#28=FACE_BOUND('',#102,.T.);
#29=FACE_BOUND('',#106,.T.);
#30=FACE_BOUND('',#116,.T.);
#31=CIRCLE('',#926,0.899999999999999);
#32=CIRCLE('',#927,0.899999999999999);
#33=CIRCLE('',#930,0.899999999999999);
#34=CIRCLE('',#931,0.899999999999999);
#35=CIRCLE('',#935,0.74999950023545);
#36=CIRCLE('',#937,1.);
#37=CIRCLE('',#942,1.);
#38=CIRCLE('',#949,0.74999950023545);
#39=(
BOUNDED_SURFACE()
B_SPLINE_SURFACE(5,1,((#1306,#1307),(#1308,#1309),(#1310,#1311),(#1312,
#1313),(#1314,#1315),(#1316,#1317),(#1318,#1319),(#1320,#1321),(#1322,#1323),
(#1324,#1325),(#1326,#1327),(#1328,#1329),(#1330,#1331),(#1332,#1333),(#1334,
#1335),(#1336,#1337),(#1338,#1339),(#1340,#1341),(#1342,#1343),(#1344,#1345),
(#1346,#1347),(#1348,#1349),(#1350,#1351),(#1352,#1353),(#1354,#1355)),
 .UNSPECIFIED.,.F.,.F.,.F.)
B_SPLINE_SURFACE_WITH_KNOTS((6,1,1,1,1,1,1,1,1,1,1,1,1,1,1,1,1,1,1,1,6),
(2,2),(0.,0.05,0.1,0.15,0.2,0.25,0.3,0.35,0.4,0.45,0.5,0.55,0.6,0.65,0.7,
0.75,0.8,0.85,0.9,0.95,1.),(0.,1.4),.UNSPECIFIED.)
GEOMETRIC_REPRESENTATION_ITEM()
RATIONAL_B_SPLINE_SURFACE(((1.,1.),(1.,1.),(1.,1.),(1.,1.),(1.,1.),(1.,
1.),(1.,1.),(1.,1.),(1.,1.),(1.,1.),(1.,1.),(1.,1.),(1.,1.),(1.,1.),(1.,
1.),(1.,1.),(1.,1.),(1.,1.),(1.,1.),(1.,1.),(1.,1.),(1.,1.),(1.,1.),(1.,
1.),(1.,1.)))
REPRESENTATION_ITEM('')
SURFACE()
);
#40=(
BOUNDED_SURFACE()
B_SPLINE_SURFACE(5,1,((#1636,#1637),(#1638,#1639),(#1640,#1641),(#1642,
#1643),(#1644,#1645),(#1646,#1647),(#1648,#1649),(#1650,#1651),(#1652,#1653),
(#1654,#1655),(#1656,#1657),(#1658,#1659),(#1660,#1661),(#1662,#1663),(#1664,
#1665),(#1666,#1667),(#1668,#1669),(#1670,#1671),(#1672,#1673),(#1674,#1675)),
 .UNSPECIFIED.,.F.,.F.,.F.)
B_SPLINE_SURFACE_WITH_KNOTS((6,1,1,1,1,1,1,1,1,1,1,1,1,1,1,6),(2,2),(0.,
0.0666666666666667,0.133333333333333,0.2,0.266666666666667,0.333333333333333,
0.4,0.466666666666667,0.533333333333333,0.6,0.666666666666667,0.733333333333333,
0.8,0.866666666666667,0.933333333333333,1.),(0.,0.9),.UNSPECIFIED.)
GEOMETRIC_REPRESENTATION_ITEM()
RATIONAL_B_SPLINE_SURFACE(((1.,1.),(1.,1.),(1.,1.),(1.,1.),(1.,1.),(1.,
1.),(1.,1.),(1.,1.),(1.,1.),(1.,1.),(1.,1.),(1.,1.),(1.,1.),(1.,1.),(1.,
1.),(1.,1.),(1.,1.),(1.,1.),(1.,1.),(1.,1.)))
REPRESENTATION_ITEM('')
SURFACE()
);
#41=(
BOUNDED_SURFACE()
B_SPLINE_SURFACE(5,1,((#2522,#2523),(#2524,#2525),(#2526,#2527),(#2528,
#2529),(#2530,#2531),(#2532,#2533),(#2534,#2535),(#2536,#2537),(#2538,#2539),
(#2540,#2541)),.UNSPECIFIED.,.F.,.F.,.F.)
B_SPLINE_SURFACE_WITH_KNOTS((6,1,1,1,1,6),(2,2),(-0.5,-0.4,-0.3,-0.2,-0.1,
0.),(0.,0.5),.UNSPECIFIED.)
GEOMETRIC_REPRESENTATION_ITEM()
RATIONAL_B_SPLINE_SURFACE(((1.,1.),(1.,1.),(1.,1.),(1.,1.),(1.,1.),(1.,
1.),(1.,1.),(1.,1.),(1.,1.),(1.,1.)))
REPRESENTATION_ITEM('')
SURFACE()
);
#42=(
BOUNDED_SURFACE()
B_SPLINE_SURFACE(5,1,((#2544,#2545),(#2546,#2547),(#2548,#2549),(#2550,
#2551),(#2552,#2553),(#2554,#2555),(#2556,#2557),(#2558,#2559),(#2560,#2561),
(#2562,#2563)),.UNSPECIFIED.,.F.,.F.,.F.)
B_SPLINE_SURFACE_WITH_KNOTS((6,1,1,1,1,6),(2,2),(-1.,-0.9,-0.8,-0.7,-0.6,
-0.5),(0.,0.5),.UNSPECIFIED.)
GEOMETRIC_REPRESENTATION_ITEM()
RATIONAL_B_SPLINE_SURFACE(((1.,1.),(1.,1.),(1.,1.),(1.,1.),(1.,1.),(1.,
1.),(1.,1.),(1.,1.),(1.,1.),(1.,1.)))
REPRESENTATION_ITEM('')
SURFACE()
);
#43=FACE_OUTER_BOUND('',#86,.T.);
#44=FACE_OUTER_BOUND('',#87,.T.);
#45=FACE_OUTER_BOUND('',#88,.T.);
#46=FACE_OUTER_BOUND('',#89,.T.);
#47=FACE_OUTER_BOUND('',#90,.T.);
#48=FACE_OUTER_BOUND('',#91,.T.);
#49=FACE_OUTER_BOUND('',#92,.T.);
#50=FACE_OUTER_BOUND('',#93,.T.);
#51=FACE_OUTER_BOUND('',#96,.T.);
#52=FACE_OUTER_BOUND('',#97,.T.);
#53=FACE_OUTER_BOUND('',#98,.T.);
#54=FACE_OUTER_BOUND('',#99,.T.);
#55=FACE_OUTER_BOUND('',#100,.T.);
#56=FACE_OUTER_BOUND('',#103,.T.);
#57=FACE_OUTER_BOUND('',#104,.T.);
#58=FACE_OUTER_BOUND('',#105,.T.);
#59=FACE_OUTER_BOUND('',#107,.T.);
#60=FACE_OUTER_BOUND('',#108,.T.);
#61=FACE_OUTER_BOUND('',#109,.T.);
#62=FACE_OUTER_BOUND('',#110,.T.);
#63=FACE_OUTER_BOUND('',#111,.T.);
#64=FACE_OUTER_BOUND('',#112,.T.);
#65=FACE_OUTER_BOUND('',#113,.T.);
#66=FACE_OUTER_BOUND('',#114,.T.);
#67=FACE_OUTER_BOUND('',#115,.T.);
#68=FACE_OUTER_BOUND('',#117,.T.);
#69=FACE_OUTER_BOUND('',#118,.T.);
#70=FACE_OUTER_BOUND('',#119,.T.);
#71=FACE_OUTER_BOUND('',#120,.T.);
#72=FACE_OUTER_BOUND('',#121,.T.);
#73=FACE_OUTER_BOUND('',#122,.T.);
#74=FACE_OUTER_BOUND('',#123,.T.);
#75=FACE_OUTER_BOUND('',#124,.T.);
#76=FACE_OUTER_BOUND('',#125,.T.);
#77=FACE_OUTER_BOUND('',#126,.T.);
#78=FACE_OUTER_BOUND('',#127,.T.);
#79=FACE_OUTER_BOUND('',#128,.T.);
#80=FACE_OUTER_BOUND('',#129,.T.);
#81=FACE_OUTER_BOUND('',#130,.T.);
#82=FACE_OUTER_BOUND('',#131,.T.);
#83=FACE_OUTER_BOUND('',#132,.T.);
#84=FACE_OUTER_BOUND('',#133,.T.);
#85=FACE_OUTER_BOUND('',#134,.T.);
#86=EDGE_LOOP('',(#565,#566,#567,#568));
#87=EDGE_LOOP('',(#569,#570,#571,#572));
#88=EDGE_LOOP('',(#573,#574,#575,#576,#577,#578,#579,#580,#581,#582));
#89=EDGE_LOOP('',(#583,#584,#585,#586,#587));
#90=EDGE_LOOP('',(#588,#589,#590,#591));
#91=EDGE_LOOP('',(#592,#593,#594,#595,#596,#597,#598,#599,#600,#601,#602));
#92=EDGE_LOOP('',(#603,#604,#605,#606));
#93=EDGE_LOOP('',(#607,#608,#609,#610));
#94=EDGE_LOOP('',(#611));
#95=EDGE_LOOP('',(#612));
#96=EDGE_LOOP('',(#613,#614,#615,#616));
#97=EDGE_LOOP('',(#617,#618,#619,#620,#621,#622,#623,#624));
#98=EDGE_LOOP('',(#625,#626,#627,#628,#629,#630,#631,#632,#633,#634,#635,
#636));
#99=EDGE_LOOP('',(#637,#638,#639,#640,#641,#642,#643,#644));
#100=EDGE_LOOP('',(#645,#646,#647,#648,#649,#650,#651,#652,#653,#654,#655));
#101=EDGE_LOOP('',(#656));
#102=EDGE_LOOP('',(#657));
#103=EDGE_LOOP('',(#658,#659,#660,#661,#662,#663));
#104=EDGE_LOOP('',(#664,#665,#666,#667,#668));
#105=EDGE_LOOP('',(#669,#670,#671,#672,#673,#674,#675,#676,#677));
#106=EDGE_LOOP('',(#678));
#107=EDGE_LOOP('',(#679,#680,#681));
#108=EDGE_LOOP('',(#682,#683,#684,#685));
#109=EDGE_LOOP('',(#686,#687,#688,#689,#690,#691,#692,#693,#694));
#110=EDGE_LOOP('',(#695,#696,#697));
#111=EDGE_LOOP('',(#698,#699,#700,#701,#702,#703,#704,#705,#706));
#112=EDGE_LOOP('',(#707,#708,#709,#710));
#113=EDGE_LOOP('',(#711,#712,#713,#714,#715,#716,#717,#718,#719,#720));
#114=EDGE_LOOP('',(#721,#722,#723,#724));
#115=EDGE_LOOP('',(#725,#726,#727,#728,#729,#730,#731,#732,#733,#734,#735,
#736,#737));
#116=EDGE_LOOP('',(#738));
#117=EDGE_LOOP('',(#739,#740,#741,#742));
#118=EDGE_LOOP('',(#743,#744,#745,#746));
#119=EDGE_LOOP('',(#747,#748,#749,#750));
#120=EDGE_LOOP('',(#751,#752,#753,#754));
#121=EDGE_LOOP('',(#755,#756,#757,#758,#759));
#122=EDGE_LOOP('',(#760,#761,#762,#763,#764,#765));
#123=EDGE_LOOP('',(#766,#767,#768,#769));
#124=EDGE_LOOP('',(#770,#771,#772,#773));
#125=EDGE_LOOP('',(#774,#775,#776,#777,#778,#779,#780,#781));
#126=EDGE_LOOP('',(#782,#783,#784,#785,#786,#787,#788,#789));
#127=EDGE_LOOP('',(#790,#791,#792,#793));
#128=EDGE_LOOP('',(#794,#795,#796,#797,#798,#799,#800));
#129=EDGE_LOOP('',(#801,#802,#803,#804,#805,#806));
#130=EDGE_LOOP('',(#807,#808,#809,#810));
#131=EDGE_LOOP('',(#811,#812,#813,#814));
#132=EDGE_LOOP('',(#815,#816,#817,#818));
#133=EDGE_LOOP('',(#819,#820,#821,#822));
#134=EDGE_LOOP('',(#823,#824,#825,#826,#827,#828));
#135=LINE('',#1160,#224);
#136=LINE('',#1162,#225);
#137=LINE('',#1163,#226);
#138=LINE('',#1167,#227);
#139=LINE('',#1169,#228);
#140=LINE('',#1171,#229);
#141=LINE('',#1172,#230);
#142=LINE('',#1175,#231);
#143=LINE('',#1177,#232);
#144=LINE('',#1179,#233);
#145=LINE('',#1181,#234);
#146=LINE('',#1183,#235);
#147=LINE('',#1185,#236);
#148=LINE('',#1186,#237);
#149=LINE('',#1187,#238);
#150=LINE('',#1305,#239);
#151=LINE('',#1369,#240);
#152=LINE('',#1372,#241);
#153=LINE('',#1374,#242);
#154=LINE('',#1376,#243);
#155=LINE('',#1378,#244);
#156=LINE('',#1380,#245);
#157=LINE('',#1382,#246);
#158=LINE('',#1403,#247);
#159=LINE('',#1406,#248);
#160=LINE('',#1407,#249);
#161=LINE('',#1410,#250);
#162=LINE('',#1411,#251);
#163=LINE('',#1418,#252);
#164=LINE('',#1419,#253);
#165=LINE('',#2332,#254);
#166=LINE('',#2333,#255);
#167=LINE('',#2335,#256);
#168=LINE('',#2337,#257);
#169=LINE('',#2339,#258);
#170=LINE('',#2341,#259);
#171=LINE('',#2343,#260);
#172=LINE('',#2344,#261);
#173=LINE('',#2351,#262);
#174=LINE('',#2353,#263);
#175=LINE('',#2355,#264);
#176=LINE('',#2356,#265);
#177=LINE('',#2359,#266);
#178=LINE('',#2361,#267);
#179=LINE('',#2362,#268);
#180=LINE('',#2365,#269);
#181=LINE('',#2439,#270);
#182=LINE('',#2441,#271);
#183=LINE('',#2442,#272);
#184=LINE('',#2450,#273);
#185=LINE('',#2452,#274);
#186=LINE('',#2454,#275);
#187=LINE('',#2455,#276);
#188=LINE('',#2458,#277);
#189=LINE('',#2460,#278);
#190=LINE('',#2463,#279);
#191=LINE('',#2464,#280);
#192=LINE('',#2471,#281);
#193=LINE('',#2473,#282);
#194=LINE('',#2475,#283);
#195=LINE('',#2477,#284);
#196=LINE('',#2478,#285);
#197=LINE('',#2481,#286);
#198=LINE('',#2483,#287);
#199=LINE('',#2484,#288);
#200=LINE('',#2486,#289);
#201=LINE('',#2488,#290);
#202=LINE('',#2503,#291);
#203=LINE('',#2505,#292);
#204=LINE('',#2506,#293);
#205=LINE('',#2507,#294);
#206=LINE('',#2521,#295);
#207=LINE('',#2542,#296);
#208=LINE('',#2543,#297);
#209=LINE('',#2566,#298);
#210=LINE('',#2567,#299);
#211=LINE('',#2569,#300);
#212=LINE('',#2571,#301);
#213=LINE('',#2574,#302);
#214=LINE('',#2575,#303);
#215=LINE('',#2577,#304);
#216=LINE('',#2578,#305);
#217=LINE('',#2580,#306);
#218=LINE('',#2582,#307);
#219=LINE('',#2583,#308);
#220=LINE('',#2585,#309);
#221=LINE('',#2589,#310);
#222=LINE('',#2592,#311);
#223=LINE('',#2594,#312);
#224=VECTOR('',#970,10.);
#225=VECTOR('',#971,10.);
#226=VECTOR('',#972,10.);
#227=VECTOR('',#975,10.);
#228=VECTOR('',#976,10.);
#229=VECTOR('',#977,10.);
#230=VECTOR('',#978,10.);
#231=VECTOR('',#981,10.);
#232=VECTOR('',#982,10.);
#233=VECTOR('',#983,10.);
#234=VECTOR('',#984,10.);
#235=VECTOR('',#985,10.);
#236=VECTOR('',#986,10.);
#237=VECTOR('',#987,10.);
#238=VECTOR('',#988,10.);
#239=VECTOR('',#991,10.);
#240=VECTOR('',#992,10.);
#241=VECTOR('',#995,10.);
#242=VECTOR('',#996,10.);
#243=VECTOR('',#997,10.);
#244=VECTOR('',#998,10.);
#245=VECTOR('',#999,10.);
#246=VECTOR('',#1000,10.);
#247=VECTOR('',#1001,10.);
#248=VECTOR('',#1004,10.);
#249=VECTOR('',#1005,10.);
#250=VECTOR('',#1008,10.);
#251=VECTOR('',#1009,10.);
#252=VECTOR('',#1016,10.);
#253=VECTOR('',#1017,10.);
#254=VECTOR('',#1020,10.);
#255=VECTOR('',#1021,10.);
#256=VECTOR('',#1022,10.);
#257=VECTOR('',#1023,10.);
#258=VECTOR('',#1024,10.);
#259=VECTOR('',#1025,10.);
#260=VECTOR('',#1026,10.);
#261=VECTOR('',#1027,10.);
#262=VECTOR('',#1034,10.);
#263=VECTOR('',#1035,10.);
#264=VECTOR('',#1036,10.);
#265=VECTOR('',#1037,10.);
#266=VECTOR('',#1040,10.);
#267=VECTOR('',#1041,10.);
#268=VECTOR('',#1042,10.);
#269=VECTOR('',#1045,10.);
#270=VECTOR('',#1046,10.);
#271=VECTOR('',#1047,10.);
#272=VECTOR('',#1048,10.);
#273=VECTOR('',#1057,10.);
#274=VECTOR('',#1058,10.);
#275=VECTOR('',#1059,10.);
#276=VECTOR('',#1060,10.);
#277=VECTOR('',#1063,10.);
#278=VECTOR('',#1064,10.);
#279=VECTOR('',#1067,10.);
#280=VECTOR('',#1068,10.);
#281=VECTOR('',#1077,10.);
#282=VECTOR('',#1078,10.);
#283=VECTOR('',#1079,10.);
#284=VECTOR('',#1080,10.);
#285=VECTOR('',#1081,10.);
#286=VECTOR('',#1084,10.);
#287=VECTOR('',#1085,10.);
#288=VECTOR('',#1086,10.);
#289=VECTOR('',#1089,10.);
#290=VECTOR('',#1092,10.);
#291=VECTOR('',#1095,10.);
#292=VECTOR('',#1096,10.);
#293=VECTOR('',#1097,10.);
#294=VECTOR('',#1098,10.);
#295=VECTOR('',#1103,0.74999950023545);
#296=VECTOR('',#1104,10.);
#297=VECTOR('',#1105,10.);
#298=VECTOR('',#1108,10.);
#299=VECTOR('',#1109,10.);
#300=VECTOR('',#1112,10.);
#301=VECTOR('',#1115,10.);
#302=VECTOR('',#1118,10.);
#303=VECTOR('',#1119,10.);
#304=VECTOR('',#1122,10.);
#305=VECTOR('',#1123,10.);
#306=VECTOR('',#1126,10.);
#307=VECTOR('',#1129,10.);
#308=VECTOR('',#1130,10.);
#309=VECTOR('',#1133,10.);
#310=VECTOR('',#1140,10.);
#311=VECTOR('',#1145,0.899999999999999);
#312=VECTOR('',#1148,0.899999999999999);
#313=B_SPLINE_CURVE_WITH_KNOTS('',3,(#1155,#1156,#1157,#1158),
 .UNSPECIFIED.,.F.,.F.,(4,4),(-0.000250033260105254,0.),.UNSPECIFIED.);
#314=B_SPLINE_CURVE_WITH_KNOTS('',3,(#1190,#1191,#1192,#1193,#1194,#1195,
#1196,#1197,#1198,#1199,#1200,#1201,#1202,#1203,#1204,#1205,#1206,#1207,
#1208,#1209,#1210,#1211,#1212,#1213,#1214,#1215,#1216,#1217,#1218,#1219,
#1220,#1221,#1222,#1223,#1224,#1225,#1226,#1227,#1228,#1229,#1230,#1231,
#1232,#1233,#1234,#1235,#1236,#1237,#1238,#1239,#1240,#1241,#1242,#1243,
#1244,#1245,#1246,#1247,#1248,#1249,#1250,#1251,#1252,#1253,#1254,#1255,
#1256,#1257,#1258,#1259,#1260,#1261,#1262,#1263,#1264,#1265,#1266,#1267,
#1268,#1269,#1270,#1271,#1272,#1273,#1274,#1275,#1276,#1277,#1278,#1279,
#1280,#1281,#1282,#1283,#1284,#1285,#1286,#1287,#1288,#1289,#1290,#1291,
#1292,#1293,#1294,#1295,#1296,#1297,#1298,#1299,#1300,#1301,#1302,#1303,
#1304),.UNSPECIFIED.,.F.,.F.,(4,3,3,3,3,3,3,3,3,3,3,3,3,3,3,3,3,3,3,3,3,
3,3,3,3,3,3,3,3,3,3,3,3,3,3,3,3,3,4),(-1.54469773565906,-1.4856118064619,
-1.43066515190325,-1.37967037224498,-1.33150211992204,-1.28568214136348,
-1.24190870088115,-1.1994723879524,-1.15801851193055,-1.11811913483037,
-1.07971493956476,-1.04084119971305,-0.999801708066827,-0.953821599677939,
-0.897343217532662,-0.855940391900548,-0.819016240772144,-0.78451930076242,
-0.75174073769296,-0.720628785585551,-0.690873167881279,-0.661823335711845,
-0.632359717533183,-0.602341556607859,-0.571306296197289,-0.536842387243881,
-0.498704057556951,-0.455127491648195,-0.404507490861358,-0.363268282734929,
-0.327477531809631,-0.292813776002614,-0.260835397794955,-0.2279866729744,
-0.194065224017375,-0.157948629093219,-0.120220897260565,-0.0788174506325066,
-0.0501674853535001),.UNSPECIFIED.);
#315=B_SPLINE_CURVE_WITH_KNOTS('',3,(#1357,#1358,#1359,#1360,#1361,#1362,
#1363,#1364,#1365,#1366,#1367,#1368),.UNSPECIFIED.,.F.,.F.,(4,2,2,2,2,4),
(-6.99829334199036,-6.42088969433972,-5.30414981603628,-3.91224075608791,
-2.4044585952719,-2.59812455993824E-8),.UNSPECIFIED.);
#316=B_SPLINE_CURVE_WITH_KNOTS('',3,(#1384,#1385,#1386,#1387,#1388,#1389,
#1390,#1391,#1392,#1393,#1394,#1395,#1396,#1397,#1398,#1399,#1400,#1401,
#1402),.UNSPECIFIED.,.F.,.F.,(4,1,1,1,1,1,1,1,1,1,1,1,1,1,1,1,4),(-0.0151430515062117,
0.252215864734434,0.319055593794596,0.385895322854758,0.419315187384838,
0.436025119649879,0.452735051914919,0.46944498417996,0.486154916445,0.50286484871004,
0.519574780975081,0.527929747107601,0.536284713240121,0.552994645505162,
0.586414510035242,0.619834374565323,0.649949890023485),.UNSPECIFIED.);
#317=B_SPLINE_CURVE_WITH_KNOTS('',3,(#1527,#1528,#1529,#1530,#1531,#1532,
#1533,#1534,#1535,#1536,#1537,#1538,#1539,#1540,#1541,#1542),
 .UNSPECIFIED.,.F.,.F.,(4,3,3,3,3,4),(0.,0.00115324620032382,0.0026256200493326,
0.00446433778918069,0.00523799423300187,0.00672846482531655),
 .UNSPECIFIED.);
#318=B_SPLINE_CURVE_WITH_KNOTS('',3,(#1544,#1545,#1546,#1547,#1548,#1549,
#1550,#1551,#1552,#1553,#1554,#1555,#1556),.UNSPECIFIED.,.F.,.F.,(4,1,1,
1,1,1,1,1,1,1,4),(-0.517931008688812,-0.50286484871004,-0.486154916445,
-0.46944498417996,-0.452735051914919,-0.436025119649879,-0.419315187384838,
-0.385895322854758,-0.319055593794596,-0.252215864734434,-2.62858404316654E-7),
 .UNSPECIFIED.);
#319=B_SPLINE_CURVE_WITH_KNOTS('',3,(#1557,#1558,#1559,#1560,#1561,#1562,
#1563,#1564,#1565,#1566,#1567,#1568,#1569,#1570,#1571,#1572,#1573,#1574,
#1575,#1576,#1577,#1578,#1579,#1580,#1581,#1582,#1583,#1584,#1585,#1586,
#1587,#1588,#1589,#1590),.UNSPECIFIED.,.F.,.F.,(4,3,3,3,3,3,3,3,3,3,3,4),
(0.,0.00203917381239886,0.00220059506413436,0.00411557572324385,0.00485090365444899,
0.00705564251745812,0.00766780505213531,0.00887528560398204,0.0123056695247834,
0.0147144353556837,0.0180603112140907,0.0207125397745483),.UNSPECIFIED.);
#320=B_SPLINE_CURVE_WITH_KNOTS('',3,(#1592,#1593,#1594,#1595),
 .UNSPECIFIED.,.F.,.F.,(4,4),(0.,0.00182226690858517),.UNSPECIFIED.);
#321=B_SPLINE_CURVE_WITH_KNOTS('',3,(#1597,#1598,#1599,#1600,#1601,#1602,
#1603),.UNSPECIFIED.,.F.,.F.,(4,3,4),(0.595123528041941,0.603542416251932,
0.680545297874887),.UNSPECIFIED.);
#322=B_SPLINE_CURVE_WITH_KNOTS('',3,(#1605,#1606,#1607,#1608,#1609,#1610),
 .UNSPECIFIED.,.F.,.F.,(4,2,4),(0.00554842291564523,0.025286049369649,0.0314035981977342),
 .UNSPECIFIED.);
#323=B_SPLINE_CURVE_WITH_KNOTS('',3,(#1611,#1612,#1613,#1614,#1615,#1616,
#1617,#1618,#1619,#1620,#1621,#1622,#1623,#1624,#1625,#1626,#1627,#1628,
#1629,#1630,#1631,#1632,#1633,#1634,#1635),.UNSPECIFIED.,.F.,.F.,(4,3,3,
3,3,3,3,3,4),(0.1767287054725,0.193161389723974,0.218246175121262,0.243330960518549,
0.293500531313123,0.393839672902271,0.49417881449142,0.594517956080569,
0.605923227237883),.UNSPECIFIED.);
#324=B_SPLINE_CURVE_WITH_KNOTS('',3,(#1677,#1678,#1679,#1680),
 .UNSPECIFIED.,.F.,.F.,(4,4),(-0.115149012803585,-0.0659629239118045),
 .UNSPECIFIED.);
#325=B_SPLINE_CURVE_WITH_KNOTS('',3,(#1682,#1683,#1684,#1685,#1686,#1687),
 .UNSPECIFIED.,.F.,.F.,(4,2,4),(0.390703576877041,0.650160684071948,0.869184075340575),
 .UNSPECIFIED.);
#326=B_SPLINE_CURVE_WITH_KNOTS('',3,(#1689,#1690,#1691,#1692),
 .UNSPECIFIED.,.F.,.F.,(4,4),(0.18416613508125,0.390703576877041),
 .UNSPECIFIED.);
#327=B_SPLINE_CURVE_WITH_KNOTS('',3,(#1694,#1695,#1696,#1697),
 .UNSPECIFIED.,.F.,.F.,(4,4),(0.0987463943075035,0.18416613508125),
 .UNSPECIFIED.);
#328=B_SPLINE_CURVE_WITH_KNOTS('',3,(#1699,#1700,#1701,#1702),
 .UNSPECIFIED.,.F.,.F.,(4,4),(0.170000000000002,0.630000000000004),
 .UNSPECIFIED.);
#329=B_SPLINE_CURVE_WITH_KNOTS('',3,(#1704,#1705,#1706,#1707),
 .UNSPECIFIED.,.F.,.F.,(4,4),(0.250815693399407,0.26939077471503),
 .UNSPECIFIED.);
#330=B_SPLINE_CURVE_WITH_KNOTS('',3,(#1709,#1710,#1711,#1712),
 .UNSPECIFIED.,.F.,.F.,(4,4),(0.206093149917191,0.250815693399407),
 .UNSPECIFIED.);
#331=B_SPLINE_CURVE_WITH_KNOTS('',3,(#1714,#1715,#1716,#1717,#1718,#1719),
 .UNSPECIFIED.,.F.,.F.,(4,2,4),(0.1042208682266,0.141265266165456,0.206093149917191),
 .UNSPECIFIED.);
#332=B_SPLINE_CURVE_WITH_KNOTS('',3,(#1721,#1722,#1723,#1724),
 .UNSPECIFIED.,.F.,.F.,(4,4),(-0.0540370753698325,-0.00489896836762418),
 .UNSPECIFIED.);
#333=B_SPLINE_CURVE_WITH_KNOTS('',3,(#1726,#1727,#1728,#1729,#1730,#1731,
#1732,#1733,#1734,#1735,#1736,#1737,#1738,#1739,#1740,#1741,#1742,#1743,
#1744,#1745,#1746,#1747,#1748,#1749,#1750,#1751,#1752,#1753,#1754,#1755,
#1756,#1757,#1758,#1759,#1760,#1761,#1762,#1763,#1764,#1765,#1766,#1767),
 .UNSPECIFIED.,.F.,.F.,(4,1,1,1,1,1,1,1,1,1,1,1,1,1,1,1,1,1,1,1,1,1,1,1,
1,1,1,1,1,1,1,1,1,1,1,1,1,1,1,4),(-0.653254918177307,-0.634977559658928,
-0.601557688097932,-0.568137816536935,-0.534717944975939,-0.501298073414943,
-0.467878201853947,-0.434458330292951,-0.401038458731954,-0.367618587170958,
-0.334198715609962,-0.300778844048966,-0.292423876158717,-0.284068908268468,
-0.26735897248797,-0.259004004597721,-0.250649036707472,-0.233939100926973,
-0.2214066490916,-0.217229165146475,-0.208874197256226,-0.200519229365977,
-0.192164261475728,-0.183809293585479,-0.17545432569523,-0.167099357804981,
-0.162921873859856,-0.158744389914732,-0.154566905969607,-0.153522534983326,
-0.152478163997045,-0.150389422024483,-0.146211938079358,-0.142034454134234,
-0.140990083147953,-0.139945712161672,-0.13890134117539,-0.137856970189109,
-0.135768228216547,-0.135346736834364),.UNSPECIFIED.);
#334=B_SPLINE_CURVE_WITH_KNOTS('',3,(#1768,#1769,#1770,#1771,#1772,#1773),
 .UNSPECIFIED.,.F.,.F.,(4,2,4),(-0.615101020456505,-0.350000000000029,-0.0848509871964147),
 .UNSPECIFIED.);
#335=B_SPLINE_CURVE_WITH_KNOTS('',3,(#2100,#2101,#2102,#2103,#2104,#2105,
#2106,#2107,#2108,#2109,#2110,#2111,#2112,#2113,#2114,#2115,#2116,#2117,
#2118,#2119,#2120,#2121,#2122,#2123,#2124,#2125,#2126,#2127,#2128,#2129,
#2130),.UNSPECIFIED.,.F.,.F.,(4,3,3,3,3,3,3,3,3,3,4),(0.,0.00422547097781404,
0.00859175512092754,0.0116459135917563,0.0157409286728695,0.0164123660432128,
0.0192651605192688,0.0221164689320673,0.023606952088935,0.0255749872198695,
0.0274766687978491),.UNSPECIFIED.);
#336=B_SPLINE_CURVE_WITH_KNOTS('',3,(#2132,#2133,#2134,#2135,#2136,#2137,
#2138,#2139,#2140,#2141,#2142,#2143,#2144,#2145,#2146,#2147,#2148,#2149,
#2150,#2151,#2152,#2153,#2154,#2155,#2156),.UNSPECIFIED.,.F.,.F.,(4,3,3,
3,3,3,3,3,4),(0.0312125967537327,0.031936703748114,0.0344348309184399,0.0370522675265023,
0.0406381400695369,0.0414185195699835,0.0414898790446314,0.0433711460137447,
0.0451365171961893),.UNSPECIFIED.);
#337=B_SPLINE_CURVE_WITH_KNOTS('',3,(#2158,#2159,#2160,#2161,#2162,#2163,
#2164,#2165,#2166,#2167,#2168,#2169,#2170,#2171,#2172,#2173,#2174,#2175,
#2176,#2177,#2178,#2179,#2180,#2181,#2182,#2183,#2184,#2185,#2186,#2187,
#2188,#2189,#2190,#2191,#2192,#2193,#2194,#2195,#2196,#2197,#2198,#2199,
#2200,#2201,#2202,#2203,#2204,#2205,#2206,#2207,#2208,#2209,#2210,#2211,
#2212,#2213,#2214,#2215,#2216,#2217,#2218,#2219,#2220,#2221,#2222,#2223,
#2224,#2225,#2226,#2227,#2228,#2229,#2230,#2231,#2232,#2233,#2234,#2235,
#2236),.UNSPECIFIED.,.F.,.F.,(4,3,3,3,3,3,3,3,3,3,3,3,3,3,3,3,3,3,3,3,3,
3,3,3,3,3,4),(0.0766275507765968,0.088433687562473,0.190129370252141,0.291825052941808,
0.304537013278017,0.317248973614225,0.342672894286642,0.355384854622851,
0.368096814959059,0.380808775295268,0.38398676537932,0.387164755463372,
0.393520735631476,0.44436857697631,0.495216418321144,0.49561366708165,0.496010915842157,
0.49620954022241,0.496408164602663,0.49680541336317,0.497202662123676,0.497599910884183,
0.498394408405196,0.501572398489248,0.507928378657352,0.511106368741404,
0.51212133436956),.UNSPECIFIED.);
#338=B_SPLINE_CURVE_WITH_KNOTS('',3,(#2238,#2239,#2240,#2241,#2242,#2243,
#2244,#2245,#2246,#2247,#2248,#2249,#2250,#2251,#2252,#2253),
 .UNSPECIFIED.,.F.,.F.,(4,3,3,3,3,4),(0.00659432632443011,0.00928633637414457,
0.0113636992397266,0.0152321659303863,0.0190964789268197,0.0205537659827177),
 .UNSPECIFIED.);
#339=B_SPLINE_CURVE_WITH_KNOTS('',3,(#2255,#2256,#2257,#2258,#2259,#2260,
#2261),.UNSPECIFIED.,.F.,.F.,(4,3,4),(0.0520569982212437,0.101360766887262,
0.106752875379088),.UNSPECIFIED.);
#340=B_SPLINE_CURVE_WITH_KNOTS('',3,(#2263,#2264,#2265,#2266),
 .UNSPECIFIED.,.F.,.F.,(4,4),(0.0137974640747786,0.0161512061139237),
 .UNSPECIFIED.);
#341=B_SPLINE_CURVE_WITH_KNOTS('',3,(#2267,#2268,#2269,#2270,#2271,#2272,
#2273,#2274,#2275,#2276,#2277,#2278,#2279,#2280,#2281,#2282,#2283,#2284,
#2285,#2286,#2287,#2288,#2289,#2290,#2291,#2292,#2293,#2294,#2295,#2296,
#2297,#2298,#2299,#2300,#2301,#2302,#2303,#2304,#2305,#2306,#2307,#2308,
#2309,#2310,#2311,#2312,#2313,#2314,#2315,#2316,#2317,#2318,#2319,#2320,
#2321,#2322,#2323,#2324,#2325,#2326,#2327,#2328,#2329),.UNSPECIFIED.,.F.,
 .F.,(4,1,1,1,1,1,1,1,1,1,1,1,1,1,1,1,1,1,1,1,1,1,1,1,1,1,1,1,1,1,1,1,1,
1,1,1,1,1,1,1,1,1,1,1,1,1,1,1,1,1,1,1,1,1,1,1,1,1,1,1,4),(0.00330623261846377,
0.0334198715609962,0.0668397431219924,0.0710172270671169,0.0751947110122414,
0.0835496789024905,0.087727162847615,0.0919046467927395,0.0960821307378641,
0.0971265017241452,0.0981708727104263,0.100259614682989,0.116969550463487,
0.133679486243985,0.13381003261727,0.133940578990555,0.134005852177198,
0.13407112536384,0.134201671737125,0.134332218110411,0.134462764483696,
0.134723857230266,0.135768228216547,0.137856970189109,0.13890134117539,
0.139945712161672,0.140990083147953,0.142034454134234,0.146211938079358,
0.150389422024483,0.152478163997045,0.153522534983326,0.154566905969607,
0.158744389914732,0.162921873859856,0.167099357804981,0.17545432569523,
0.183809293585479,0.192164261475728,0.200519229365977,0.208874197256226,
0.217229165146475,0.2214066490916,0.233939100926973,0.250649036707472,0.259004004597721,
0.26735897248797,0.284068908268468,0.292423876158717,0.300778844048966,
0.334198715609962,0.367618587170958,0.401038458731954,0.434458330292951,
0.467878201853947,0.501298073414943,0.534717944975939,0.568137816536935,
0.601557688097932,0.634977559658928,0.668397431219924),.UNSPECIFIED.);
#342=B_SPLINE_CURVE_WITH_KNOTS('',3,(#2367,#2368,#2369,#2370,#2371,#2372,
#2373,#2374,#2375,#2376,#2377,#2378,#2379,#2380,#2381,#2382,#2383,#2384,
#2385,#2386,#2387,#2388,#2389,#2390,#2391,#2392,#2393,#2394,#2395,#2396,
#2397,#2398,#2399,#2400,#2401,#2402,#2403),.UNSPECIFIED.,.F.,.F.,(4,3,3,
3,3,3,3,3,3,3,3,3,4),(0.,0.041858640502581,0.0842156101098537,0.127362526370876,
0.172226463349443,0.221586146525625,0.277559382378702,0.336497665686214,
0.383126884542682,0.425115836988069,0.46383686439175,0.499576576073081,
0.513312515608749),.UNSPECIFIED.);
#343=B_SPLINE_CURVE_WITH_KNOTS('',3,(#2404,#2405,#2406,#2407,#2408,#2409,
#2410,#2411,#2412,#2413,#2414,#2415,#2416,#2417,#2418,#2419,#2420,#2421,
#2422,#2423,#2424,#2425,#2426,#2427,#2428,#2429,#2430,#2431,#2432,#2433,
#2434,#2435,#2436,#2437),.UNSPECIFIED.,.F.,.F.,(4,3,3,3,3,3,3,3,3,3,3,4),
(0.,0.0290754967729291,0.0601763540885486,0.094390921959752,0.134175673309619,
0.20373806302447,0.24468702125192,0.28205483042954,0.317059490955835,0.351299447474623,
0.384990395669208,0.412425232169025),.UNSPECIFIED.);
#344=VERTEX_POINT('',#1153);
#345=VERTEX_POINT('',#1154);
#346=VERTEX_POINT('',#1159);
#347=VERTEX_POINT('',#1161);
#348=VERTEX_POINT('',#1165);
#349=VERTEX_POINT('',#1166);
#350=VERTEX_POINT('',#1168);
#351=VERTEX_POINT('',#1170);
#352=VERTEX_POINT('',#1174);
#353=VERTEX_POINT('',#1176);
#354=VERTEX_POINT('',#1178);
#355=VERTEX_POINT('',#1180);
#356=VERTEX_POINT('',#1182);
#357=VERTEX_POINT('',#1184);
#358=VERTEX_POINT('',#1189);
#359=VERTEX_POINT('',#1356);
#360=VERTEX_POINT('',#1371);
#361=VERTEX_POINT('',#1373);
#362=VERTEX_POINT('',#1375);
#363=VERTEX_POINT('',#1377);
#364=VERTEX_POINT('',#1379);
#365=VERTEX_POINT('',#1381);
#366=VERTEX_POINT('',#1383);
#367=VERTEX_POINT('',#1405);
#368=VERTEX_POINT('',#1409);
#369=VERTEX_POINT('',#1412);
#370=VERTEX_POINT('',#1414);
#371=VERTEX_POINT('',#1417);
#372=VERTEX_POINT('',#1525);
#373=VERTEX_POINT('',#1526);
#374=VERTEX_POINT('',#1543);
#375=VERTEX_POINT('',#1591);
#376=VERTEX_POINT('',#1596);
#377=VERTEX_POINT('',#1604);
#378=VERTEX_POINT('',#1676);
#379=VERTEX_POINT('',#1681);
#380=VERTEX_POINT('',#1688);
#381=VERTEX_POINT('',#1693);
#382=VERTEX_POINT('',#1698);
#383=VERTEX_POINT('',#1703);
#384=VERTEX_POINT('',#1708);
#385=VERTEX_POINT('',#1713);
#386=VERTEX_POINT('',#1720);
#387=VERTEX_POINT('',#1725);
#388=VERTEX_POINT('',#2099);
#389=VERTEX_POINT('',#2131);
#390=VERTEX_POINT('',#2157);
#391=VERTEX_POINT('',#2237);
#392=VERTEX_POINT('',#2254);
#393=VERTEX_POINT('',#2262);
#394=VERTEX_POINT('',#2331);
#395=VERTEX_POINT('',#2334);
#396=VERTEX_POINT('',#2336);
#397=VERTEX_POINT('',#2338);
#398=VERTEX_POINT('',#2340);
#399=VERTEX_POINT('',#2342);
#400=VERTEX_POINT('',#2345);
#401=VERTEX_POINT('',#2347);
#402=VERTEX_POINT('',#2350);
#403=VERTEX_POINT('',#2352);
#404=VERTEX_POINT('',#2354);
#405=VERTEX_POINT('',#2358);
#406=VERTEX_POINT('',#2360);
#407=VERTEX_POINT('',#2364);
#408=VERTEX_POINT('',#2366);
#409=VERTEX_POINT('',#2438);
#410=VERTEX_POINT('',#2440);
#411=VERTEX_POINT('',#2443);
#412=VERTEX_POINT('',#2448);
#413=VERTEX_POINT('',#2449);
#414=VERTEX_POINT('',#2451);
#415=VERTEX_POINT('',#2453);
#416=VERTEX_POINT('',#2457);
#417=VERTEX_POINT('',#2459);
#418=VERTEX_POINT('',#2462);
#419=VERTEX_POINT('',#2468);
#420=VERTEX_POINT('',#2470);
#421=VERTEX_POINT('',#2472);
#422=VERTEX_POINT('',#2474);
#423=VERTEX_POINT('',#2476);
#424=VERTEX_POINT('',#2480);
#425=VERTEX_POINT('',#2482);
#426=VERTEX_POINT('',#2490);
#427=VERTEX_POINT('',#2491);
#428=VERTEX_POINT('',#2502);
#429=VERTEX_POINT('',#2504);
#430=VERTEX_POINT('',#2518);
#431=VERTEX_POINT('',#2565);
#432=VERTEX_POINT('',#2573);
#433=EDGE_CURVE('',#344,#345,#313,.T.);
#434=EDGE_CURVE('',#344,#346,#135,.T.);
#435=EDGE_CURVE('',#347,#346,#136,.T.);
#436=EDGE_CURVE('',#345,#347,#137,.T.);
#437=EDGE_CURVE('',#348,#349,#138,.T.);
#438=EDGE_CURVE('',#348,#350,#139,.T.);
#439=EDGE_CURVE('',#351,#350,#140,.T.);
#440=EDGE_CURVE('',#349,#351,#141,.T.);
#441=EDGE_CURVE('',#352,#350,#142,.T.);
#442=EDGE_CURVE('',#353,#352,#143,.T.);
#443=EDGE_CURVE('',#354,#353,#144,.T.);
#444=EDGE_CURVE('',#355,#354,#145,.T.);
#445=EDGE_CURVE('',#356,#355,#146,.T.);
#446=EDGE_CURVE('',#357,#356,#147,.T.);
#447=EDGE_CURVE('',#347,#357,#148,.T.);
#448=EDGE_CURVE('',#346,#351,#149,.T.);
#449=EDGE_CURVE('',#358,#344,#314,.T.);
#450=EDGE_CURVE('',#358,#349,#150,.T.);
#451=EDGE_CURVE('',#345,#359,#315,.T.);
#452=EDGE_CURVE('',#358,#359,#151,.T.);
#453=EDGE_CURVE('',#360,#357,#152,.T.);
#454=EDGE_CURVE('',#361,#360,#153,.T.);
#455=EDGE_CURVE('',#361,#362,#154,.T.);
#456=EDGE_CURVE('',#363,#362,#155,.T.);
#457=EDGE_CURVE('',#364,#363,#156,.T.);
#458=EDGE_CURVE('',#365,#364,#157,.T.);
#459=EDGE_CURVE('',#366,#365,#316,.T.);
#460=EDGE_CURVE('',#359,#366,#158,.T.);
#461=EDGE_CURVE('',#367,#356,#159,.T.);
#462=EDGE_CURVE('',#367,#360,#160,.T.);
#463=EDGE_CURVE('',#355,#368,#161,.T.);
#464=EDGE_CURVE('',#367,#368,#162,.T.);
#465=EDGE_CURVE('',#369,#369,#31,.T.);
#466=EDGE_CURVE('',#370,#370,#32,.T.);
#467=EDGE_CURVE('',#354,#371,#163,.T.);
#468=EDGE_CURVE('',#368,#371,#164,.T.);
#469=EDGE_CURVE('',#372,#373,#317,.F.);
#470=EDGE_CURVE('',#373,#374,#318,.T.);
#471=EDGE_CURVE('',#374,#366,#319,.T.);
#472=EDGE_CURVE('',#365,#375,#320,.T.);
#473=EDGE_CURVE('',#375,#376,#321,.T.);
#474=EDGE_CURVE('',#376,#377,#322,.T.);
#475=EDGE_CURVE('',#372,#377,#323,.T.);
#476=EDGE_CURVE('',#373,#378,#324,.T.);
#477=EDGE_CURVE('',#379,#378,#325,.T.);
#478=EDGE_CURVE('',#380,#379,#326,.T.);
#479=EDGE_CURVE('',#381,#380,#327,.T.);
#480=EDGE_CURVE('',#382,#381,#328,.T.);
#481=EDGE_CURVE('',#383,#382,#329,.T.);
#482=EDGE_CURVE('',#384,#383,#330,.T.);
#483=EDGE_CURVE('',#385,#384,#331,.T.);
#484=EDGE_CURVE('',#385,#386,#332,.T.);
#485=EDGE_CURVE('',#387,#386,#333,.T.);
#486=EDGE_CURVE('',#387,#374,#334,.T.);
#487=EDGE_CURVE('',#388,#387,#335,.T.);
#488=EDGE_CURVE('',#389,#386,#336,.T.);
#489=EDGE_CURVE('',#389,#390,#337,.F.);
#490=EDGE_CURVE('',#390,#391,#338,.T.);
#491=EDGE_CURVE('',#391,#392,#339,.T.);
#492=EDGE_CURVE('',#392,#393,#340,.T.);
#493=EDGE_CURVE('',#393,#388,#341,.T.);
#494=EDGE_CURVE('',#348,#394,#165,.T.);
#495=EDGE_CURVE('',#388,#394,#166,.T.);
#496=EDGE_CURVE('',#395,#393,#167,.T.);
#497=EDGE_CURVE('',#396,#395,#168,.T.);
#498=EDGE_CURVE('',#396,#397,#169,.T.);
#499=EDGE_CURVE('',#397,#398,#170,.T.);
#500=EDGE_CURVE('',#399,#398,#171,.T.);
#501=EDGE_CURVE('',#352,#399,#172,.T.);
#502=EDGE_CURVE('',#400,#400,#33,.T.);
#503=EDGE_CURVE('',#401,#401,#34,.T.);
#504=EDGE_CURVE('',#392,#402,#173,.T.);
#505=EDGE_CURVE('',#402,#403,#174,.T.);
#506=EDGE_CURVE('',#403,#404,#175,.T.);
#507=EDGE_CURVE('',#404,#395,#176,.T.);
#508=EDGE_CURVE('',#391,#405,#177,.T.);
#509=EDGE_CURVE('',#405,#406,#178,.T.);
#510=EDGE_CURVE('',#402,#406,#179,.T.);
#511=EDGE_CURVE('',#407,#376,#180,.T.);
#512=EDGE_CURVE('',#407,#408,#342,.T.);
#513=EDGE_CURVE('',#408,#405,#343,.T.);
#514=EDGE_CURVE('',#409,#390,#181,.T.);
#515=EDGE_CURVE('',#410,#409,#182,.T.);
#516=EDGE_CURVE('',#377,#410,#183,.T.);
#517=EDGE_CURVE('',#411,#411,#35,.T.);
#518=EDGE_CURVE('',#409,#389,#36,.T.);
#519=EDGE_CURVE('',#412,#413,#184,.T.);
#520=EDGE_CURVE('',#413,#414,#185,.T.);
#521=EDGE_CURVE('',#414,#415,#186,.T.);
#522=EDGE_CURVE('',#415,#412,#187,.T.);
#523=EDGE_CURVE('',#413,#416,#188,.T.);
#524=EDGE_CURVE('',#416,#417,#189,.T.);
#525=EDGE_CURVE('',#417,#385,#21,.T.);
#526=EDGE_CURVE('',#418,#382,#190,.T.);
#527=EDGE_CURVE('',#418,#414,#191,.T.);
#528=EDGE_CURVE('',#410,#372,#37,.T.);
#529=EDGE_CURVE('',#378,#419,#22,.T.);
#530=EDGE_CURVE('',#419,#420,#192,.T.);
#531=EDGE_CURVE('',#420,#421,#193,.T.);
#532=EDGE_CURVE('',#422,#421,#194,.T.);
#533=EDGE_CURVE('',#422,#423,#195,.T.);
#534=EDGE_CURVE('',#423,#381,#196,.T.);
#535=EDGE_CURVE('',#421,#424,#197,.T.);
#536=EDGE_CURVE('',#425,#424,#198,.T.);
#537=EDGE_CURVE('',#425,#422,#199,.T.);
#538=EDGE_CURVE('',#419,#417,#200,.T.);
#539=EDGE_CURVE('',#420,#416,#201,.T.);
#540=EDGE_CURVE('',#426,#427,#15,.T.);
#541=EDGE_CURVE('',#427,#428,#202,.T.);
#542=EDGE_CURVE('',#429,#428,#203,.T.);
#543=EDGE_CURVE('',#424,#429,#204,.T.);
#544=EDGE_CURVE('',#403,#412,#205,.T.);
#545=EDGE_CURVE('',#406,#426,#16,.T.);
#546=EDGE_CURVE('',#430,#430,#38,.T.);
#547=EDGE_CURVE('',#430,#411,#206,.T.);
#548=EDGE_CURVE('',#427,#407,#207,.T.);
#549=EDGE_CURVE('',#426,#408,#208,.T.);
#550=EDGE_CURVE('',#429,#431,#209,.T.);
#551=EDGE_CURVE('',#431,#425,#210,.T.);
#552=EDGE_CURVE('',#428,#375,#211,.T.);
#553=EDGE_CURVE('',#364,#431,#212,.T.);
#554=EDGE_CURVE('',#432,#353,#213,.T.);
#555=EDGE_CURVE('',#371,#432,#214,.T.);
#556=EDGE_CURVE('',#398,#361,#215,.T.);
#557=EDGE_CURVE('',#362,#397,#216,.T.);
#558=EDGE_CURVE('',#432,#399,#217,.T.);
#559=EDGE_CURVE('',#423,#363,#218,.T.);
#560=EDGE_CURVE('',#396,#418,#219,.T.);
#561=EDGE_CURVE('',#394,#358,#220,.T.);
#562=EDGE_CURVE('',#415,#404,#221,.T.);
#563=EDGE_CURVE('',#401,#370,#222,.T.);
#564=EDGE_CURVE('',#400,#369,#223,.T.);
#565=ORIENTED_EDGE('',*,*,#433,.F.);
#566=ORIENTED_EDGE('',*,*,#434,.T.);
#567=ORIENTED_EDGE('',*,*,#435,.F.);
#568=ORIENTED_EDGE('',*,*,#436,.F.);
#569=ORIENTED_EDGE('',*,*,#437,.F.);
#570=ORIENTED_EDGE('',*,*,#438,.T.);
#571=ORIENTED_EDGE('',*,*,#439,.F.);
#572=ORIENTED_EDGE('',*,*,#440,.F.);
#573=ORIENTED_EDGE('',*,*,#439,.T.);
#574=ORIENTED_EDGE('',*,*,#441,.F.);
#575=ORIENTED_EDGE('',*,*,#442,.F.);
#576=ORIENTED_EDGE('',*,*,#443,.F.);
#577=ORIENTED_EDGE('',*,*,#444,.F.);
#578=ORIENTED_EDGE('',*,*,#445,.F.);
#579=ORIENTED_EDGE('',*,*,#446,.F.);
#580=ORIENTED_EDGE('',*,*,#447,.F.);
#581=ORIENTED_EDGE('',*,*,#435,.T.);
#582=ORIENTED_EDGE('',*,*,#448,.T.);
#583=ORIENTED_EDGE('',*,*,#449,.F.);
#584=ORIENTED_EDGE('',*,*,#450,.T.);
#585=ORIENTED_EDGE('',*,*,#440,.T.);
#586=ORIENTED_EDGE('',*,*,#448,.F.);
#587=ORIENTED_EDGE('',*,*,#434,.F.);
#588=ORIENTED_EDGE('',*,*,#433,.T.);
#589=ORIENTED_EDGE('',*,*,#451,.T.);
#590=ORIENTED_EDGE('',*,*,#452,.F.);
#591=ORIENTED_EDGE('',*,*,#449,.T.);
#592=ORIENTED_EDGE('',*,*,#436,.T.);
#593=ORIENTED_EDGE('',*,*,#447,.T.);
#594=ORIENTED_EDGE('',*,*,#453,.F.);
#595=ORIENTED_EDGE('',*,*,#454,.F.);
#596=ORIENTED_EDGE('',*,*,#455,.T.);
#597=ORIENTED_EDGE('',*,*,#456,.F.);
#598=ORIENTED_EDGE('',*,*,#457,.F.);
#599=ORIENTED_EDGE('',*,*,#458,.F.);
#600=ORIENTED_EDGE('',*,*,#459,.F.);
#601=ORIENTED_EDGE('',*,*,#460,.F.);
#602=ORIENTED_EDGE('',*,*,#451,.F.);
#603=ORIENTED_EDGE('',*,*,#446,.T.);
#604=ORIENTED_EDGE('',*,*,#461,.F.);
#605=ORIENTED_EDGE('',*,*,#462,.T.);
#606=ORIENTED_EDGE('',*,*,#453,.T.);
#607=ORIENTED_EDGE('',*,*,#445,.T.);
#608=ORIENTED_EDGE('',*,*,#463,.T.);
#609=ORIENTED_EDGE('',*,*,#464,.F.);
#610=ORIENTED_EDGE('',*,*,#461,.T.);
#611=ORIENTED_EDGE('',*,*,#465,.F.);
#612=ORIENTED_EDGE('',*,*,#466,.F.);
#613=ORIENTED_EDGE('',*,*,#444,.T.);
#614=ORIENTED_EDGE('',*,*,#467,.T.);
#615=ORIENTED_EDGE('',*,*,#468,.F.);
#616=ORIENTED_EDGE('',*,*,#463,.F.);
#617=ORIENTED_EDGE('',*,*,#469,.T.);
#618=ORIENTED_EDGE('',*,*,#470,.T.);
#619=ORIENTED_EDGE('',*,*,#471,.T.);
#620=ORIENTED_EDGE('',*,*,#459,.T.);
#621=ORIENTED_EDGE('',*,*,#472,.T.);
#622=ORIENTED_EDGE('',*,*,#473,.T.);
#623=ORIENTED_EDGE('',*,*,#474,.T.);
#624=ORIENTED_EDGE('',*,*,#475,.F.);
#625=ORIENTED_EDGE('',*,*,#470,.F.);
#626=ORIENTED_EDGE('',*,*,#476,.T.);
#627=ORIENTED_EDGE('',*,*,#477,.F.);
#628=ORIENTED_EDGE('',*,*,#478,.F.);
#629=ORIENTED_EDGE('',*,*,#479,.F.);
#630=ORIENTED_EDGE('',*,*,#480,.F.);
#631=ORIENTED_EDGE('',*,*,#481,.F.);
#632=ORIENTED_EDGE('',*,*,#482,.F.);
#633=ORIENTED_EDGE('',*,*,#483,.F.);
#634=ORIENTED_EDGE('',*,*,#484,.T.);
#635=ORIENTED_EDGE('',*,*,#485,.F.);
#636=ORIENTED_EDGE('',*,*,#486,.T.);
#637=ORIENTED_EDGE('',*,*,#487,.T.);
#638=ORIENTED_EDGE('',*,*,#485,.T.);
#639=ORIENTED_EDGE('',*,*,#488,.F.);
#640=ORIENTED_EDGE('',*,*,#489,.T.);
#641=ORIENTED_EDGE('',*,*,#490,.T.);
#642=ORIENTED_EDGE('',*,*,#491,.T.);
#643=ORIENTED_EDGE('',*,*,#492,.T.);
#644=ORIENTED_EDGE('',*,*,#493,.T.);
#645=ORIENTED_EDGE('',*,*,#494,.T.);
#646=ORIENTED_EDGE('',*,*,#495,.F.);
#647=ORIENTED_EDGE('',*,*,#493,.F.);
#648=ORIENTED_EDGE('',*,*,#496,.F.);
#649=ORIENTED_EDGE('',*,*,#497,.F.);
#650=ORIENTED_EDGE('',*,*,#498,.T.);
#651=ORIENTED_EDGE('',*,*,#499,.T.);
#652=ORIENTED_EDGE('',*,*,#500,.F.);
#653=ORIENTED_EDGE('',*,*,#501,.F.);
#654=ORIENTED_EDGE('',*,*,#441,.T.);
#655=ORIENTED_EDGE('',*,*,#438,.F.);
#656=ORIENTED_EDGE('',*,*,#502,.F.);
#657=ORIENTED_EDGE('',*,*,#503,.F.);
#658=ORIENTED_EDGE('',*,*,#492,.F.);
#659=ORIENTED_EDGE('',*,*,#504,.T.);
#660=ORIENTED_EDGE('',*,*,#505,.T.);
#661=ORIENTED_EDGE('',*,*,#506,.T.);
#662=ORIENTED_EDGE('',*,*,#507,.T.);
#663=ORIENTED_EDGE('',*,*,#496,.T.);
#664=ORIENTED_EDGE('',*,*,#491,.F.);
#665=ORIENTED_EDGE('',*,*,#508,.T.);
#666=ORIENTED_EDGE('',*,*,#509,.T.);
#667=ORIENTED_EDGE('',*,*,#510,.F.);
#668=ORIENTED_EDGE('',*,*,#504,.F.);
#669=ORIENTED_EDGE('',*,*,#474,.F.);
#670=ORIENTED_EDGE('',*,*,#511,.F.);
#671=ORIENTED_EDGE('',*,*,#512,.T.);
#672=ORIENTED_EDGE('',*,*,#513,.T.);
#673=ORIENTED_EDGE('',*,*,#508,.F.);
#674=ORIENTED_EDGE('',*,*,#490,.F.);
#675=ORIENTED_EDGE('',*,*,#514,.F.);
#676=ORIENTED_EDGE('',*,*,#515,.F.);
#677=ORIENTED_EDGE('',*,*,#516,.F.);
#678=ORIENTED_EDGE('',*,*,#517,.T.);
#679=ORIENTED_EDGE('',*,*,#518,.F.);
#680=ORIENTED_EDGE('',*,*,#514,.T.);
#681=ORIENTED_EDGE('',*,*,#489,.F.);
#682=ORIENTED_EDGE('',*,*,#519,.T.);
#683=ORIENTED_EDGE('',*,*,#520,.T.);
#684=ORIENTED_EDGE('',*,*,#521,.T.);
#685=ORIENTED_EDGE('',*,*,#522,.T.);
#686=ORIENTED_EDGE('',*,*,#523,.T.);
#687=ORIENTED_EDGE('',*,*,#524,.T.);
#688=ORIENTED_EDGE('',*,*,#525,.T.);
#689=ORIENTED_EDGE('',*,*,#483,.T.);
#690=ORIENTED_EDGE('',*,*,#482,.T.);
#691=ORIENTED_EDGE('',*,*,#481,.T.);
#692=ORIENTED_EDGE('',*,*,#526,.F.);
#693=ORIENTED_EDGE('',*,*,#527,.T.);
#694=ORIENTED_EDGE('',*,*,#520,.F.);
#695=ORIENTED_EDGE('',*,*,#528,.T.);
#696=ORIENTED_EDGE('',*,*,#475,.T.);
#697=ORIENTED_EDGE('',*,*,#516,.T.);
#698=ORIENTED_EDGE('',*,*,#529,.T.);
#699=ORIENTED_EDGE('',*,*,#530,.T.);
#700=ORIENTED_EDGE('',*,*,#531,.T.);
#701=ORIENTED_EDGE('',*,*,#532,.F.);
#702=ORIENTED_EDGE('',*,*,#533,.T.);
#703=ORIENTED_EDGE('',*,*,#534,.T.);
#704=ORIENTED_EDGE('',*,*,#479,.T.);
#705=ORIENTED_EDGE('',*,*,#478,.T.);
#706=ORIENTED_EDGE('',*,*,#477,.T.);
#707=ORIENTED_EDGE('',*,*,#535,.T.);
#708=ORIENTED_EDGE('',*,*,#536,.F.);
#709=ORIENTED_EDGE('',*,*,#537,.T.);
#710=ORIENTED_EDGE('',*,*,#532,.T.);
#711=ORIENTED_EDGE('',*,*,#538,.F.);
#712=ORIENTED_EDGE('',*,*,#529,.F.);
#713=ORIENTED_EDGE('',*,*,#476,.F.);
#714=ORIENTED_EDGE('',*,*,#469,.F.);
#715=ORIENTED_EDGE('',*,*,#528,.F.);
#716=ORIENTED_EDGE('',*,*,#515,.T.);
#717=ORIENTED_EDGE('',*,*,#518,.T.);
#718=ORIENTED_EDGE('',*,*,#488,.T.);
#719=ORIENTED_EDGE('',*,*,#484,.F.);
#720=ORIENTED_EDGE('',*,*,#525,.F.);
#721=ORIENTED_EDGE('',*,*,#538,.T.);
#722=ORIENTED_EDGE('',*,*,#524,.F.);
#723=ORIENTED_EDGE('',*,*,#539,.F.);
#724=ORIENTED_EDGE('',*,*,#530,.F.);
#725=ORIENTED_EDGE('',*,*,#540,.T.);
#726=ORIENTED_EDGE('',*,*,#541,.T.);
#727=ORIENTED_EDGE('',*,*,#542,.F.);
#728=ORIENTED_EDGE('',*,*,#543,.F.);
#729=ORIENTED_EDGE('',*,*,#535,.F.);
#730=ORIENTED_EDGE('',*,*,#531,.F.);
#731=ORIENTED_EDGE('',*,*,#539,.T.);
#732=ORIENTED_EDGE('',*,*,#523,.F.);
#733=ORIENTED_EDGE('',*,*,#519,.F.);
#734=ORIENTED_EDGE('',*,*,#544,.F.);
#735=ORIENTED_EDGE('',*,*,#505,.F.);
#736=ORIENTED_EDGE('',*,*,#510,.T.);
#737=ORIENTED_EDGE('',*,*,#545,.T.);
#738=ORIENTED_EDGE('',*,*,#546,.T.);
#739=ORIENTED_EDGE('',*,*,#546,.F.);
#740=ORIENTED_EDGE('',*,*,#547,.T.);
#741=ORIENTED_EDGE('',*,*,#517,.F.);
#742=ORIENTED_EDGE('',*,*,#547,.F.);
#743=ORIENTED_EDGE('',*,*,#512,.F.);
#744=ORIENTED_EDGE('',*,*,#548,.F.);
#745=ORIENTED_EDGE('',*,*,#540,.F.);
#746=ORIENTED_EDGE('',*,*,#549,.T.);
#747=ORIENTED_EDGE('',*,*,#513,.F.);
#748=ORIENTED_EDGE('',*,*,#549,.F.);
#749=ORIENTED_EDGE('',*,*,#545,.F.);
#750=ORIENTED_EDGE('',*,*,#509,.F.);
#751=ORIENTED_EDGE('',*,*,#543,.T.);
#752=ORIENTED_EDGE('',*,*,#550,.T.);
#753=ORIENTED_EDGE('',*,*,#551,.T.);
#754=ORIENTED_EDGE('',*,*,#536,.T.);
#755=ORIENTED_EDGE('',*,*,#473,.F.);
#756=ORIENTED_EDGE('',*,*,#552,.F.);
#757=ORIENTED_EDGE('',*,*,#541,.F.);
#758=ORIENTED_EDGE('',*,*,#548,.T.);
#759=ORIENTED_EDGE('',*,*,#511,.T.);
#760=ORIENTED_EDGE('',*,*,#472,.F.);
#761=ORIENTED_EDGE('',*,*,#458,.T.);
#762=ORIENTED_EDGE('',*,*,#553,.T.);
#763=ORIENTED_EDGE('',*,*,#550,.F.);
#764=ORIENTED_EDGE('',*,*,#542,.T.);
#765=ORIENTED_EDGE('',*,*,#552,.T.);
#766=ORIENTED_EDGE('',*,*,#443,.T.);
#767=ORIENTED_EDGE('',*,*,#554,.F.);
#768=ORIENTED_EDGE('',*,*,#555,.F.);
#769=ORIENTED_EDGE('',*,*,#467,.F.);
#770=ORIENTED_EDGE('',*,*,#455,.F.);
#771=ORIENTED_EDGE('',*,*,#556,.F.);
#772=ORIENTED_EDGE('',*,*,#499,.F.);
#773=ORIENTED_EDGE('',*,*,#557,.F.);
#774=ORIENTED_EDGE('',*,*,#555,.T.);
#775=ORIENTED_EDGE('',*,*,#558,.T.);
#776=ORIENTED_EDGE('',*,*,#500,.T.);
#777=ORIENTED_EDGE('',*,*,#556,.T.);
#778=ORIENTED_EDGE('',*,*,#454,.T.);
#779=ORIENTED_EDGE('',*,*,#462,.F.);
#780=ORIENTED_EDGE('',*,*,#464,.T.);
#781=ORIENTED_EDGE('',*,*,#468,.T.);
#782=ORIENTED_EDGE('',*,*,#534,.F.);
#783=ORIENTED_EDGE('',*,*,#559,.T.);
#784=ORIENTED_EDGE('',*,*,#456,.T.);
#785=ORIENTED_EDGE('',*,*,#557,.T.);
#786=ORIENTED_EDGE('',*,*,#498,.F.);
#787=ORIENTED_EDGE('',*,*,#560,.T.);
#788=ORIENTED_EDGE('',*,*,#526,.T.);
#789=ORIENTED_EDGE('',*,*,#480,.T.);
#790=ORIENTED_EDGE('',*,*,#437,.T.);
#791=ORIENTED_EDGE('',*,*,#450,.F.);
#792=ORIENTED_EDGE('',*,*,#561,.F.);
#793=ORIENTED_EDGE('',*,*,#494,.F.);
#794=ORIENTED_EDGE('',*,*,#471,.F.);
#795=ORIENTED_EDGE('',*,*,#486,.F.);
#796=ORIENTED_EDGE('',*,*,#487,.F.);
#797=ORIENTED_EDGE('',*,*,#495,.T.);
#798=ORIENTED_EDGE('',*,*,#561,.T.);
#799=ORIENTED_EDGE('',*,*,#452,.T.);
#800=ORIENTED_EDGE('',*,*,#460,.T.);
#801=ORIENTED_EDGE('',*,*,#553,.F.);
#802=ORIENTED_EDGE('',*,*,#457,.T.);
#803=ORIENTED_EDGE('',*,*,#559,.F.);
#804=ORIENTED_EDGE('',*,*,#533,.F.);
#805=ORIENTED_EDGE('',*,*,#537,.F.);
#806=ORIENTED_EDGE('',*,*,#551,.F.);
#807=ORIENTED_EDGE('',*,*,#544,.T.);
#808=ORIENTED_EDGE('',*,*,#522,.F.);
#809=ORIENTED_EDGE('',*,*,#562,.T.);
#810=ORIENTED_EDGE('',*,*,#506,.F.);
#811=ORIENTED_EDGE('',*,*,#442,.T.);
#812=ORIENTED_EDGE('',*,*,#501,.T.);
#813=ORIENTED_EDGE('',*,*,#558,.F.);
#814=ORIENTED_EDGE('',*,*,#554,.T.);
#815=ORIENTED_EDGE('',*,*,#503,.T.);
#816=ORIENTED_EDGE('',*,*,#563,.T.);
#817=ORIENTED_EDGE('',*,*,#466,.T.);
#818=ORIENTED_EDGE('',*,*,#563,.F.);
#819=ORIENTED_EDGE('',*,*,#502,.T.);
#820=ORIENTED_EDGE('',*,*,#564,.T.);
#821=ORIENTED_EDGE('',*,*,#465,.T.);
#822=ORIENTED_EDGE('',*,*,#564,.F.);
#823=ORIENTED_EDGE('',*,*,#497,.T.);
#824=ORIENTED_EDGE('',*,*,#507,.F.);
#825=ORIENTED_EDGE('',*,*,#562,.F.);
#826=ORIENTED_EDGE('',*,*,#521,.F.);
#827=ORIENTED_EDGE('',*,*,#527,.F.);
#828=ORIENTED_EDGE('',*,*,#560,.F.);
#829=PLANE('',#919);
#830=PLANE('',#920);
#831=PLANE('',#921);
#832=PLANE('',#922);
#833=PLANE('',#923);
#834=PLANE('',#924);
#835=PLANE('',#925);
#836=PLANE('',#928);
#837=PLANE('',#929);
#838=PLANE('',#932);
#839=PLANE('',#933);
#840=PLANE('',#934);
#841=PLANE('',#936);
#842=PLANE('',#938);
#843=PLANE('',#939);
#844=PLANE('',#941);
#845=PLANE('',#943);
#846=PLANE('',#945);
#847=PLANE('',#947);
#848=PLANE('',#948);
#849=PLANE('',#951);
#850=PLANE('',#952);
#851=PLANE('',#953);
#852=PLANE('',#954);
#853=PLANE('',#955);
#854=PLANE('',#956);
#855=PLANE('',#957);
#856=PLANE('',#958);
#857=PLANE('',#959);
#858=PLANE('',#960);
#859=PLANE('',#961);
#860=PLANE('',#962);
#861=PLANE('',#965);
#862=ADVANCED_FACE('',(#43),#829,.T.);
#863=ADVANCED_FACE('',(#44),#830,.T.);
#864=ADVANCED_FACE('',(#45),#831,.F.);
#865=ADVANCED_FACE('',(#46),#832,.T.);
#866=ADVANCED_FACE('',(#47),#39,.F.);
#867=ADVANCED_FACE('',(#48),#833,.F.);
#868=ADVANCED_FACE('',(#49),#834,.T.);
#869=ADVANCED_FACE('',(#50,#25,#26),#835,.F.);
#870=ADVANCED_FACE('',(#51),#836,.T.);
#871=ADVANCED_FACE('',(#52),#23,.F.);
#872=ADVANCED_FACE('',(#53),#40,.F.);
#873=ADVANCED_FACE('',(#54),#24,.F.);
#874=ADVANCED_FACE('',(#55,#27,#28),#837,.F.);
#875=ADVANCED_FACE('',(#56),#838,.T.);
#876=ADVANCED_FACE('',(#57),#839,.T.);
#877=ADVANCED_FACE('',(#58,#29),#840,.T.);
#878=ADVANCED_FACE('',(#59),#841,.T.);
#879=ADVANCED_FACE('',(#60),#842,.T.);
#880=ADVANCED_FACE('',(#61),#843,.T.);
#881=ADVANCED_FACE('',(#62),#844,.T.);
#882=ADVANCED_FACE('',(#63),#845,.T.);
#883=ADVANCED_FACE('',(#64),#846,.T.);
#884=ADVANCED_FACE('',(#65),#17,.T.);
#885=ADVANCED_FACE('',(#66),#847,.T.);
#886=ADVANCED_FACE('',(#67,#30),#848,.T.);
#887=ADVANCED_FACE('',(#68),#18,.F.);
#888=ADVANCED_FACE('',(#69),#41,.F.);
#889=ADVANCED_FACE('',(#70),#42,.F.);
#890=ADVANCED_FACE('',(#71),#849,.T.);
#891=ADVANCED_FACE('',(#72),#850,.T.);
#892=ADVANCED_FACE('',(#73),#851,.T.);
#893=ADVANCED_FACE('',(#74),#852,.F.);
#894=ADVANCED_FACE('',(#75),#853,.F.);
#895=ADVANCED_FACE('',(#76),#854,.T.);
#896=ADVANCED_FACE('',(#77),#855,.T.);
#897=ADVANCED_FACE('',(#78),#856,.T.);
#898=ADVANCED_FACE('',(#79),#857,.F.);
#899=ADVANCED_FACE('',(#80),#858,.F.);
#900=ADVANCED_FACE('',(#81),#859,.T.);
#901=ADVANCED_FACE('',(#82),#860,.T.);
#902=ADVANCED_FACE('',(#83),#19,.F.);
#903=ADVANCED_FACE('',(#84),#20,.F.);
#904=ADVANCED_FACE('',(#85),#861,.F.);
#905=CLOSED_SHELL('',(#862,#863,#864,#865,#866,#867,#868,#869,#870,#871,
#872,#873,#874,#875,#876,#877,#878,#879,#880,#881,#882,#883,#884,#885,#886,
#887,#888,#889,#890,#891,#892,#893,#894,#895,#896,#897,#898,#899,#900,#901,
#902,#903,#904));
#906=DERIVED_UNIT_ELEMENT(#908,1.);
#907=DERIVED_UNIT_ELEMENT(#2601,-3.);
#908=(
MASS_UNIT()
NAMED_UNIT(*)
SI_UNIT(.KILO.,.GRAM.)
);
#909=DERIVED_UNIT((#906,#907));
#910=MEASURE_REPRESENTATION_ITEM('density measure',
POSITIVE_RATIO_MEASURE(1425.),#909);
#911=PROPERTY_DEFINITION_REPRESENTATION(#916,#913);
#912=PROPERTY_DEFINITION_REPRESENTATION(#917,#914);
#913=REPRESENTATION('material name',(#915),#2598);
#914=REPRESENTATION('density',(#910),#2598);
#915=DESCRIPTIVE_REPRESENTATION_ITEM('Acetal Resin, White',
'Acetal Resin, White');
#916=PROPERTY_DEFINITION('material property','material name',#2608);
#917=PROPERTY_DEFINITION('material property','density of part',#2608);
#918=AXIS2_PLACEMENT_3D('',#1151,#966,#967);
#919=AXIS2_PLACEMENT_3D('',#1152,#968,#969);
#920=AXIS2_PLACEMENT_3D('',#1164,#973,#974);
#921=AXIS2_PLACEMENT_3D('',#1173,#979,#980);
#922=AXIS2_PLACEMENT_3D('',#1188,#989,#990);
#923=AXIS2_PLACEMENT_3D('',#1370,#993,#994);
#924=AXIS2_PLACEMENT_3D('',#1404,#1002,#1003);
#925=AXIS2_PLACEMENT_3D('',#1408,#1006,#1007);
#926=AXIS2_PLACEMENT_3D('',#1413,#1010,#1011);
#927=AXIS2_PLACEMENT_3D('',#1415,#1012,#1013);
#928=AXIS2_PLACEMENT_3D('',#1416,#1014,#1015);
#929=AXIS2_PLACEMENT_3D('',#2330,#1018,#1019);
#930=AXIS2_PLACEMENT_3D('',#2346,#1028,#1029);
#931=AXIS2_PLACEMENT_3D('',#2348,#1030,#1031);
#932=AXIS2_PLACEMENT_3D('',#2349,#1032,#1033);
#933=AXIS2_PLACEMENT_3D('',#2357,#1038,#1039);
#934=AXIS2_PLACEMENT_3D('',#2363,#1043,#1044);
#935=AXIS2_PLACEMENT_3D('',#2444,#1049,#1050);
#936=AXIS2_PLACEMENT_3D('',#2445,#1051,#1052);
#937=AXIS2_PLACEMENT_3D('',#2446,#1053,#1054);
#938=AXIS2_PLACEMENT_3D('',#2447,#1055,#1056);
#939=AXIS2_PLACEMENT_3D('',#2456,#1061,#1062);
#940=AXIS2_PLACEMENT_3D('',#2461,#1065,#1066);
#941=AXIS2_PLACEMENT_3D('',#2465,#1069,#1070);
#942=AXIS2_PLACEMENT_3D('',#2466,#1071,#1072);
#943=AXIS2_PLACEMENT_3D('',#2467,#1073,#1074);
#944=AXIS2_PLACEMENT_3D('',#2469,#1075,#1076);
#945=AXIS2_PLACEMENT_3D('',#2479,#1082,#1083);
#946=AXIS2_PLACEMENT_3D('',#2485,#1087,#1088);
#947=AXIS2_PLACEMENT_3D('',#2487,#1090,#1091);
#948=AXIS2_PLACEMENT_3D('',#2489,#1093,#1094);
#949=AXIS2_PLACEMENT_3D('',#2519,#1099,#1100);
#950=AXIS2_PLACEMENT_3D('',#2520,#1101,#1102);
#951=AXIS2_PLACEMENT_3D('',#2564,#1106,#1107);
#952=AXIS2_PLACEMENT_3D('',#2568,#1110,#1111);
#953=AXIS2_PLACEMENT_3D('',#2570,#1113,#1114);
#954=AXIS2_PLACEMENT_3D('',#2572,#1116,#1117);
#955=AXIS2_PLACEMENT_3D('',#2576,#1120,#1121);
#956=AXIS2_PLACEMENT_3D('',#2579,#1124,#1125);
#957=AXIS2_PLACEMENT_3D('',#2581,#1127,#1128);
#958=AXIS2_PLACEMENT_3D('',#2584,#1131,#1132);
#959=AXIS2_PLACEMENT_3D('',#2586,#1134,#1135);
#960=AXIS2_PLACEMENT_3D('',#2587,#1136,#1137);
#961=AXIS2_PLACEMENT_3D('',#2588,#1138,#1139);
#962=AXIS2_PLACEMENT_3D('',#2590,#1141,#1142);
#963=AXIS2_PLACEMENT_3D('',#2591,#1143,#1144);
#964=AXIS2_PLACEMENT_3D('',#2593,#1146,#1147);
#965=AXIS2_PLACEMENT_3D('',#2595,#1149,#1150);
#966=DIRECTION('axis',(0.,0.,1.));
#967=DIRECTION('refdir',(1.,0.,0.));
#968=DIRECTION('center_axis',(-1.,0.,0.));
#969=DIRECTION('ref_axis',(0.,-1.,0.));
#970=DIRECTION('',(0.,0.,1.));
#971=DIRECTION('',(0.,-1.,0.));
#972=DIRECTION('',(0.,0.,1.));
#973=DIRECTION('center_axis',(-1.,2.96836968497518E-48,0.));
#974=DIRECTION('ref_axis',(-2.96836968497518E-48,-1.,0.));
#975=DIRECTION('',(2.96836968497518E-48,1.,0.));
#976=DIRECTION('',(0.,0.,1.));
#977=DIRECTION('',(-2.96836968497518E-48,-1.,0.));
#978=DIRECTION('',(0.,0.,1.));
#979=DIRECTION('center_axis',(0.,0.,1.));
#980=DIRECTION('ref_axis',(0.,-1.,0.));
#981=DIRECTION('',(1.,0.,0.));
#982=DIRECTION('',(9.95799250102959E-17,-1.,0.));
#983=DIRECTION('',(-1.,0.,0.));
#984=DIRECTION('',(0.,1.,0.));
#985=DIRECTION('',(-1.,1.47136302684183E-16,0.));
#986=DIRECTION('',(0.,-1.,0.));
#987=DIRECTION('',(-1.,0.,0.));
#988=DIRECTION('',(-1.,0.,0.));
#989=DIRECTION('center_axis',(0.,1.,4.90966936159141E-48));
#990=DIRECTION('ref_axis',(0.,-4.90966936159141E-48,1.));
#991=DIRECTION('',(-0.517385182796122,-4.20146249406016E-48,0.855752635183219));
#992=DIRECTION('',(0.,1.,4.90966936159141E-48));
#993=DIRECTION('center_axis',(0.,-1.,-4.90966936159141E-48));
#994=DIRECTION('ref_axis',(-1.,0.,0.));
#995=DIRECTION('',(0.,1.8503717077086E-16,-1.));
#996=DIRECTION('',(-1.,0.,0.));
#997=DIRECTION('',(0.541028600473301,4.12905252175398E-48,-0.84100419349127));
#998=DIRECTION('',(-4.93038065763132E-32,-4.90966936159141E-48,1.));
#999=DIRECTION('',(-1.,1.33506780487397E-79,-2.71926214689378E-32));
#1000=DIRECTION('',(-4.93038065763132E-32,-4.90966936159141E-48,1.));
#1001=DIRECTION('',(0.,4.90966936159141E-48,-1.));
#1002=DIRECTION('center_axis',(-1.,0.,0.));
#1003=DIRECTION('ref_axis',(0.,0.,1.));
#1004=DIRECTION('',(0.,2.22044604925031E-16,-1.));
#1005=DIRECTION('',(0.,1.,0.));
#1006=DIRECTION('center_axis',(-1.47136302684183E-16,-1.,-2.22044604925031E-16));
#1007=DIRECTION('ref_axis',(1.,-1.47136302684183E-16,-5.47820073070146E-33));
#1008=DIRECTION('',(0.,-2.22044604925031E-16,1.));
#1009=DIRECTION('',(-1.,6.03797489094623E-48,-2.71926214689378E-32));
#1010=DIRECTION('center_axis',(1.47136302684183E-16,1.,2.22044604925031E-16));
#1011=DIRECTION('ref_axis',(2.71926214689378E-32,2.22044604925031E-16,-1.));
#1012=DIRECTION('center_axis',(1.47136302684183E-16,1.,2.22044604925031E-16));
#1013=DIRECTION('ref_axis',(2.71926214689378E-32,2.22044604925031E-16,-1.));
#1014=DIRECTION('center_axis',(1.,0.,0.));
#1015=DIRECTION('ref_axis',(0.,0.,-1.));
#1016=DIRECTION('',(0.,4.10865054802611E-32,1.));
#1017=DIRECTION('',(0.,1.,0.));
#1018=DIRECTION('center_axis',(0.,1.,4.90966936159141E-48));
#1019=DIRECTION('ref_axis',(1.,0.,0.));
#1020=DIRECTION('',(0.517385182796122,4.20146249406016E-48,-0.855752635183219));
#1021=DIRECTION('',(0.,-4.90966936159141E-48,1.));
#1022=DIRECTION('',(4.93038065763132E-32,4.90966936159141E-48,-1.));
#1023=DIRECTION('',(1.,-1.33506780487397E-79,2.71926214689378E-32));
#1024=DIRECTION('',(-4.93038065763132E-32,-4.90966936159141E-48,1.));
#1025=DIRECTION('',(-0.541028600473301,-4.12905252175398E-48,0.84100419349127));
#1026=DIRECTION('',(1.,-1.33506780487397E-79,2.71926214689378E-32));
#1027=DIRECTION('',(-4.93038065763132E-32,-4.90966936159141E-48,1.));
#1028=DIRECTION('center_axis',(0.,-1.,-4.90966936159141E-48));
#1029=DIRECTION('ref_axis',(2.71926214689378E-32,2.22044604925031E-16,-1.));
#1030=DIRECTION('center_axis',(0.,-1.,-4.90966936159141E-48));
#1031=DIRECTION('ref_axis',(2.71926214689378E-32,2.22044604925031E-16,-1.));
#1032=DIRECTION('center_axis',(1.,9.95799250102959E-17,4.93038065763132E-32));
#1033=DIRECTION('ref_axis',(-9.95799250102959E-17,1.,2.22044604925031E-16));
#1034=DIRECTION('',(-4.93038065763132E-32,0.,1.));
#1035=DIRECTION('',(-9.95799250102959E-17,1.,0.));
#1036=DIRECTION('',(-2.71926214689378E-32,-2.22044604925031E-16,1.));
#1037=DIRECTION('',(9.95799250102959E-17,-1.,-2.22044604925031E-16));
#1038=DIRECTION('center_axis',(0.,-1.,0.));
#1039=DIRECTION('ref_axis',(0.,0.,-1.));
#1040=DIRECTION('',(1.,0.,0.));
#1041=DIRECTION('',(0.,0.,1.));
#1042=DIRECTION('',(1.,0.,0.));
#1043=DIRECTION('center_axis',(2.71926214689378E-32,2.22044604925031E-16,
-1.));
#1044=DIRECTION('ref_axis',(-1.,-9.95799250102959E-17,-4.93038065763132E-32));
#1045=DIRECTION('',(-1.,0.,0.));
#1046=DIRECTION('',(1.,0.,0.));
#1047=DIRECTION('',(0.,-1.,0.));
#1048=DIRECTION('',(-1.,0.,-2.71926214689378E-32));
#1049=DIRECTION('center_axis',(-2.71926214689378E-32,-2.22044604925031E-16,
1.));
#1050=DIRECTION('ref_axis',(-1.,0.,0.));
#1051=DIRECTION('center_axis',(0.,-1.,0.));
#1052=DIRECTION('ref_axis',(0.,0.,1.));
#1053=DIRECTION('center_axis',(0.,1.,0.));
#1054=DIRECTION('ref_axis',(-0.707106781186549,0.,-0.707106781186546));
#1055=DIRECTION('center_axis',(-1.,-9.95799250102959E-17,-4.93038065763132E-32));
#1056=DIRECTION('ref_axis',(9.95799250102959E-17,-1.,-2.22044604925031E-16));
#1057=DIRECTION('',(9.95799250102959E-17,-1.,0.));
#1058=DIRECTION('',(-2.71926214689378E-32,-2.22044604925031E-16,1.));
#1059=DIRECTION('',(-9.95799250102959E-17,1.,2.22044604925031E-16));
#1060=DIRECTION('',(4.93038065763132E-32,4.90966936159141E-48,-1.));
#1061=DIRECTION('center_axis',(-0.0830455413007292,0.996545753124295,2.21277608042202E-16));
#1062=DIRECTION('ref_axis',(-0.996545753124295,-0.0830455413007291,-1.84398144089058E-17));
#1063=DIRECTION('',(-0.996545753124295,-0.0830455413007291,0.));
#1064=DIRECTION('',(0.,2.22044604925031E-16,-1.));
#1065=DIRECTION('center_axis',(0.0830455413007292,-0.996545753124295,-2.21277608042202E-16));
#1066=DIRECTION('ref_axis',(-0.996545753124295,-0.0830455413007292,2.28192533293521E-15));
#1067=DIRECTION('',(2.71926214689378E-32,2.22044604925031E-16,-1.));
#1068=DIRECTION('',(0.996545753124295,0.0830455413007291,1.84398144089058E-17));
#1069=DIRECTION('center_axis',(0.,1.,0.));
#1070=DIRECTION('ref_axis',(0.,0.,-1.));
#1071=DIRECTION('center_axis',(0.,1.,0.));
#1072=DIRECTION('ref_axis',(-0.707106781186549,0.,-0.707106781186546));
#1073=DIRECTION('center_axis',(-0.0830454798537395,-0.99654575824488,-2.212776091792E-16));
#1074=DIRECTION('ref_axis',(0.99654575824488,-0.0830454798537395,-1.84398007649332E-17));
#1075=DIRECTION('center_axis',(0.0830454798537395,0.99654575824488,2.212776091792E-16));
#1076=DIRECTION('ref_axis',(-0.99654575824488,0.0830454798537395,-1.0234089424538E-14));
#1077=DIRECTION('',(0.,-2.22044604925031E-16,1.));
#1078=DIRECTION('',(0.99654575824488,-0.0830454798537395,0.));
#1079=DIRECTION('',(2.71926214689378E-32,2.22044604925031E-16,-1.));
#1080=DIRECTION('',(-0.99654575824488,0.0830454798537395,1.84398007649332E-17));
#1081=DIRECTION('',(2.71926214689378E-32,2.22044604925031E-16,-1.));
#1082=DIRECTION('center_axis',(-1.,-9.95799250102959E-17,-4.93038065763132E-32));
#1083=DIRECTION('ref_axis',(9.95799250102959E-17,-1.,-2.22044604925031E-16));
#1084=DIRECTION('',(9.95799250102959E-17,-1.,0.));
#1085=DIRECTION('',(0.,0.,-1.));
#1086=DIRECTION('',(-9.95799250102959E-17,1.,2.22044604925031E-16));
#1087=DIRECTION('center_axis',(0.,-1.,-2.22044604925031E-16));
#1088=DIRECTION('ref_axis',(-0.707106781186549,0.,-0.707106781186546));
#1089=DIRECTION('',(0.,-1.,0.));
#1090=DIRECTION('center_axis',(-1.,0.,0.));
#1091=DIRECTION('ref_axis',(0.,0.,1.));
#1092=DIRECTION('',(0.,-1.,0.));
#1093=DIRECTION('center_axis',(0.,0.,1.));
#1094=DIRECTION('ref_axis',(1.,0.,0.));
#1095=DIRECTION('',(-1.,0.,0.));
#1096=DIRECTION('',(-9.95799250102959E-17,1.,0.));
#1097=DIRECTION('',(1.,9.95799250102959E-17,0.));
#1098=DIRECTION('',(-1.,-9.95799250102959E-17,0.));
#1099=DIRECTION('center_axis',(0.,0.,-1.));
#1100=DIRECTION('ref_axis',(-1.,0.,0.));
#1101=DIRECTION('center_axis',(0.,-1.58603289232165E-17,-1.));
#1102=DIRECTION('ref_axis',(-1.,0.,0.));
#1103=DIRECTION('',(0.,-1.58603289232165E-17,-1.));
#1104=DIRECTION('',(0.,0.,-1.));
#1105=DIRECTION('',(0.,0.,-1.));
#1106=DIRECTION('center_axis',(9.95799250102959E-17,-1.,-2.22044604925031E-16));
#1107=DIRECTION('ref_axis',(1.,9.95799250102959E-17,4.93038065763132E-32));
#1108=DIRECTION('',(-2.71926214689378E-32,-2.22044604925031E-16,1.));
#1109=DIRECTION('',(-1.,-9.95799250102959E-17,-4.93038065763132E-32));
#1110=DIRECTION('center_axis',(0.,1.,0.));
#1111=DIRECTION('ref_axis',(0.,0.,1.));
#1112=DIRECTION('',(4.93038065763132E-32,0.,-1.));
#1113=DIRECTION('center_axis',(1.,9.95799250102959E-17,4.93038065763132E-32));
#1114=DIRECTION('ref_axis',(-9.95799250102959E-17,1.,2.22044604925031E-16));
#1115=DIRECTION('',(9.95799250102959E-17,-1.,-2.22044604925031E-16));
#1116=DIRECTION('center_axis',(0.,-1.,-4.90966936159141E-48));
#1117=DIRECTION('ref_axis',(-1.,0.,0.));
#1118=DIRECTION('',(4.93038065763132E-32,4.90966936159141E-48,-1.));
#1119=DIRECTION('',(-1.,1.33506780487397E-79,-2.71926214689378E-32));
#1120=DIRECTION('center_axis',(-0.84100419349127,2.65627154348845E-48,-0.541028600473301));
#1121=DIRECTION('ref_axis',(-0.541028600473301,-4.12905252175398E-48,0.84100419349127));
#1122=DIRECTION('',(-1.42844093733385E-16,1.,2.22044604925031E-16));
#1123=DIRECTION('',(9.95799250102959E-17,-1.,-1.54792435091124E-16));
#1124=DIRECTION('center_axis',(-2.71926214689378E-32,-2.22044604925031E-16,
1.));
#1125=DIRECTION('ref_axis',(-1.,-9.95799250102959E-17,-4.93038065763132E-32));
#1126=DIRECTION('',(9.95799250102959E-17,-1.,-2.22044604925031E-16));
#1127=DIRECTION('center_axis',(1.,9.95799250102959E-17,4.93038065763132E-32));
#1128=DIRECTION('ref_axis',(-2.71926214689378E-32,-2.22044604925031E-16,
1.));
#1129=DIRECTION('',(-9.95799250102959E-17,1.,2.22044604925031E-16));
#1130=DIRECTION('',(-9.95799250102959E-17,1.,2.22044604925031E-16));
#1131=DIRECTION('center_axis',(-0.855752635183219,2.54019018011549E-48,
-0.517385182796123));
#1132=DIRECTION('ref_axis',(-0.517385182796122,-4.20146249406016E-48,0.855752635183219));
#1133=DIRECTION('',(0.,1.,4.90966936159141E-48));
#1134=DIRECTION('center_axis',(1.,0.,0.));
#1135=DIRECTION('ref_axis',(0.,4.90966936159141E-48,-1.));
#1136=DIRECTION('center_axis',(2.71926214689378E-32,2.22044604925031E-16,
-1.));
#1137=DIRECTION('ref_axis',(1.,9.95799250102959E-17,4.93038065763132E-32));
#1138=DIRECTION('center_axis',(-9.95799250102959E-17,1.,2.22044604925031E-16));
#1139=DIRECTION('ref_axis',(-1.,-9.95799250102959E-17,-4.93038065763132E-32));
#1140=DIRECTION('',(1.,9.95799250102959E-17,4.93038065763132E-32));
#1141=DIRECTION('center_axis',(-1.,-9.95799250102959E-17,-4.93038065763132E-32));
#1142=DIRECTION('ref_axis',(2.71926214689378E-32,2.22044604925031E-16,-1.));
#1143=DIRECTION('center_axis',(9.95799250102959E-17,-1.,-2.22044604925031E-16));
#1144=DIRECTION('ref_axis',(2.71926214689378E-32,2.22044604925031E-16,-1.));
#1145=DIRECTION('',(-9.95799250102959E-17,1.,2.22044604925031E-16));
#1146=DIRECTION('center_axis',(9.95799250102959E-17,-1.,-2.22044604925031E-16));
#1147=DIRECTION('ref_axis',(2.71926214689378E-32,2.22044604925031E-16,-1.));
#1148=DIRECTION('',(-9.95799250102959E-17,1.,2.22044604925031E-16));
#1149=DIRECTION('center_axis',(2.71926214689378E-32,2.22044604925031E-16,
-1.));
#1150=DIRECTION('ref_axis',(1.,9.95799250102959E-17,4.93038065763132E-32));
#1151=CARTESIAN_POINT('',(0.,0.,0.));
#1152=CARTESIAN_POINT('Origin',(-28.4883832822161,-4.09999911417238,10.3395784888574));
#1153=CARTESIAN_POINT('',(-28.4883832822145,-4.10249944677344,10.3395784888573));
#1154=CARTESIAN_POINT('',(-28.4883832822158,-4.09999911417254,10.3395784888574));
#1155=CARTESIAN_POINT('Ctrl Pts',(-28.4883832822145,-4.10249944677344,10.3395784888573));
#1156=CARTESIAN_POINT('Ctrl Pts',(-28.4883832822145,-4.10166600257309,10.3395784888573));
#1157=CARTESIAN_POINT('Ctrl Pts',(-28.4883832822161,-4.10083255837273,10.3395784888574));
#1158=CARTESIAN_POINT('Ctrl Pts',(-28.4883832822161,-4.09999911417238,10.3395784888574));
#1159=CARTESIAN_POINT('',(-28.4883832822145,-4.10249944677344,11.3395784888573));
#1160=CARTESIAN_POINT('',(-28.4883832822145,-4.10249944677344,10.3395784888573));
#1161=CARTESIAN_POINT('',(-28.4883832822158,-4.09999911417254,11.3395784888574));
#1162=CARTESIAN_POINT('',(-28.4883832822161,-4.09999911417246,11.3395784888574));
#1163=CARTESIAN_POINT('',(-28.4883832822158,-4.09999911417254,10.3395784888574));
#1164=CARTESIAN_POINT('Origin',(-28.4893151365644,-4.10249944677344,10.3395784888574));
#1165=CARTESIAN_POINT('',(-28.4893151365644,-9.60249944677344,10.3395784888574));
#1166=CARTESIAN_POINT('',(-28.4893151365644,-4.10249944677344,10.3395784888574));
#1167=CARTESIAN_POINT('',(-28.4893151365644,-9.60249944677344,10.3395784888574));
#1168=CARTESIAN_POINT('',(-28.4893151365644,-9.60249944677344,11.3395784888574));
#1169=CARTESIAN_POINT('',(-28.4893151365644,-9.60249944677344,10.3395784888574));
#1170=CARTESIAN_POINT('',(-28.4893151365644,-4.10249944677344,11.3395784888574));
#1171=CARTESIAN_POINT('',(-28.4893151365644,-4.10124928047298,11.3395784888574));
#1172=CARTESIAN_POINT('',(-28.4893151365644,-4.10249944677344,10.3395784888574));
#1173=CARTESIAN_POINT('Origin',(-44.2426213530865,-4.09999911417253,11.3395784888574));
#1174=CARTESIAN_POINT('',(-44.2426213530865,-9.60249944677344,11.3395784888574));
#1175=CARTESIAN_POINT('',(-44.2425617272462,-9.60249944677344,11.3395784888574));
#1176=CARTESIAN_POINT('',(-44.2426213530865,-4.09999911417253,11.3395784888574));
#1177=CARTESIAN_POINT('',(-44.2426213530865,-3.72574417819047,11.3395784888574));
#1178=CARTESIAN_POINT('',(-42.2431972018856,-4.09999911417253,11.3395784888574));
#1179=CARTESIAN_POINT('',(-28.1046563100188,-4.09999911417254,11.3395784888574));
#1180=CARTESIAN_POINT('',(-42.2431972018856,-8.4514892422084,11.3395784888574));
#1181=CARTESIAN_POINT('',(-42.2431972018856,-6.27574417819047,11.3395784888574));
#1182=CARTESIAN_POINT('',(-32.8931972018856,-8.4514892422084,11.3395784888574));
#1183=CARTESIAN_POINT('',(-43.242909277486,-8.4514892422084,11.3395784888574));
#1184=CARTESIAN_POINT('',(-32.8931972018856,-4.09999911417253,11.3395784888574));
#1185=CARTESIAN_POINT('',(-32.8931972018856,-6.27574417819047,11.3395784888574));
#1186=CARTESIAN_POINT('',(-28.1046563100188,-4.09999911417254,11.3395784888574));
#1187=CARTESIAN_POINT('',(-36.3655023176505,-4.10249944677344,11.3395784888574));
#1188=CARTESIAN_POINT('Origin',(-23.5196759950083,-4.10249944677344,5.11237893857577));
#1189=CARTESIAN_POINT('',(-18.5500009137397,-4.10249944677344,-6.1000000319832));
#1190=CARTESIAN_POINT('Ctrl Pts',(-18.5500009137397,-4.10249944677344,-6.1000000319832));
#1191=CARTESIAN_POINT('Ctrl Pts',(-18.6027264315748,-4.10249944677344,-5.68391737085694));
#1192=CARTESIAN_POINT('Ctrl Pts',(-18.6554721417924,-4.10249944677344,-5.27509234870439));
#1193=CARTESIAN_POINT('Ctrl Pts',(-18.7082430966465,-4.10249944677344,-4.87354897447127));
#1194=CARTESIAN_POINT('Ctrl Pts',(-18.7573171734445,-4.10249944677344,-4.50013578838638));
#1195=CARTESIAN_POINT('Ctrl Pts',(-18.8064117187371,-4.10249944677344,-4.1330205017184));
#1196=CARTESIAN_POINT('Ctrl Pts',(-18.8555557909762,-4.10249944677344,-3.77225653171504));
#1197=CARTESIAN_POINT('Ctrl Pts',(-18.9011653218107,-4.10249944677344,-3.43743943854099));
#1198=CARTESIAN_POINT('Ctrl Pts',(-18.9468167562899,-4.10249944677344,-3.10809348466782));
#1199=CARTESIAN_POINT('Ctrl Pts',(-18.9925698123862,-4.10249944677344,-2.7842828116128));
#1200=CARTESIAN_POINT('Ctrl Pts',(-19.035786878238,-4.10249944677344,-2.47842024471679));
#1201=CARTESIAN_POINT('Ctrl Pts',(-19.0790941675057,-4.10249944677344,-2.17749672196979));
#1202=CARTESIAN_POINT('Ctrl Pts',(-19.1225841410802,-4.10249944677344,-1.88157985194665));
#1203=CARTESIAN_POINT('Ctrl Pts',(-19.16395391392,-4.10249944677344,-1.6000893683669));
#1204=CARTESIAN_POINT('Ctrl Pts',(-19.205488719047,-4.10249944677344,-1.32312954365191));
#1205=CARTESIAN_POINT('Ctrl Pts',(-19.2473122877358,-4.10249944677344,-1.05076669494878));
#1206=CARTESIAN_POINT('Ctrl Pts',(-19.2872678170126,-4.10249944677344,-0.790568865915178));
#1207=CARTESIAN_POINT('Ctrl Pts',(-19.3274866128577,-4.10249944677344,-0.534566777859914));
#1208=CARTESIAN_POINT('Ctrl Pts',(-19.3681218123217,-4.10249944677344,-0.282822258982345));
#1209=CARTESIAN_POINT('Ctrl Pts',(-19.4075157466659,-4.10249944677344,-0.0387676664377722));
#1210=CARTESIAN_POINT('Ctrl Pts',(-19.4473007813781,-4.10249944677344,0.201285310614641));
#1211=CARTESIAN_POINT('Ctrl Pts',(-19.4876640395704,-4.10249944677344,0.437279492201957));
#1212=CARTESIAN_POINT('Ctrl Pts',(-19.5270928538443,-4.10249944677344,0.667810206824132));
#1213=CARTESIAN_POINT('Ctrl Pts',(-19.5670733244221,-4.10249944677344,0.894467732191699));
#1214=CARTESIAN_POINT('Ctrl Pts',(-19.6078284154761,-4.10249944677344,1.11720032562049));
#1215=CARTESIAN_POINT('Ctrl Pts',(-19.6470552116835,-4.10249944677344,1.33158056193506));
#1216=CARTESIAN_POINT('Ctrl Pts',(-19.6869995675895,-4.10249944677344,1.54232458080021));
#1217=CARTESIAN_POINT('Ctrl Pts',(-19.7279063839199,-4.10249944677344,1.7493896230159));
#1218=CARTESIAN_POINT('Ctrl Pts',(-19.7672802658254,-4.10249944677344,1.94869514836193));
#1219=CARTESIAN_POINT('Ctrl Pts',(-19.8075455800364,-4.10249944677344,2.14459211038315));
#1220=CARTESIAN_POINT('Ctrl Pts',(-19.8489670320204,-4.10249944677344,2.33704773347542));
#1221=CARTESIAN_POINT('Ctrl Pts',(-19.8908949187414,-4.10249944677344,2.53185639365817));
#1222=CARTESIAN_POINT('Ctrl Pts',(-19.9340070366781,-4.10249944677344,2.72313889640203));
#1223=CARTESIAN_POINT('Ctrl Pts',(-19.9786323662604,-4.10249944677344,2.91086933888785));
#1224=CARTESIAN_POINT('Ctrl Pts',(-20.0257438828674,-4.10249944677344,3.10905870671111));
#1225=CARTESIAN_POINT('Ctrl Pts',(-20.0745422377393,-4.10249944677344,3.30328911153661));
#1226=CARTESIAN_POINT('Ctrl Pts',(-20.1254743042542,-4.10249944677344,3.49354081868593));
#1227=CARTESIAN_POINT('Ctrl Pts',(-20.1825379238287,-4.10249944677344,3.70669633706582));
#1228=CARTESIAN_POINT('Ctrl Pts',(-20.2422807206254,-4.10249944677344,3.91485735212095));
#1229=CARTESIAN_POINT('Ctrl Pts',(-20.3053989951743,-4.10249944677344,4.11801200035818));
#1230=CARTESIAN_POINT('Ctrl Pts',(-20.3829285651391,-4.10249944677344,4.36755133942821));
#1231=CARTESIAN_POINT('Ctrl Pts',(-20.4655580040043,-4.10249944677344,4.60953718353201));
#1232=CARTESIAN_POINT('Ctrl Pts',(-20.5546153660469,-4.10249944677344,4.8439728151717));
#1233=CARTESIAN_POINT('Ctrl Pts',(-20.6199009902425,-4.10249944677344,5.0158314486886));
#1234=CARTESIAN_POINT('Ctrl Pts',(-20.6886425253346,-4.10249944677344,5.1836331917952));
#1235=CARTESIAN_POINT('Ctrl Pts',(-20.7613299829734,-4.10249944677344,5.34738487845593));
#1236=CARTESIAN_POINT('Ctrl Pts',(-20.8261546085881,-4.10249944677344,5.49342302762761));
#1237=CARTESIAN_POINT('Ctrl Pts',(-20.8941182165774,-4.10249944677344,5.63624005946225));
#1238=CARTESIAN_POINT('Ctrl Pts',(-20.9655265073852,-4.10249944677344,5.77584260395292));
#1239=CARTESIAN_POINT('Ctrl Pts',(-21.0322407702434,-4.10249944677344,5.90626836745259));
#1240=CARTESIAN_POINT('Ctrl Pts',(-21.1019620857985,-4.10249944677344,6.03388841835319));
#1241=CARTESIAN_POINT('Ctrl Pts',(-21.1748946475799,-4.10249944677344,6.15870870664978));
#1242=CARTESIAN_POINT('Ctrl Pts',(-21.2441942601106,-4.10249944677344,6.27731139115237));
#1243=CARTESIAN_POINT('Ctrl Pts',(-21.3163934250529,-4.10249944677344,6.39338632808092));
#1244=CARTESIAN_POINT('Ctrl Pts',(-21.3916208365283,-4.10249944677344,6.50693850125966));
#1245=CARTESIAN_POINT('Ctrl Pts',(-21.4630233448697,-4.10249944677344,6.61471716642393));
#1246=CARTESIAN_POINT('Ctrl Pts',(-21.5371542385197,-4.10249944677344,6.72022310352395));
#1247=CARTESIAN_POINT('Ctrl Pts',(-21.6140774198049,-4.10249944677344,6.82346006733194));
#1248=CARTESIAN_POINT('Ctrl Pts',(-21.6876471131183,-4.10249944677344,6.92219638633292));
#1249=CARTESIAN_POINT('Ctrl Pts',(-21.7637711809519,-4.10249944677344,7.01885726481439));
#1250=CARTESIAN_POINT('Ctrl Pts',(-21.8424583860097,-4.10249944677344,7.11344529679725));
#1251=CARTESIAN_POINT('Ctrl Pts',(-21.9192791774156,-4.10249944677344,7.20578975698114));
#1252=CARTESIAN_POINT('Ctrl Pts',(-21.9985432299486,-4.10249944677344,7.29615854834822));
#1253=CARTESIAN_POINT('Ctrl Pts',(-22.0802086718586,-4.10249944677344,7.38455324296574));
#1254=CARTESIAN_POINT('Ctrl Pts',(-22.1630373568849,-4.10249944677344,7.47420703222136));
#1255=CARTESIAN_POINT('Ctrl Pts',(-22.2483362478139,-4.10249944677344,7.56183008641212));
#1256=CARTESIAN_POINT('Ctrl Pts',(-22.3360075826914,-4.10249944677344,7.64742307841297));
#1257=CARTESIAN_POINT('Ctrl Pts',(-22.4253290035343,-4.10249944677344,7.7346270393244));
#1258=CARTESIAN_POINT('Ctrl Pts',(-22.5171129051068,-4.10249944677344,7.81972380202054));
#1259=CARTESIAN_POINT('Ctrl Pts',(-22.6112017371024,-4.10249944677344,7.90271308326));
#1260=CARTESIAN_POINT('Ctrl Pts',(-22.7084785626206,-4.10249944677344,7.98851427411111));
#1261=CARTESIAN_POINT('Ctrl Pts',(-22.8082190113663,-4.10249944677344,8.07206274661497));
#1262=CARTESIAN_POINT('Ctrl Pts',(-22.9101928808606,-4.10249944677344,8.15335713492044));
#1263=CARTESIAN_POINT('Ctrl Pts',(-23.0234324060776,-4.10249944677344,8.24363259450797));
#1264=CARTESIAN_POINT('Ctrl Pts',(-23.1394260443019,-4.10249944677344,8.3311284061967));
#1265=CARTESIAN_POINT('Ctrl Pts',(-23.2577914735926,-4.10249944677344,8.41584150833721));
#1266=CARTESIAN_POINT('Ctrl Pts',(-23.3887766085616,-4.10249944677344,8.50958642341939));
#1267=CARTESIAN_POINT('Ctrl Pts',(-23.5226654895962,-4.10249944677344,8.5999236012595));
#1268=CARTESIAN_POINT('Ctrl Pts',(-23.6588680886243,-4.10249944677344,8.68684781951377));
#1269=CARTESIAN_POINT('Ctrl Pts',(-23.8144921440617,-4.10249944677344,8.78616677125912));
#1270=CARTESIAN_POINT('Ctrl Pts',(-23.9731354465558,-4.10249944677344,8.8810299448353));
#1271=CARTESIAN_POINT('Ctrl Pts',(-24.1338452475261,-4.10249944677344,8.97142924291994));
#1272=CARTESIAN_POINT('Ctrl Pts',(-24.3205311435327,-4.10249944677344,9.07644010012598));
#1273=CARTESIAN_POINT('Ctrl Pts',(-24.510000588569,-4.10249944677344,9.17542713499631));
#1274=CARTESIAN_POINT('Ctrl Pts',(-24.70071774992,-4.10249944677344,9.2683804965841));
#1275=CARTESIAN_POINT('Ctrl Pts',(-24.8560916058659,-4.10249944677344,9.3441079356395));
#1276=CARTESIAN_POINT('Ctrl Pts',(-25.0122907308818,-4.10249944677344,9.41583074157053));
#1277=CARTESIAN_POINT('Ctrl Pts',(-25.1685136178138,-4.10249944677344,9.4835473427024));
#1278=CARTESIAN_POINT('Ctrl Pts',(-25.3040965906456,-4.10249944677344,9.54231733647115));
#1279=CARTESIAN_POINT('Ctrl Pts',(-25.4396968085335,-4.10249944677344,9.5980697786569));
#1280=CARTESIAN_POINT('Ctrl Pts',(-25.5748330422724,-4.10249944677344,9.65080698826456));
#1281=CARTESIAN_POINT('Ctrl Pts',(-25.7057140460485,-4.10249944677344,9.70188358510934));
#1282=CARTESIAN_POINT('Ctrl Pts',(-25.8361588987698,-4.10249944677344,9.75013179820225));
#1283=CARTESIAN_POINT('Ctrl Pts',(-25.9657850443465,-4.10249944677344,9.79555759333734));
#1284=CARTESIAN_POINT('Ctrl Pts',(-26.08536914054,-4.10249944677344,9.83746428300194));
#1285=CARTESIAN_POINT('Ctrl Pts',(-26.2042564888188,-4.10249944677344,9.87696893111333));
#1286=CARTESIAN_POINT('Ctrl Pts',(-26.3221997593227,-4.10249944677344,9.91407980423631));
#1287=CARTESIAN_POINT('Ctrl Pts',(-26.4433530589697,-4.10249944677344,9.95220071365676));
#1288=CARTESIAN_POINT('Ctrl Pts',(-26.563510378422,-4.10249944677344,9.98779583174804));
#1289=CARTESIAN_POINT('Ctrl Pts',(-26.68246055676,-4.10249944677344,10.0208775072997));
#1290=CARTESIAN_POINT('Ctrl Pts',(-26.8052952307075,-4.10249944677344,10.0550395143416));
#1291=CARTESIAN_POINT('Ctrl Pts',(-26.9268428703763,-4.10249944677344,10.0865213122401));
#1292=CARTESIAN_POINT('Ctrl Pts',(-27.0469275499165,-4.10249944677344,10.1153390334971));
#1293=CARTESIAN_POINT('Ctrl Pts',(-27.1747832241551,-4.10249944677344,10.1460216251103));
#1294=CARTESIAN_POINT('Ctrl Pts',(-27.3009805323846,-4.10249944677344,10.1736842728366));
#1295=CARTESIAN_POINT('Ctrl Pts',(-27.4253683085562,-4.10249944677344,10.1983479875689));
#1296=CARTESIAN_POINT('Ctrl Pts',(-27.5553049394185,-4.10249944677344,10.224111933959));
#1297=CARTESIAN_POINT('Ctrl Pts',(-27.6832674324159,-4.10249944677344,10.2466035479375));
#1298=CARTESIAN_POINT('Ctrl Pts',(-27.8091439953037,-4.10249944677344,10.2658466968633));
#1299=CARTESIAN_POINT('Ctrl Pts',(-27.9472843843513,-4.10249944677344,10.2869646557439));
#1300=CARTESIAN_POINT('Ctrl Pts',(-28.0829128655261,-4.10249944677344,10.3041705539839));
#1301=CARTESIAN_POINT('Ctrl Pts',(-28.2159479583221,-4.10249944677344,10.3174930023776));
#1302=CARTESIAN_POINT('Ctrl Pts',(-28.3080043231879,-4.10249944677344,10.3267117441732));
#1303=CARTESIAN_POINT('Ctrl Pts',(-28.3988203753006,-4.10249944677344,10.334070938122));
#1304=CARTESIAN_POINT('Ctrl Pts',(-28.4883832822146,-4.10249944677344,10.3395784888573));
#1305=CARTESIAN_POINT('',(-28.4893510762769,-4.10249944677344,10.3396379329711));
#1306=CARTESIAN_POINT('Ctrl Pts',(-29.2500013893005,-10.3514892417299,10.3400004911236));
#1307=CARTESIAN_POINT('Ctrl Pts',(-29.2500013893005,3.6485107582701,10.3400004911236));
#1308=CARTESIAN_POINT('Ctrl Pts',(-29.1141893793029,-10.3514892417299,10.348932161083));
#1309=CARTESIAN_POINT('Ctrl Pts',(-29.1141893793029,3.6485107582701,10.348932161083));
#1310=CARTESIAN_POINT('Ctrl Pts',(-28.8368329078911,-10.3514892417299,10.3584071137934));
#1311=CARTESIAN_POINT('Ctrl Pts',(-28.8368329078911,3.6485107582701,10.3584071137934));
#1312=CARTESIAN_POINT('Ctrl Pts',(-28.4036009282263,-10.3514892417299,10.3474544309713));
#1313=CARTESIAN_POINT('Ctrl Pts',(-28.4036009282263,3.6485107582701,10.3474544309713));
#1314=CARTESIAN_POINT('Ctrl Pts',(-27.791422582404,-10.3514892417299,10.2823148425712));
#1315=CARTESIAN_POINT('Ctrl Pts',(-27.791422582404,3.6485107582701,10.2823148425712));
#1316=CARTESIAN_POINT('Ctrl Pts',(-26.9707396929521,-10.3514892417299,10.1154945871231));
#1317=CARTESIAN_POINT('Ctrl Pts',(-26.9707396929521,3.6485107582701,10.1154945871231));
#1318=CARTESIAN_POINT('Ctrl Pts',(-26.1023676550566,-10.3514892417299,9.8618856040245));
#1319=CARTESIAN_POINT('Ctrl Pts',(-26.1023676550566,3.6485107582701,9.8618856040245));
#1320=CARTESIAN_POINT('Ctrl Pts',(-25.2031031340881,-10.3514892417299,9.52036697696655));
#1321=CARTESIAN_POINT('Ctrl Pts',(-25.2031031340881,3.6485107582701,9.52036697696655));
#1322=CARTESIAN_POINT('Ctrl Pts',(-24.3022181882984,-10.3514892417299,9.0906556183077));
#1323=CARTESIAN_POINT('Ctrl Pts',(-24.3022181882984,3.6485107582701,9.0906556183077));
#1324=CARTESIAN_POINT('Ctrl Pts',(-23.4350267387261,-10.3514892417299,8.57292551247266));
#1325=CARTESIAN_POINT('Ctrl Pts',(-23.4350267387261,3.6485107582701,8.57292551247266));
#1326=CARTESIAN_POINT('Ctrl Pts',(-22.6362616276611,-10.3514892417299,7.96749684221455));
#1327=CARTESIAN_POINT('Ctrl Pts',(-22.6362616276611,3.6485107582701,7.96749684221455));
#1328=CARTESIAN_POINT('Ctrl Pts',(-21.9340409584122,-10.3514892417299,7.27460722954582));
#1329=CARTESIAN_POINT('Ctrl Pts',(-21.9340409584122,3.6485107582701,7.27460722954582));
#1330=CARTESIAN_POINT('Ctrl Pts',(-21.3422014562375,-10.3514892417299,6.49422268692468));
#1331=CARTESIAN_POINT('Ctrl Pts',(-21.3422014562375,3.6485107582701,6.49422268692468));
#1332=CARTESIAN_POINT('Ctrl Pts',(-20.8570906628136,-10.3514892417299,5.62599965781006));
#1333=CARTESIAN_POINT('Ctrl Pts',(-20.8570906628136,3.6485107582701,5.62599965781006));
#1334=CARTESIAN_POINT('Ctrl Pts',(-20.4642010841365,-10.3514892417299,4.66947589316115));
#1335=CARTESIAN_POINT('Ctrl Pts',(-20.4642010841365,3.6485107582701,4.66947589316115));
#1336=CARTESIAN_POINT('Ctrl Pts',(-20.1426583298564,-10.3514892417299,3.6243206629178));
#1337=CARTESIAN_POINT('Ctrl Pts',(-20.1426583298564,3.6485107582701,3.6243206629178));
#1338=CARTESIAN_POINT('Ctrl Pts',(-19.8700160454945,-10.3514892417299,2.490604155395));
#1339=CARTESIAN_POINT('Ctrl Pts',(-19.8700160454945,3.6485107582701,2.490604155395));
#1340=CARTESIAN_POINT('Ctrl Pts',(-19.6275431287122,-10.3514892417299,1.26929531160385));
#1341=CARTESIAN_POINT('Ctrl Pts',(-19.6275431287122,3.6485107582701,1.26929531160385));
#1342=CARTESIAN_POINT('Ctrl Pts',(-19.4024100503806,-10.3514892417299,-0.0377238114664247));
#1343=CARTESIAN_POINT('Ctrl Pts',(-19.4024100503806,3.6485107582701,-0.0377238114664247));
#1344=CARTESIAN_POINT('Ctrl Pts',(-19.1859821524946,-10.3514892417299,-1.42823801489946));
#1345=CARTESIAN_POINT('Ctrl Pts',(-19.1859821524946,3.6485107582701,-1.42823801489946));
#1346=CARTESIAN_POINT('Ctrl Pts',(-18.9731782108769,-10.3514892417299,-2.9000338611257));
#1347=CARTESIAN_POINT('Ctrl Pts',(-18.9731782108769,3.6485107582701,-2.9000338611257));
#1348=CARTESIAN_POINT('Ctrl Pts',(-18.8037920860354,-10.3514892417299,-4.14099888225873));
#1349=CARTESIAN_POINT('Ctrl Pts',(-18.8037920860354,3.6485107582701,-4.14099888225873));
#1350=CARTESIAN_POINT('Ctrl Pts',(-18.6768565860056,-10.3514892417299,-5.10688207379778));
#1351=CARTESIAN_POINT('Ctrl Pts',(-18.6768565860056,3.6485107582701,-5.10688207379778));
#1352=CARTESIAN_POINT('Ctrl Pts',(-18.5922784997675,-10.3514892417299,-5.76636707108595));
#1353=CARTESIAN_POINT('Ctrl Pts',(-18.5922784997675,3.6485107582701,-5.76636707108595));
#1354=CARTESIAN_POINT('Ctrl Pts',(-18.5500008810777,-10.3514892417299,-6.10000028973445));
#1355=CARTESIAN_POINT('Ctrl Pts',(-18.5500008810777,3.6485107582701,-6.10000028973445));
#1356=CARTESIAN_POINT('',(-18.5499995853752,-4.09999911417254,-6.09999986365438));
#1357=CARTESIAN_POINT('Ctrl Pts',(-28.4883832822158,-4.09999911417254,10.3395784888574));
#1358=CARTESIAN_POINT('Ctrl Pts',(-28.0585161316714,-4.09999911417254,10.3131443854697));
#1359=CARTESIAN_POINT('Ctrl Pts',(-27.6283801578822,-4.09999911417238,10.2458244727213));
#1360=CARTESIAN_POINT('Ctrl Pts',(-26.415683532171,-4.09999911417238,9.97688593532989));
#1361=CARTESIAN_POINT('Ctrl Pts',(-25.5987702895516,-4.09999911417238,9.69091257278263));
#1362=CARTESIAN_POINT('Ctrl Pts',(-23.9289432934507,-4.09999911417238,8.90790193008763));
#1363=CARTESIAN_POINT('Ctrl Pts',(-23.1189296203999,-4.09999911417254,8.38377456747411));
#1364=CARTESIAN_POINT('Ctrl Pts',(-21.7080365483859,-4.09999911417254,7.06040953839206));
#1365=CARTESIAN_POINT('Ctrl Pts',(-21.178344833897,-4.09999911417254,6.28272999042956));
#1366=CARTESIAN_POINT('Ctrl Pts',(-20.1121764238209,-4.09999911417254,3.89144089175543));
#1367=CARTESIAN_POINT('Ctrl Pts',(-19.5575775806247,-4.09999911417254,1.85127665641643));
#1368=CARTESIAN_POINT('Ctrl Pts',(-18.5500009137397,-4.09999911417254,-6.1000000319832));
#1369=CARTESIAN_POINT('',(-18.5499995853752,-10.3514892417299,-6.09999986365438));
#1370=CARTESIAN_POINT('Origin',(-11.966691266951,-4.09999911417254,16.3395784888574));
#1371=CARTESIAN_POINT('',(-32.8931972018856,-4.09999911417254,16.3395784888574));
#1372=CARTESIAN_POINT('',(-32.8931972018856,-4.09999911417254,11.8395784888574));
#1373=CARTESIAN_POINT('',(-24.0465620447459,-4.09999911417254,16.3395784888574));
#1374=CARTESIAN_POINT('',(-32.2431972018856,-4.09999911417254,16.3395784888574));
#1375=CARTESIAN_POINT('',(-17.2426213530865,-4.09999911417254,5.76316413862091));
#1376=CARTESIAN_POINT('',(-18.8766304543087,-4.09999911417254,8.30315648861614));
#1377=CARTESIAN_POINT('',(-17.2426213530865,-4.09999911417254,-1.86042151114262));
#1378=CARTESIAN_POINT('',(-17.2426213530865,-4.09999911417254,-18.6604215111426));
#1379=CARTESIAN_POINT('',(-14.2426213530865,-4.09999911417254,-1.86042151114261));
#1380=CARTESIAN_POINT('',(-13.8546563100187,-4.09999911417254,-1.86042151114261));
#1381=CARTESIAN_POINT('',(-14.2426213530864,-4.09999911417254,-58.5551364471195));
#1382=CARTESIAN_POINT('',(-14.2426213530865,-4.09999911417254,-20.2604215111426));
#1383=CARTESIAN_POINT('',(-18.5499995853752,-4.09999911417254,-53.8009669450654));
#1384=CARTESIAN_POINT('Ctrl Pts',(-18.5499995853752,-4.09999911417254,-53.8009669450654));
#1385=CARTESIAN_POINT('Ctrl Pts',(-18.0590154306977,-4.09999911417254,-54.5447178021646));
#1386=CARTESIAN_POINT('Ctrl Pts',(-17.4442984215904,-4.09999911417255,-55.4736641635424));
#1387=CARTESIAN_POINT('Ctrl Pts',(-16.6965778419568,-4.09999911417255,-56.58154444895));
#1388=CARTESIAN_POINT('Ctrl Pts',(-16.3822157568782,-4.09999911417255,-57.0395335502397));
#1389=CARTESIAN_POINT('Ctrl Pts',(-16.1574235309624,-4.09999911417255,-57.3582326303364));
#1390=CARTESIAN_POINT('Ctrl Pts',(-16.0267179859077,-4.09999911417255,-57.5388618018831));
#1391=CARTESIAN_POINT('Ctrl Pts',(-15.9271639393975,-4.09999911417255,-57.6732361790125));
#1392=CARTESIAN_POINT('Ctrl Pts',(-15.8254192873341,-4.09999911417256,-57.8059146688797));
#1393=CARTESIAN_POINT('Ctrl Pts',(-15.7203066387527,-4.09999911417256,-57.9358163413168));
#1394=CARTESIAN_POINT('Ctrl Pts',(-15.6092865509866,-4.09999911417256,-58.0608947595005));
#1395=CARTESIAN_POINT('Ctrl Pts',(-15.5075911289724,-4.09999911417256,-58.1560819803503));
#1396=CARTESIAN_POINT('Ctrl Pts',(-15.4143322777031,-4.09999911417256,-58.2175288905539));
#1397=CARTESIAN_POINT('Ctrl Pts',(-15.3120492911265,-4.09999911417256,-58.2625411314754));
#1398=CARTESIAN_POINT('Ctrl Pts',(-15.1220401434564,-4.09999911417255,-58.3079166073181));
#1399=CARTESIAN_POINT('Ctrl Pts',(-14.8510692329372,-4.09999911417255,-58.3700302995706));
#1400=CARTESIAN_POINT('Ctrl Pts',(-14.5395386312301,-4.09999911417255,-58.4599335597288));
#1401=CARTESIAN_POINT('Ctrl Pts',(-14.337971102185,-4.09999911417254,-58.5238486933739));
#1402=CARTESIAN_POINT('Ctrl Pts',(-14.2426219426938,-4.09999911417254,-58.5551382438401));
#1403=CARTESIAN_POINT('',(-18.5499995853752,-4.09999911417254,5.1197893126015));
#1404=CARTESIAN_POINT('Origin',(-32.8931972018856,-8.4514892422084,10.3395784888574));
#1405=CARTESIAN_POINT('',(-32.8931972018856,-8.4514892422084,16.3395784888574));
#1406=CARTESIAN_POINT('',(-32.8931972018856,-8.4514892422084,-4.10139027060443));
#1407=CARTESIAN_POINT('',(-32.8931972018856,-8.4514892422084,16.3395784888574));
#1408=CARTESIAN_POINT('Origin',(-42.2431972018856,-8.45148924220839,-18.5423590300662));
#1409=CARTESIAN_POINT('',(-42.2431972018856,-8.4514892422084,16.3395784888574));
#1410=CARTESIAN_POINT('',(-42.2431972018856,-8.4514892422084,-1.10139027060442));
#1411=CARTESIAN_POINT('',(-28.242909277486,-8.4514892422084,16.3395784888574));
#1412=CARTESIAN_POINT('',(-34.2426213530865,-8.4514892422084,14.2395784888574));
#1413=CARTESIAN_POINT('Origin',(-34.2426213530865,-8.4514892422084,13.3395784888574));
#1414=CARTESIAN_POINT('',(-41.1426213530865,-8.4514892422084,14.2395784888574));
#1415=CARTESIAN_POINT('Origin',(-41.1426213530865,-8.4514892422084,13.3395784888574));
#1416=CARTESIAN_POINT('Origin',(-42.2431972018856,-8.4514892422084,16.3395784888574));
#1417=CARTESIAN_POINT('',(-42.2431972018856,-4.09999911417254,16.3395784888574));
#1418=CARTESIAN_POINT('',(-42.2431972018856,-4.09999911417254,14.8395784888574));
#1419=CARTESIAN_POINT('',(-42.2431972018856,-8.4514892422084,16.3395784888574));
#1420=CARTESIAN_POINT('Ctrl Pts',(-18.5499995853752,-4.09999911417254,-53.8009669450654));
#1421=CARTESIAN_POINT('Ctrl Pts',(-18.0590154306977,-4.09999911417254,-54.5447178021646));
#1422=CARTESIAN_POINT('Ctrl Pts',(-17.4442984215904,-4.09999911417255,-55.4736641635424));
#1423=CARTESIAN_POINT('Ctrl Pts',(-16.6965778419568,-4.09999911417255,-56.58154444895));
#1424=CARTESIAN_POINT('Ctrl Pts',(-16.3822157568782,-4.09999911417255,-57.0395335502397));
#1425=CARTESIAN_POINT('Ctrl Pts',(-16.1574235309624,-4.09999911417255,-57.3582326303364));
#1426=CARTESIAN_POINT('Ctrl Pts',(-16.0267179859077,-4.09999911417255,-57.5388618018831));
#1427=CARTESIAN_POINT('Ctrl Pts',(-15.9271639393975,-4.09999911417255,-57.6732361790125));
#1428=CARTESIAN_POINT('Ctrl Pts',(-15.8254192873341,-4.09999911417256,-57.8059146688797));
#1429=CARTESIAN_POINT('Ctrl Pts',(-15.7203066387527,-4.09999911417256,-57.9358163413168));
#1430=CARTESIAN_POINT('Ctrl Pts',(-15.6092865509866,-4.09999911417256,-58.0608947595005));
#1431=CARTESIAN_POINT('Ctrl Pts',(-15.5075911289724,-4.09999911417256,-58.1560819803503));
#1432=CARTESIAN_POINT('Ctrl Pts',(-15.4143322777031,-4.09999911417256,-58.2175288905539));
#1433=CARTESIAN_POINT('Ctrl Pts',(-15.3120492911265,-4.09999911417256,-58.2625411314754));
#1434=CARTESIAN_POINT('Ctrl Pts',(-15.1220401434564,-4.09999911417255,-58.3079166073181));
#1435=CARTESIAN_POINT('Ctrl Pts',(-14.8510692329372,-4.09999911417255,-58.3700302995706));
#1436=CARTESIAN_POINT('Ctrl Pts',(-14.5289213009377,-4.09999911417255,-58.4629975688573));
#1437=CARTESIAN_POINT('Ctrl Pts',(-14.3170118271822,-4.09999911417254,-58.5305104187606));
#1438=CARTESIAN_POINT('Ctrl Pts',(-14.1319475028944,-4.09999911417254,-58.5916852284634));
#1439=CARTESIAN_POINT('Ctrl Pts',(-14.0526466824337,-4.09999911417254,-58.6178848611018));
#1440=CARTESIAN_POINT('Ctrl Pts',(-13.9733487395999,-4.09999911417254,-58.6440911920908));
#1441=CARTESIAN_POINT('Ctrl Pts',(-18.5749693642596,-4.09999911417254,-53.8174506447628));
#1442=CARTESIAN_POINT('Ctrl Pts',(-18.0839518289828,-4.09999911417254,-54.5612510844247));
#1443=CARTESIAN_POINT('Ctrl Pts',(-17.4692254760332,-4.09999911417255,-55.49021400447));
#1444=CARTESIAN_POINT('Ctrl Pts',(-16.7213256282431,-4.09999911417255,-56.5983598078667));
#1445=CARTESIAN_POINT('Ctrl Pts',(-16.4068152582883,-4.09999911417255,-57.0565664607537));
#1446=CARTESIAN_POINT('Ctrl Pts',(-16.1817965925707,-4.09999911417255,-57.375587489461));
#1447=CARTESIAN_POINT('Ctrl Pts',(-16.0508710599757,-4.09999911417255,-57.5565221097826));
#1448=CARTESIAN_POINT('Ctrl Pts',(-15.9510770025367,-4.09999911417256,-57.6912194889048));
#1449=CARTESIAN_POINT('Ctrl Pts',(-15.8489670564901,-4.09999911417256,-57.8243800599211));
#1450=CARTESIAN_POINT('Ctrl Pts',(-15.7432214574039,-4.09999911417256,-57.9550643811099));
#1451=CARTESIAN_POINT('Ctrl Pts',(-15.6310015596536,-4.09999911417256,-58.0815318601954));
#1452=CARTESIAN_POINT('Ctrl Pts',(-15.5268513159274,-4.09999911417256,-58.1791203339267));
#1453=CARTESIAN_POINT('Ctrl Pts',(-15.4288817601071,-4.09999911417256,-58.2439109309126));
#1454=CARTESIAN_POINT('Ctrl Pts',(-15.3203600643026,-4.09999911417256,-58.2914262998712));
#1455=CARTESIAN_POINT('Ctrl Pts',(-15.1278940811662,-4.09999911417255,-58.3372050169136));
#1456=CARTESIAN_POINT('Ctrl Pts',(-14.8589408363711,-4.09999911417255,-58.3989597598765));
#1457=CARTESIAN_POINT('Ctrl Pts',(-14.5375017746247,-4.09999911417255,-58.4916251029001));
#1458=CARTESIAN_POINT('Ctrl Pts',(-14.3263171206124,-4.09999911417254,-58.5589671657141));
#1459=CARTESIAN_POINT('Ctrl Pts',(-14.1413742776718,-4.09999911417254,-58.6200713290501));
#1460=CARTESIAN_POINT('Ctrl Pts',(-14.0620108319431,-4.09999911417254,-58.6463082480278));
#1461=CARTESIAN_POINT('Ctrl Pts',(-13.9827372501131,-4.09999911417254,-58.6724999598148));
#1462=CARTESIAN_POINT('Ctrl Pts',(-18.6181885641905,-4.12512273567873,-53.8459816267998));
#1463=CARTESIAN_POINT('Ctrl Pts',(-18.1271382188579,-4.12512273567873,-54.5898323467464));
#1464=CARTESIAN_POINT('Ctrl Pts',(-17.5124961489687,-4.12512273567874,-55.518812659792));
#1465=CARTESIAN_POINT('Ctrl Pts',(-16.7643090308484,-4.12512273567874,-56.6274076634898));
#1466=CARTESIAN_POINT('Ctrl Pts',(-16.4495585310856,-4.12512273567874,-57.0859848959676));
#1467=CARTESIAN_POINT('Ctrl Pts',(-16.2241580791182,-4.12512273567875,-57.4055651270772));
#1468=CARTESIAN_POINT('Ctrl Pts',(-16.0928546232839,-4.12512273567875,-57.5870234074564));
#1469=CARTESIAN_POINT('Ctrl Pts',(-15.9926529359484,-4.12512273567875,-57.7222813708998));
#1470=CARTESIAN_POINT('Ctrl Pts',(-15.8899021602069,-4.12512273567875,-57.8562720911547));
#1471=CARTESIAN_POINT('Ctrl Pts',(-15.7830857162528,-4.12512273567875,-57.9883147666552));
#1472=CARTESIAN_POINT('Ctrl Pts',(-15.6687410111474,-4.12512273567875,-58.1171723123169));
#1473=CARTESIAN_POINT('Ctrl Pts',(-15.5604489683097,-4.12512273567875,-58.2189288033926));
#1474=CARTESIAN_POINT('Ctrl Pts',(-15.4541030604784,-4.12512273567875,-58.2894558771668));
#1475=CARTESIAN_POINT('Ctrl Pts',(-15.3351510600671,-4.12512273567875,-58.3413424440491));
#1476=CARTESIAN_POINT('Ctrl Pts',(-15.1381080794452,-4.12512273567875,-58.3878181438546));
#1477=CARTESIAN_POINT('Ctrl Pts',(-14.8727368357009,-4.12512273567874,-58.4489906148905));
#1478=CARTESIAN_POINT('Ctrl Pts',(-14.5525747117039,-4.12512273567874,-58.5411073088437));
#1479=CARTESIAN_POINT('Ctrl Pts',(-14.3426116490654,-4.12512273567873,-58.6081180799895));
#1480=CARTESIAN_POINT('Ctrl Pts',(-14.1575947397675,-4.12512273567873,-58.6692566255006));
#1481=CARTESIAN_POINT('Ctrl Pts',(-14.078275384414,-4.12512273567873,-58.6954712446218));
#1482=CARTESIAN_POINT('Ctrl Pts',(-13.9989874505973,-4.12512273567873,-58.7216715691324));
#1483=CARTESIAN_POINT('Ctrl Pts',(-18.63345492386,-4.1775591666469,-53.8560596530982));
#1484=CARTESIAN_POINT('Ctrl Pts',(-18.1423951710461,-4.1775591666469,-54.5999250274954));
#1485=CARTESIAN_POINT('Ctrl Pts',(-17.5277916520791,-4.17755916664691,-55.528910499522));
#1486=CARTESIAN_POINT('Ctrl Pts',(-16.7795050728679,-4.17755916664691,-56.6376632679979));
#1487=CARTESIAN_POINT('Ctrl Pts',(-16.4646711965443,-4.17755916664691,-57.0963708787417));
#1488=CARTESIAN_POINT('Ctrl Pts',(-16.2391367728795,-4.17755916664692,-57.4161488082567));
#1489=CARTESIAN_POINT('Ctrl Pts',(-16.1077000714527,-4.17755916664692,-57.5977916220544));
#1490=CARTESIAN_POINT('Ctrl Pts',(-16.0073550779181,-4.17755916664692,-57.7332477334681));
#1491=CARTESIAN_POINT('Ctrl Pts',(-15.9043771934455,-4.17755916664692,-57.8675313153126));
#1492=CARTESIAN_POINT('Ctrl Pts',(-15.7971846529834,-4.17755916664692,-58.0000541268651));
#1493=CARTESIAN_POINT('Ctrl Pts',(-15.6820851960019,-4.17755916664692,-58.1297546766766));
#1494=CARTESIAN_POINT('Ctrl Pts',(-15.5723395064316,-4.17755916664692,-58.2329844704202));
#1495=CARTESIAN_POINT('Ctrl Pts',(-15.4630153413973,-4.17755916664692,-58.3055333901004));
#1496=CARTESIAN_POINT('Ctrl Pts',(-15.340411199081,-4.17755916664692,-58.3589673758336));
#1497=CARTESIAN_POINT('Ctrl Pts',(-15.1417231158331,-4.17755916664692,-58.4056891866322));
#1498=CARTESIAN_POINT('Ctrl Pts',(-14.8776249855771,-4.17755916664691,-58.4666593913465));
#1499=CARTESIAN_POINT('Ctrl Pts',(-14.5579182838332,-4.1775591666469,-58.55858000817));
#1500=CARTESIAN_POINT('Ctrl Pts',(-14.3483838435862,-4.1775591666469,-58.6254706382518));
#1501=CARTESIAN_POINT('Ctrl Pts',(-14.16331592189,-4.1775591666469,-58.6866350203079));
#1502=CARTESIAN_POINT('Ctrl Pts',(-14.0840254674189,-4.1775591666469,-58.7128341731207));
#1503=CARTESIAN_POINT('Ctrl Pts',(-14.0047275245851,-4.1775591666469,-58.7390405041097));
#1504=CARTESIAN_POINT('Ctrl Pts',(-18.63345492386,-4.19999911417254,-53.8560596530982));
#1505=CARTESIAN_POINT('Ctrl Pts',(-18.1423951710461,-4.19999911417254,-54.5999250274954));
#1506=CARTESIAN_POINT('Ctrl Pts',(-17.5277916520791,-4.19999911417255,-55.528910499522));
#1507=CARTESIAN_POINT('Ctrl Pts',(-16.7795050728679,-4.19999911417255,-56.6376632679979));
#1508=CARTESIAN_POINT('Ctrl Pts',(-16.4646711965443,-4.19999911417255,-57.0963708787417));
#1509=CARTESIAN_POINT('Ctrl Pts',(-16.2391367728795,-4.19999911417256,-57.4161488082567));
#1510=CARTESIAN_POINT('Ctrl Pts',(-16.1077000714527,-4.19999911417256,-57.5977916220544));
#1511=CARTESIAN_POINT('Ctrl Pts',(-16.0073550779181,-4.19999911417256,-57.7332477334681));
#1512=CARTESIAN_POINT('Ctrl Pts',(-15.9043771934455,-4.19999911417256,-57.8675313153126));
#1513=CARTESIAN_POINT('Ctrl Pts',(-15.7971846529834,-4.19999911417256,-58.0000541268651));
#1514=CARTESIAN_POINT('Ctrl Pts',(-15.6820851960019,-4.19999911417256,-58.1297546766766));
#1515=CARTESIAN_POINT('Ctrl Pts',(-15.5723395064316,-4.19999911417256,-58.2329844704202));
#1516=CARTESIAN_POINT('Ctrl Pts',(-15.4630153413973,-4.19999911417256,-58.3055333901004));
#1517=CARTESIAN_POINT('Ctrl Pts',(-15.340411199081,-4.19999911417256,-58.3589673758336));
#1518=CARTESIAN_POINT('Ctrl Pts',(-15.1417231158331,-4.19999911417256,-58.4056891866322));
#1519=CARTESIAN_POINT('Ctrl Pts',(-14.8776249855771,-4.19999911417255,-58.4666593913465));
#1520=CARTESIAN_POINT('Ctrl Pts',(-14.5579182838332,-4.19999911417255,-58.55858000817));
#1521=CARTESIAN_POINT('Ctrl Pts',(-14.3483838435862,-4.19999911417254,-58.6254706382518));
#1522=CARTESIAN_POINT('Ctrl Pts',(-14.16331592189,-4.19999911417254,-58.6866350203079));
#1523=CARTESIAN_POINT('Ctrl Pts',(-14.0840254674189,-4.19999911417254,-58.7128341731207));
#1524=CARTESIAN_POINT('Ctrl Pts',(-14.0047275245851,-4.19999911417254,-58.7390405041097));
#1525=CARTESIAN_POINT('',(-15.582800103384,-4.15148924513968,-58.2027310791464));
#1526=CARTESIAN_POINT('',(-15.5581722222242,-4.19999911417254,-58.2391069004969));
#1527=CARTESIAN_POINT('Ctrl Pts',(-15.5583861109841,-4.19999911417256,-58.2387566055038));
#1528=CARTESIAN_POINT('Ctrl Pts',(-15.5583861109841,-4.19615496017148,-58.2387566055038));
#1529=CARTESIAN_POINT('Ctrl Pts',(-15.5588291060048,-4.19243077766739,-58.2381223171213));
#1530=CARTESIAN_POINT('Ctrl Pts',(-15.5596327940973,-4.18884823373576,-58.2369739844488));
#1531=CARTESIAN_POINT('Ctrl Pts',(-15.5606588797066,-4.18427432402213,-58.2355078838049));
#1532=CARTESIAN_POINT('Ctrl Pts',(-15.5622354871372,-4.18009212375452,-58.2332553854709));
#1533=CARTESIAN_POINT('Ctrl Pts',(-15.564047888801,-4.17634708254915,-58.2306444830809));
#1534=CARTESIAN_POINT('Ctrl Pts',(-15.566311237266,-4.17167023114662,-58.2273839575392));
#1535=CARTESIAN_POINT('Ctrl Pts',(-15.5690477828676,-4.167452171414,-58.2234088900372));
#1536=CARTESIAN_POINT('Ctrl Pts',(-15.5718865729385,-4.16372455832274,-58.2192178939418));
#1537=CARTESIAN_POINT('Ctrl Pts',(-15.5730810184934,-4.16215613276964,-58.2174544959689));
#1538=CARTESIAN_POINT('Ctrl Pts',(-15.5742939721613,-4.16067403875104,-58.2156527101176));
#1539=CARTESIAN_POINT('Ctrl Pts',(-15.5754996942231,-4.15927877921343,-58.2138489482879));
#1540=CARTESIAN_POINT('Ctrl Pts',(-15.5778227152479,-4.156590583199,-58.2103737057032));
#1541=CARTESIAN_POINT('Ctrl Pts',(-15.5803336277772,-4.1539789652145,-58.2065719999575));
#1542=CARTESIAN_POINT('Ctrl Pts',(-15.5830022994487,-4.15144606446114,-58.2024596919435));
#1543=CARTESIAN_POINT('',(-18.5499995853752,-4.19999911417254,-53.9824465649027));
#1544=CARTESIAN_POINT('Ctrl Pts',(-15.5580830163999,-4.19999911417256,-58.2389919772131));
#1545=CARTESIAN_POINT('Ctrl Pts',(-15.6028985113618,-4.19999911417256,-58.2042052652356));
#1546=CARTESIAN_POINT('Ctrl Pts',(-15.6858593445053,-4.19999911417256,-58.1255017536064));
#1547=CARTESIAN_POINT('Ctrl Pts',(-15.7971846529834,-4.19999911417256,-58.0000541268651));
#1548=CARTESIAN_POINT('Ctrl Pts',(-15.9043771934455,-4.19999911417256,-57.8675313153126));
#1549=CARTESIAN_POINT('Ctrl Pts',(-16.0073550779181,-4.19999911417256,-57.7332477334681));
#1550=CARTESIAN_POINT('Ctrl Pts',(-16.1077000714527,-4.19999911417256,-57.5977916220544));
#1551=CARTESIAN_POINT('Ctrl Pts',(-16.2391367728795,-4.19999911417256,-57.4161488082567));
#1552=CARTESIAN_POINT('Ctrl Pts',(-16.4646711965443,-4.19999911417255,-57.0963708787417));
#1553=CARTESIAN_POINT('Ctrl Pts',(-16.7795050728679,-4.19999911417255,-56.6376632679979));
#1554=CARTESIAN_POINT('Ctrl Pts',(-17.4995361542808,-4.19999911417255,-55.5707772953178));
#1555=CARTESIAN_POINT('Ctrl Pts',(-18.086678539818,-4.19999911417254,-54.6841036755826));
#1556=CARTESIAN_POINT('Ctrl Pts',(-18.55000654379,-4.19999911417254,-53.9824511598103));
#1557=CARTESIAN_POINT('Ctrl Pts',(-18.5500079918522,-4.19999911417254,-53.9824489669006));
#1558=CARTESIAN_POINT('Ctrl Pts',(-18.5500079918522,-4.19320186813121,-53.9824489669006));
#1559=CARTESIAN_POINT('Ctrl Pts',(-18.5499883513863,-4.18657146767356,-53.9811796281632));
#1560=CARTESIAN_POINT('Ctrl Pts',(-18.5499757602892,-4.18019932794371,-53.9788392184314));
#1561=CARTESIAN_POINT('Ctrl Pts',(-18.5499747635764,-4.1796949085729,-53.978653951307));
#1562=CARTESIAN_POINT('Ctrl Pts',(-18.5499737935824,-4.17919209119475,-53.9784619609884));
#1563=CARTESIAN_POINT('Ctrl Pts',(-18.5499728547691,-4.17869091324341,-53.9782633400345));
#1564=CARTESIAN_POINT('Ctrl Pts',(-18.5499617173924,-4.17274531392941,-53.97590705001));
#1565=CARTESIAN_POINT('Ctrl Pts',(-18.5499557699089,-4.16718597590031,-53.9726820968163));
#1566=CARTESIAN_POINT('Ctrl Pts',(-18.5499588427779,-4.16205164684139,-53.9688709521699));
#1567=CARTESIAN_POINT('Ctrl Pts',(-18.54996002272,-4.16008013055109,-53.9674075216673));
#1568=CARTESIAN_POINT('Ctrl Pts',(-18.5499622402494,-4.15817082850086,-53.9658574664539));
#1569=CARTESIAN_POINT('Ctrl Pts',(-18.5499646742317,-4.15632439799807,-53.9642360939617));
#1570=CARTESIAN_POINT('Ctrl Pts',(-18.5499719720579,-4.15078823254782,-53.9593747215134));
#1571=CARTESIAN_POINT('Ctrl Pts',(-18.5499797121275,-4.14576602099899,-53.9538312297669));
#1572=CARTESIAN_POINT('Ctrl Pts',(-18.5499852383873,-4.14126264318711,-53.9478917327993));
#1573=CARTESIAN_POINT('Ctrl Pts',(-18.5499867727954,-4.14001224604386,-53.9462425862363));
#1574=CARTESIAN_POINT('Ctrl Pts',(-18.5499879708164,-4.13880160246997,-53.9445628006754));
#1575=CARTESIAN_POINT('Ctrl Pts',(-18.5499884079518,-4.13763029286107,-53.9428582576867));
#1576=CARTESIAN_POINT('Ctrl Pts',(-18.5499892701943,-4.13531990388295,-53.9394960746193));
#1577=CARTESIAN_POINT('Ctrl Pts',(-18.5499874436997,-4.13316253799439,-53.9360377473827));
#1578=CARTESIAN_POINT('Ctrl Pts',(-18.5499825517269,-4.1311475176096,-53.9325303124583));
#1579=CARTESIAN_POINT('Ctrl Pts',(-18.5499686539091,-4.12542295871918,-53.9225658883113));
#1580=CARTESIAN_POINT('Ctrl Pts',(-18.5499469010059,-4.12039776092427,-53.9114023493475));
#1581=CARTESIAN_POINT('Ctrl Pts',(-18.549938168682,-4.1161283541913,-53.8993039815653));
#1582=CARTESIAN_POINT('Ctrl Pts',(-18.5499320369708,-4.11313043871186,-53.8908086831974));
#1583=CARTESIAN_POINT('Ctrl Pts',(-18.5499313662283,-4.1105057942963,-53.8818518222087));
#1584=CARTESIAN_POINT('Ctrl Pts',(-18.5499365317689,-4.10828686250803,-53.8725203989645));
#1585=CARTESIAN_POINT('Ctrl Pts',(-18.5499437069196,-4.10520467402521,-53.8595586642218));
#1586=CARTESIAN_POINT('Ctrl Pts',(-18.5499560064516,-4.10298804447369,-53.8462395829207));
#1587=CARTESIAN_POINT('Ctrl Pts',(-18.5499723790615,-4.10162448923803,-53.8328431683476));
#1588=CARTESIAN_POINT('Ctrl Pts',(-18.5499853573983,-4.10054361825153,-53.8222240196278));
#1589=CARTESIAN_POINT('Ctrl Pts',(-18.5499995853752,-4.09999911417254,-53.8115554142706));
#1590=CARTESIAN_POINT('Ctrl Pts',(-18.5499995853752,-4.09999911417254,-53.8009669450654));
#1591=CARTESIAN_POINT('',(-14.2426213530865,-4.10148924220839,-58.5732394982976));
#1592=CARTESIAN_POINT('Ctrl Pts',(-14.2426268569464,-4.09999911417254,-58.5551366311918));
#1593=CARTESIAN_POINT('Ctrl Pts',(-14.2426288970969,-4.09999911417254,-58.5612115181217));
#1594=CARTESIAN_POINT('Ctrl Pts',(-14.2426279717223,-4.10053193123936,-58.567256560029));
#1595=CARTESIAN_POINT('Ctrl Pts',(-14.2426263628509,-4.10155740008415,-58.5732145372346));
#1596=CARTESIAN_POINT('',(-13.9787455724929,-4.10148924220839,-58.6604215111426));
#1597=CARTESIAN_POINT('Ctrl Pts',(-14.2426263628508,-4.10155740008415,-58.5732145372346));
#1598=CARTESIAN_POINT('Ctrl Pts',(-14.2339588307817,-4.10155740008415,-58.5760621246266));
#1599=CARTESIAN_POINT('Ctrl Pts',(-14.225291765679,-4.10155740008415,-58.578918116362));
#1600=CARTESIAN_POINT('Ctrl Pts',(-14.216624759836,-4.10155740008415,-58.581782430356));
#1601=CARTESIAN_POINT('Ctrl Pts',(-14.137352484411,-4.10155740008415,-58.6079807152015));
#1602=CARTESIAN_POINT('Ctrl Pts',(-14.0580245921965,-4.10155740008414,-58.6341966959324));
#1603=CARTESIAN_POINT('Ctrl Pts',(-13.9787373430393,-4.10155740008414,-58.6603966095743));
#1604=CARTESIAN_POINT('',(-14.2026132374747,-4.15148924220838,-58.6604215111426));
#1605=CARTESIAN_POINT('Ctrl Pts',(-13.9787455724929,-4.10148924220839,-58.6604215111426));
#1606=CARTESIAN_POINT('Ctrl Pts',(-14.0427168884358,-4.1049938909832,-58.6604215111426));
#1607=CARTESIAN_POINT('Ctrl Pts',(-14.1022544735676,-4.11458704767824,-58.6604215111426));
#1608=CARTESIAN_POINT('Ctrl Pts',(-14.1633042769348,-4.133672388216,-58.6604215111426));
#1609=CARTESIAN_POINT('Ctrl Pts',(-14.1841588181779,-4.14105055158203,-58.6604215111426));
#1610=CARTESIAN_POINT('Ctrl Pts',(-14.2026132374747,-4.15148924220839,-58.6604215111426));
#1611=CARTESIAN_POINT('Ctrl Pts',(-15.5830022979901,-4.1514460628339,-58.2024596920036));
#1612=CARTESIAN_POINT('Ctrl Pts',(-15.5678468625299,-4.1514460628339,-58.2153653879599));
#1613=CARTESIAN_POINT('Ctrl Pts',(-15.5521104573093,-4.1514460628339,-58.2279779354616));
#1614=CARTESIAN_POINT('Ctrl Pts',(-15.5356486737371,-4.1514460628339,-58.2402108184929));
#1615=CARTESIAN_POINT('Ctrl Pts',(-15.5105194677081,-4.1514460628339,-58.2588845324725));
#1616=CARTESIAN_POINT('Ctrl Pts',(-15.4836999439404,-4.1514460628339,-58.2766735307896));
#1617=CARTESIAN_POINT('Ctrl Pts',(-15.4552798441916,-4.1514460628339,-58.2921142065496));
#1618=CARTESIAN_POINT('Ctrl Pts',(-15.4268597444428,-4.1514460628339,-58.3075548823096));
#1619=CARTESIAN_POINT('Ctrl Pts',(-15.3968390687129,-4.1514460628339,-58.3206472355127));
#1620=CARTESIAN_POINT('Ctrl Pts',(-15.3674175804538,-4.1514460628339,-58.3315922498803));
#1621=CARTESIAN_POINT('Ctrl Pts',(-15.3085746039354,-4.1514460628339,-58.3534822786157));
#1622=CARTESIAN_POINT('Ctrl Pts',(-15.2521283772998,-4.1514460628339,-58.3667829520096));
#1623=CARTESIAN_POINT('Ctrl Pts',(-15.1968327015886,-4.1514460628339,-58.3797240816107));
#1624=CARTESIAN_POINT('Ctrl Pts',(-15.0862413501661,-4.1514460628339,-58.4056063408129));
#1625=CARTESIAN_POINT('Ctrl Pts',(-14.9802522024411,-4.1514460628339,-58.4300504248436));
#1626=CARTESIAN_POINT('Ctrl Pts',(-14.8739210835889,-4.15144606283389,-58.4576149838375));
#1627=CARTESIAN_POINT('Ctrl Pts',(-14.7675899647368,-4.15144606283389,-58.4851795428313));
#1628=CARTESIAN_POINT('Ctrl Pts',(-14.6609168747575,-4.15144606283389,-58.5158645767882));
#1629=CARTESIAN_POINT('Ctrl Pts',(-14.5551227889191,-4.15144606283389,-58.5479502564301));
#1630=CARTESIAN_POINT('Ctrl Pts',(-14.4493287030807,-4.15144606283388,-58.5800359360721));
#1631=CARTESIAN_POINT('Ctrl Pts',(-14.3444136213831,-4.15144606283388,-58.6135222613991));
#1632=CARTESIAN_POINT('Ctrl Pts',(-14.2386592300434,-4.15144606283388,-58.6484709254355));
#1633=CARTESIAN_POINT('Ctrl Pts',(-14.226638422508,-4.15144606283388,-58.6524434428759));
#1634=CARTESIAN_POINT('Ctrl Pts',(-14.2146170750589,-4.15144606283388,-58.6564161248516));
#1635=CARTESIAN_POINT('Ctrl Pts',(-14.2025953227234,-4.15144606283388,-58.6603889280556));
#1636=CARTESIAN_POINT('Ctrl Pts',(-14.2426213530864,-3.35148924220839,-58.6604215111426));
#1637=CARTESIAN_POINT('Ctrl Pts',(-14.2426213530864,-12.3514892422084,-58.6604215111426));
#1638=CARTESIAN_POINT('Ctrl Pts',(-14.3157021150404,-3.35148924220839,-58.636269829923));
#1639=CARTESIAN_POINT('Ctrl Pts',(-14.3157021150404,-12.3514892422084,-58.636269829923));
#1640=CARTESIAN_POINT('Ctrl Pts',(-14.4562155829682,-3.35148924220839,-58.5907561806651));
#1641=CARTESIAN_POINT('Ctrl Pts',(-14.4562155829682,-12.3514892422084,-58.5907561806651));
#1642=CARTESIAN_POINT('Ctrl Pts',(-14.6500438843378,-3.35148924220839,-58.53085230613));
#1643=CARTESIAN_POINT('Ctrl Pts',(-14.6500438843378,-12.3514892422084,-58.53085230613));
#1644=CARTESIAN_POINT('Ctrl Pts',(-14.8743316314263,-3.35148924220839,-58.4678576044242));
#1645=CARTESIAN_POINT('Ctrl Pts',(-14.8743316314263,-12.3514892422084,-58.4678576044242));
#1646=CARTESIAN_POINT('Ctrl Pts',(-15.0992125524798,-3.35148924220839,-58.4144417362364));
#1647=CARTESIAN_POINT('Ctrl Pts',(-15.0992125524798,-12.3514892422084,-58.4144417362364));
#1648=CARTESIAN_POINT('Ctrl Pts',(-15.2752306804232,-3.35148924220839,-58.3769994024621));
#1649=CARTESIAN_POINT('Ctrl Pts',(-15.2752306804232,-12.3514892422084,-58.3769994024621));
#1650=CARTESIAN_POINT('Ctrl Pts',(-15.4185489072628,-3.35148924220839,-58.334826328751));
#1651=CARTESIAN_POINT('Ctrl Pts',(-15.4185489072628,-12.3514892422084,-58.334826328751));
#1652=CARTESIAN_POINT('Ctrl Pts',(-15.5565948885914,-3.35148924220839,-58.2542126416111));
#1653=CARTESIAN_POINT('Ctrl Pts',(-15.5565948885914,-12.3514892422084,-58.2542126416111));
#1654=CARTESIAN_POINT('Ctrl Pts',(-15.7200919726059,-3.35148924220839,-58.0980631758493));
#1655=CARTESIAN_POINT('Ctrl Pts',(-15.7200919726059,-12.3514892422084,-58.0980631758493));
#1656=CARTESIAN_POINT('Ctrl Pts',(-15.9369674024248,-3.35148924220839,-57.833450240342));
#1657=CARTESIAN_POINT('Ctrl Pts',(-15.9369674024248,-12.3514892422084,-57.833450240342));
#1658=CARTESIAN_POINT('Ctrl Pts',(-16.2250967559505,-3.35148924220839,-57.4407039534204));
#1659=CARTESIAN_POINT('Ctrl Pts',(-16.2250967559504,-12.3514892422084,-57.4407039534204));
#1660=CARTESIAN_POINT('Ctrl Pts',(-16.5945732032285,-3.35148924220839,-56.9101659003214));
#1661=CARTESIAN_POINT('Ctrl Pts',(-16.5945732032285,-12.3514892422084,-56.9101659003214));
#1662=CARTESIAN_POINT('Ctrl Pts',(-17.0499525249546,-3.35148924220839,-56.2390379330524));
#1663=CARTESIAN_POINT('Ctrl Pts',(-17.0499525249546,-12.3514892422084,-56.2390379330524));
#1664=CARTESIAN_POINT('Ctrl Pts',(-17.5920704643623,-3.35148924220839,-55.4288681516465));
#1665=CARTESIAN_POINT('Ctrl Pts',(-17.5920704643622,-12.3514892422084,-55.4288681516465));
#1666=CARTESIAN_POINT('Ctrl Pts',(-18.219613814172,-3.35148924220839,-54.4834141405765));
#1667=CARTESIAN_POINT('Ctrl Pts',(-18.219613814172,-12.3514892422084,-54.4834141405765));
#1668=CARTESIAN_POINT('Ctrl Pts',(-18.7882517430603,-3.35148924220839,-53.6222227451158));
#1669=CARTESIAN_POINT('Ctrl Pts',(-18.7882517430603,-12.3514892422084,-53.6222227451158));
#1670=CARTESIAN_POINT('Ctrl Pts',(-19.2513129620537,-3.35148924220839,-52.9188728525758));
#1671=CARTESIAN_POINT('Ctrl Pts',(-19.2513129620537,-12.3514892422084,-52.9188728525758));
#1672=CARTESIAN_POINT('Ctrl Pts',(-19.5761616677099,-3.35148924220839,-52.4246217491441));
#1673=CARTESIAN_POINT('Ctrl Pts',(-19.5761616677099,-12.3514892422084,-52.4246217491441));
#1674=CARTESIAN_POINT('Ctrl Pts',(-19.7426213530864,-3.35148924220839,-52.1711583631021));
#1675=CARTESIAN_POINT('Ctrl Pts',(-19.7426213530864,-12.3514892422084,-52.1711583631021));
#1676=CARTESIAN_POINT('',(-15.5581722224607,-4.69186000309034,-58.2391069002501));
#1677=CARTESIAN_POINT('Ctrl Pts',(-15.5581722222239,-4.19999911417254,-58.2391069004964));
#1678=CARTESIAN_POINT('Ctrl Pts',(-15.5581722222599,-4.3639527438118,-58.2391069004589));
#1679=CARTESIAN_POINT('Ctrl Pts',(-15.5581722224607,-4.52790637345107,-58.2391069002501));
#1680=CARTESIAN_POINT('Ctrl Pts',(-15.5581722224607,-4.69186000309034,-58.2391069002501));
#1681=CARTESIAN_POINT('',(-16.2480536142072,-4.63436988711499,-57.4025717278528));
#1682=CARTESIAN_POINT('Ctrl Pts',(-16.2480536142072,-4.63436988711499,-57.4025717278528));
#1683=CARTESIAN_POINT('Ctrl Pts',(-16.0408252381996,-4.65163891844895,-57.6934304142459));
#1684=CARTESIAN_POINT('Ctrl Pts',(-15.898951402037,-4.66346173812917,-57.8785312510209));
#1685=CARTESIAN_POINT('Ctrl Pts',(-15.6977847337829,-4.68022562715034,-58.1146197884524));
#1686=CARTESIAN_POINT('Ctrl Pts',(-15.6243020720865,-4.68634918229171,-58.1874942173582));
#1687=CARTESIAN_POINT('Ctrl Pts',(-15.5581722225029,-4.69186000309034,-58.23910690028));
#1688=CARTESIAN_POINT('',(-16.8837157189185,-4.58139804505571,-56.4824465649027));
#1689=CARTESIAN_POINT('Ctrl Pts',(-16.8837157189185,-4.58139804505571,-56.4824465649027));
#1690=CARTESIAN_POINT('Ctrl Pts',(-16.6193757659529,-4.60342637446951,-56.8724768952412));
#1691=CARTESIAN_POINT('Ctrl Pts',(-16.4130150566237,-4.62062310024694,-57.171037469026));
#1692=CARTESIAN_POINT('Ctrl Pts',(-16.2480536142072,-4.63436988711499,-57.4025717278528));
#1693=CARTESIAN_POINT('',(-17.2426213530865,-4.55148924220838,-55.949855469807));
#1694=CARTESIAN_POINT('Ctrl Pts',(-17.2426213530865,-4.55148924220838,-55.949855469807));
#1695=CARTESIAN_POINT('Ctrl Pts',(-17.1122859664264,-4.56235052443005,-56.1441841658624));
#1696=CARTESIAN_POINT('Ctrl Pts',(-16.9930414182307,-4.57228757011303,-56.3211378480825));
#1697=CARTESIAN_POINT('Ctrl Pts',(-16.8837157189185,-4.58139804505571,-56.4824465649027));
#1698=CARTESIAN_POINT('',(-17.2426213530865,-9.15148924220838,-55.949855469807));
#1699=CARTESIAN_POINT('Ctrl Pts',(-17.2426213530865,-9.15148924220838,-55.949855469807));
#1700=CARTESIAN_POINT('Ctrl Pts',(-17.2426213530865,-7.61815590887504,-55.949855469807));
#1701=CARTESIAN_POINT('Ctrl Pts',(-17.2426213530865,-6.08482257554172,-55.949855469807));
#1702=CARTESIAN_POINT('Ctrl Pts',(-17.2426213530865,-4.55148924220838,-55.949855469807));
#1703=CARTESIAN_POINT('',(-16.8837157189185,-9.12158041707726,-56.4824465649027));
#1704=CARTESIAN_POINT('Ctrl Pts',(-16.8837157189185,-9.12158041707726,-56.4824465649027));
#1705=CARTESIAN_POINT('Ctrl Pts',(-16.9931545562081,-9.13070032697958,-56.3209709143965));
#1706=CARTESIAN_POINT('Ctrl Pts',(-17.1124109470175,-9.14063836695144,-56.1439978211105));
#1707=CARTESIAN_POINT('Ctrl Pts',(-17.2426213530865,-9.15148924220838,-55.949855469807));
#1708=CARTESIAN_POINT('',(-16.2480536142072,-9.06860853555088,-57.4025717278528));
#1709=CARTESIAN_POINT('Ctrl Pts',(-16.2480536142072,-9.06860853555088,-57.4025717278528));
#1710=CARTESIAN_POINT('Ctrl Pts',(-16.4136359476507,-9.08240707361855,-57.17016600754));
#1711=CARTESIAN_POINT('Ctrl Pts',(-16.6202238355636,-9.09962274377129,-56.8712255790223));
#1712=CARTESIAN_POINT('Ctrl Pts',(-16.8837157189185,-9.12158041707726,-56.4824465649027));
#1713=CARTESIAN_POINT('',(-15.5581722225558,-9.01111837675135,-58.2391069001512));
#1714=CARTESIAN_POINT('Ctrl Pts',(-15.5581722226145,-9.01111837675135,-58.2391069001929));
#1715=CARTESIAN_POINT('Ctrl Pts',(-15.6143042668775,-9.01579605059174,-58.1952972526355));
#1716=CARTESIAN_POINT('Ctrl Pts',(-15.6725953391562,-9.02065364356748,-58.1387314298593));
#1717=CARTESIAN_POINT('Ctrl Pts',(-15.8541729974213,-9.0357851263634,-57.9365386780067));
#1718=CARTESIAN_POINT('Ctrl Pts',(-16.0080325548484,-9.04860676570185,-57.7394571070502));
#1719=CARTESIAN_POINT('Ctrl Pts',(-16.2480536142072,-9.06860853555088,-57.4025717278528));
#1720=CARTESIAN_POINT('',(-15.5581722222267,-9.50249944677344,-58.2391069004946));
#1721=CARTESIAN_POINT('Ctrl Pts',(-15.5581722225558,-9.01111837675135,-58.2391069001512));
#1722=CARTESIAN_POINT('Ctrl Pts',(-15.5581722225558,-9.17491206675871,-58.2391069001512));
#1723=CARTESIAN_POINT('Ctrl Pts',(-15.5581722222768,-9.33870575676607,-58.2391069004414));
#1724=CARTESIAN_POINT('Ctrl Pts',(-15.5581722222262,-9.50249944677343,-58.239106900494));
#1725=CARTESIAN_POINT('',(-18.5499995853752,-9.50249944677344,-53.9824465649027));
#1726=CARTESIAN_POINT('Ctrl Pts',(-18.5500040353319,-9.50249944677399,-53.9824495036545));
#1727=CARTESIAN_POINT('Ctrl Pts',(-18.5164217163768,-9.50249944677438,-54.0333009791636));
#1728=CARTESIAN_POINT('Ctrl Pts',(-18.4214085278429,-9.50249944677591,-54.1771339845084));
#1729=CARTESIAN_POINT('Ctrl Pts',(-18.2647923663458,-9.50249944677746,-54.4139758853103));
#1730=CARTESIAN_POINT('Ctrl Pts',(-18.0802174212341,-9.50249944678004,-54.6927117315763));
#1731=CARTESIAN_POINT('Ctrl Pts',(-17.8954972280081,-9.50249944678252,-54.9712035830657));
#1732=CARTESIAN_POINT('Ctrl Pts',(-17.7105611835163,-9.50249944678547,-55.2494864187076));
#1733=CARTESIAN_POINT('Ctrl Pts',(-17.5252702529456,-9.50249944678713,-55.5276296368261));
#1734=CARTESIAN_POINT('Ctrl Pts',(-17.3395444527718,-9.5024994467917,-55.8056796936873));
#1735=CARTESIAN_POINT('Ctrl Pts',(-17.1532673083021,-9.50249944679558,-56.0835425178163));
#1736=CARTESIAN_POINT('Ctrl Pts',(-16.9664584224667,-9.50249944680088,-56.3609352189878));
#1737=CARTESIAN_POINT('Ctrl Pts',(-16.7790625513903,-9.50249944680623,-56.6374884729473));
#1738=CARTESIAN_POINT('Ctrl Pts',(-16.6377177521656,-9.50249944680973,-56.8443021038052));
#1739=CARTESIAN_POINT('Ctrl Pts',(-16.5429067611977,-9.50249944681138,-56.9819414899574));
#1740=CARTESIAN_POINT('Ctrl Pts',(-16.47951539566,-9.50249944681175,-57.0736309487497));
#1741=CARTESIAN_POINT('Ctrl Pts',(-16.4158418084341,-9.50249944681451,-57.1652334992491));
#1742=CARTESIAN_POINT('Ctrl Pts',(-16.3517692013597,-9.50249944681525,-57.2566957019625));
#1743=CARTESIAN_POINT('Ctrl Pts',(-16.2874068552795,-9.50249944681617,-57.3480581363694));
#1744=CARTESIAN_POINT('Ctrl Pts',(-16.2144635780362,-9.5024994468197,-57.4506564041205));
#1745=CARTESIAN_POINT('Ctrl Pts',(-16.1488638265883,-9.50249944682166,-57.5415412833601));
#1746=CARTESIAN_POINT('Ctrl Pts',(-16.0992429533051,-9.50249944682186,-57.6095173751404));
#1747=CARTESIAN_POINT('Ctrl Pts',(-16.0576200128595,-9.50249944682318,-57.6660473721405));
#1748=CARTESIAN_POINT('Ctrl Pts',(-16.0071290579318,-9.50249944682431,-57.7336385043018));
#1749=CARTESIAN_POINT('Ctrl Pts',(-15.9559747269889,-9.50249944682573,-57.80093609744));
#1750=CARTESIAN_POINT('Ctrl Pts',(-15.9039819087104,-9.50249944682724,-57.8678728662048));
#1751=CARTESIAN_POINT('Ctrl Pts',(-15.8508975990225,-9.50249944682868,-57.9343621703403));
#1752=CARTESIAN_POINT('Ctrl Pts',(-15.8054487681751,-9.50249944683036,-57.9893047688469));
#1753=CARTESIAN_POINT('Ctrl Pts',(-15.7680633368288,-9.5024994468309,-58.0328858396066));
#1754=CARTESIAN_POINT('Ctrl Pts',(-15.7394060196278,-9.50249944683133,-58.0653559991967));
#1755=CARTESIAN_POINT('Ctrl Pts',(-15.7173547336022,-9.50249944683182,-58.0895162486751));
#1756=CARTESIAN_POINT('Ctrl Pts',(-15.7023672617002,-9.50249944683189,-58.1055202360748));
#1757=CARTESIAN_POINT('Ctrl Pts',(-15.6922954184848,-9.50249944683193,-58.1161606680678));
#1758=CARTESIAN_POINT('Ctrl Pts',(-15.6744488629001,-9.50249944683212,-58.1347016803073));
#1759=CARTESIAN_POINT('Ctrl Pts',(-15.6482543810141,-9.50249944683264,-58.1609303812944));
#1760=CARTESIAN_POINT('Ctrl Pts',(-15.6236283128654,-9.50249944683325,-58.1841323100357));
#1761=CARTESIAN_POINT('Ctrl Pts',(-15.606652035933,-9.50249944683334,-58.199372281533));
#1762=CARTESIAN_POINT('Ctrl Pts',(-15.5980451270173,-9.50249944683338,-58.2069426700995));
#1763=CARTESIAN_POINT('Ctrl Pts',(-15.5893127396269,-9.50249944683343,-58.214459616271));
#1764=CARTESIAN_POINT('Ctrl Pts',(-15.5774919613403,-9.50249944683346,-58.2244038629349));
#1765=CARTESIAN_POINT('Ctrl Pts',(-15.5671954903364,-9.50249944683362,-58.23275747407));
#1766=CARTESIAN_POINT('Ctrl Pts',(-15.5597741568166,-9.50249944683367,-58.2385816640251));
#1767=CARTESIAN_POINT('Ctrl Pts',(-15.5585237452915,-9.50249944683368,-58.2395573900077));
#1768=CARTESIAN_POINT('Ctrl Pts',(-18.5499995853752,-9.50249944677344,-53.9824465649027));
#1769=CARTESIAN_POINT('Ctrl Pts',(-18.5499995853752,-8.61882937858519,-53.9824465649027));
#1770=CARTESIAN_POINT('Ctrl Pts',(-18.5499995853752,-7.73515931039693,-53.9824465649027));
#1771=CARTESIAN_POINT('Ctrl Pts',(-18.5499995853752,-5.96765919952996,-53.9824465649027));
#1772=CARTESIAN_POINT('Ctrl Pts',(-18.5499995853752,-5.08382915685125,-53.9824465649027));
#1773=CARTESIAN_POINT('Ctrl Pts',(-18.5499995853752,-4.19999911417254,-53.9824465649027));
#1774=CARTESIAN_POINT('Ctrl Pts',(-13.9877716344819,-9.60249944677344,-58.6393247234589));
#1775=CARTESIAN_POINT('Ctrl Pts',(-14.0622619456884,-9.60249944677344,-58.6147072153472));
#1776=CARTESIAN_POINT('Ctrl Pts',(-14.1367432562564,-9.60249944677599,-58.5900732421531));
#1777=CARTESIAN_POINT('Ctrl Pts',(-14.3169592713693,-9.60249944678495,-58.5304517276323));
#1778=CARTESIAN_POINT('Ctrl Pts',(-14.5288144948347,-9.60249944679693,-58.4625430858174));
#1779=CARTESIAN_POINT('Ctrl Pts',(-14.7569762541979,-9.60249944681304,-58.3971135751461));
#1780=CARTESIAN_POINT('Ctrl Pts',(-14.891849270925,-9.60249944681755,-58.3623434632937));
#1781=CARTESIAN_POINT('Ctrl Pts',(-14.9458757326718,-9.60249944681763,-58.3487599610182));
#1782=CARTESIAN_POINT('Ctrl Pts',(-14.9999901277627,-9.60249944681923,-58.3356477693046));
#1783=CARTESIAN_POINT('Ctrl Pts',(-15.0541903328822,-9.60249944682006,-58.3229367363501));
#1784=CARTESIAN_POINT('Ctrl Pts',(-15.0948700935626,-9.6024994468203,-58.3135442571788));
#1785=CARTESIAN_POINT('Ctrl Pts',(-15.1253897115208,-9.60249944682107,-58.306541394534));
#1786=CARTESIAN_POINT('Ctrl Pts',(-15.1457308712346,-9.60249944682117,-58.3018412485839));
#1787=CARTESIAN_POINT('Ctrl Pts',(-15.1592956901672,-9.60249944682115,-58.2987081129753));
#1788=CARTESIAN_POINT('Ctrl Pts',(-15.2236147316563,-9.60249944682275,-58.2835165799883));
#1789=CARTESIAN_POINT('Ctrl Pts',(-15.3395644284589,-9.60249944682766,-58.256695268691));
#1790=CARTESIAN_POINT('Ctrl Pts',(-15.4392964664955,-9.60249944683316,-58.2037410793109));
#1791=CARTESIAN_POINT('Ctrl Pts',(-15.4845436695224,-9.60249944683435,-58.1699257923253));
#1792=CARTESIAN_POINT('Ctrl Pts',(-15.4854133416113,-9.60249944683433,-58.1692755764206));
#1793=CARTESIAN_POINT('Ctrl Pts',(-15.4861080634472,-9.60249944683434,-58.1687538203251));
#1794=CARTESIAN_POINT('Ctrl Pts',(-15.4868023919227,-9.60249944683433,-58.1682316397654));
#1795=CARTESIAN_POINT('Ctrl Pts',(-15.4876693470693,-9.60249944683433,-58.1675776346911));
#1796=CARTESIAN_POINT('Ctrl Pts',(-15.4887082749522,-9.60249944683433,-58.1667910258828));
#1797=CARTESIAN_POINT('Ctrl Pts',(-15.4900915806925,-9.60249944683433,-58.1657397189337));
#1798=CARTESIAN_POINT('Ctrl Pts',(-15.4938877839974,-9.60249944683432,-58.1628385270104));
#1799=CARTESIAN_POINT('Ctrl Pts',(-15.5027990566268,-9.60249944683428,-58.1559027129163));
#1800=CARTESIAN_POINT('Ctrl Pts',(-15.5135917969124,-9.60249944683409,-58.1471486100229));
#1801=CARTESIAN_POINT('Ctrl Pts',(-15.524225131409,-9.60249944683405,-58.1382037434207));
#1802=CARTESIAN_POINT('Ctrl Pts',(-15.5321238075031,-9.602499446834,-58.1314049185497));
#1803=CARTESIAN_POINT('Ctrl Pts',(-15.5399498941177,-9.60249944683396,-58.1245216411025));
#1804=CARTESIAN_POINT('Ctrl Pts',(-15.555463457619,-9.60249944683387,-58.1105956684255));
#1805=CARTESIAN_POINT('Ctrl Pts',(-15.5782397711246,-9.60249944683325,-58.0891457450168));
#1806=CARTESIAN_POINT('Ctrl Pts',(-15.6028263166426,-9.60249944683273,-58.0645340018147));
#1807=CARTESIAN_POINT('Ctrl Pts',(-15.6197208403069,-9.60249944683254,-58.0469836017611));
#1808=CARTESIAN_POINT('Ctrl Pts',(-15.6292916553007,-9.6024994468325,-58.0368727832669));
#1809=CARTESIAN_POINT('Ctrl Pts',(-15.6435678775713,-9.60249944683243,-58.0216288127394));
#1810=CARTESIAN_POINT('Ctrl Pts',(-15.6646936844448,-9.60249944683193,-57.9984872797727));
#1811=CARTESIAN_POINT('Ctrl Pts',(-15.6923405160311,-9.60249944683149,-57.9671661633208));
#1812=CARTESIAN_POINT('Ctrl Pts',(-15.7286096816888,-9.60249944683095,-57.9248914252127));
#1813=CARTESIAN_POINT('Ctrl Pts',(-15.7730003022889,-9.60249944682925,-57.8712436678251));
#1814=CARTESIAN_POINT('Ctrl Pts',(-15.8251466771124,-9.60249944682779,-57.8059415656725));
#1815=CARTESIAN_POINT('Ctrl Pts',(-15.8764264750908,-9.60249944682627,-57.7399351829156));
#1816=CARTESIAN_POINT('Ctrl Pts',(-15.9270230301284,-9.60249944682483,-57.6733828032808));
#1817=CARTESIAN_POINT('Ctrl Pts',(-15.9770671351971,-9.60249944682369,-57.6063989337843));
#1818=CARTESIAN_POINT('Ctrl Pts',(-16.0183886274404,-9.60249944682236,-57.5502888816462));
#1819=CARTESIAN_POINT('Ctrl Pts',(-16.067688840123,-9.60249944682216,-57.4827536462325));
#1820=CARTESIAN_POINT('Ctrl Pts',(-16.1329426903282,-9.60249944682018,-57.3923639980864));
#1821=CARTESIAN_POINT('Ctrl Pts',(-16.2056022633242,-9.60249944681661,-57.2901934825598));
#1822=CARTESIAN_POINT('Ctrl Pts',(-16.2697519601979,-9.60249944681568,-57.1991404448486));
#1823=CARTESIAN_POINT('Ctrl Pts',(-16.333638663079,-9.60249944681494,-57.1079496343863));
#1824=CARTESIAN_POINT('Ctrl Pts',(-16.3971695715369,-9.60249944681214,-57.0165751547054));
#1825=CARTESIAN_POINT('Ctrl Pts',(-16.4604312906633,-9.60249944681177,-56.9250762748208));
#1826=CARTESIAN_POINT('Ctrl Pts',(-16.5550737548122,-9.6024994468101,-56.7876952356049));
#1827=CARTESIAN_POINT('Ctrl Pts',(-16.6962349976502,-9.60249944680657,-56.5811796651004));
#1828=CARTESIAN_POINT('Ctrl Pts',(-16.8834685745658,-9.60249944680116,-56.3049110576603));
#1829=CARTESIAN_POINT('Ctrl Pts',(-17.0701646810059,-9.6024994467958,-56.0277308092444));
#1830=CARTESIAN_POINT('Ctrl Pts',(-17.2563552475217,-9.60249944679189,-55.7500301199488));
#1831=CARTESIAN_POINT('Ctrl Pts',(-17.4420201845992,-9.60249944678727,-55.4721101269143));
#1832=CARTESIAN_POINT('Ctrl Pts',(-17.6272528825726,-9.6024994467856,-55.1940684818548));
#1833=CARTESIAN_POINT('Ctrl Pts',(-17.8121482628141,-9.60249944678261,-54.9158721511405));
#1834=CARTESIAN_POINT('Ctrl Pts',(-17.9968342439438,-9.60249944678011,-54.6374531566047));
#1835=CARTESIAN_POINT('Ctrl Pts',(-18.1813819659306,-9.6024994467775,-54.358780547606));
#1836=CARTESIAN_POINT('Ctrl Pts',(-18.3658349249552,-9.60249944677565,-54.0798583867516));
#1837=CARTESIAN_POINT('Ctrl Pts',(-18.4886265538894,-9.60249944677344,-53.8939358206096));
#1838=CARTESIAN_POINT('Ctrl Pts',(-18.5499995853752,-9.60249944677344,-53.8009669450654));
#1839=CARTESIAN_POINT('Ctrl Pts',(-13.997160144995,-9.60249944677344,-58.6677334911828));
#1840=CARTESIAN_POINT('Ctrl Pts',(-14.0716062394035,-9.60249944677344,-58.6431305362802));
#1841=CARTESIAN_POINT('Ctrl Pts',(-14.146200126774,-9.60249944677599,-58.6184595103446));
#1842=CARTESIAN_POINT('Ctrl Pts',(-14.3261961548719,-9.60249944678496,-58.5589104007915));
#1843=CARTESIAN_POINT('Ctrl Pts',(-14.5375351921102,-9.60249944679693,-58.4911696260969));
#1844=CARTESIAN_POINT('Ctrl Pts',(-14.7649541253399,-9.60249944681304,-58.4259536911238));
#1845=CARTESIAN_POINT('Ctrl Pts',(-14.899222289293,-9.60249944681755,-58.3913410932685));
#1846=CARTESIAN_POINT('Ctrl Pts',(-14.9530339572326,-9.60249944681763,-58.3778117205062));
#1847=CARTESIAN_POINT('Ctrl Pts',(-15.0069216906138,-9.60249944681923,-58.3647528072763));
#1848=CARTESIAN_POINT('Ctrl Pts',(-15.0609642818047,-9.60249944682006,-58.3520814959399));
#1849=CARTESIAN_POINT('Ctrl Pts',(-15.1015613748196,-9.6024994468203,-58.3427026048543));
#1850=CARTESIAN_POINT('Ctrl Pts',(-15.1320958472636,-9.60249944682107,-58.335706678597));
#1851=CARTESIAN_POINT('Ctrl Pts',(-15.1524646723955,-9.60249944682117,-58.3309871400301));
#1852=CARTESIAN_POINT('Ctrl Pts',(-15.1660926055467,-9.60249944682115,-58.3278631795542));
#1853=CARTESIAN_POINT('Ctrl Pts',(-15.2305737058946,-9.60249944682275,-58.3125125323714));
#1854=CARTESIAN_POINT('Ctrl Pts',(-15.3485915116709,-9.60249944682766,-58.2856025928429));
#1855=CARTESIAN_POINT('Ctrl Pts',(-15.4555243659915,-9.60249944683316,-58.229234083115));
#1856=CARTESIAN_POINT('Ctrl Pts',(-15.5024479534593,-9.60249944683434,-58.1938927296098));
#1857=CARTESIAN_POINT('Ctrl Pts',(-15.5033606511597,-9.60249944683433,-58.1932178068168));
#1858=CARTESIAN_POINT('Ctrl Pts',(-15.504081267989,-9.60249944683434,-58.1926726383336));
#1859=CARTESIAN_POINT('Ctrl Pts',(-15.5048063873249,-9.60249944683433,-58.1921293506033));
#1860=CARTESIAN_POINT('Ctrl Pts',(-15.5057083886902,-9.60249944683433,-58.191447581154));
#1861=CARTESIAN_POINT('Ctrl Pts',(-15.5067908669351,-9.60249944683433,-58.1906286225625));
#1862=CARTESIAN_POINT('Ctrl Pts',(-15.5082309116227,-9.60249944683433,-58.1895339576208));
#1863=CARTESIAN_POINT('Ctrl Pts',(-15.5121819250094,-9.60249944683432,-58.1865145838753));
#1864=CARTESIAN_POINT('Ctrl Pts',(-15.5214443801911,-9.60249944683428,-58.1793052218941));
#1865=CARTESIAN_POINT('Ctrl Pts',(-15.5326287914747,-9.60249944683408,-58.1702331019495));
#1866=CARTESIAN_POINT('Ctrl Pts',(-15.5436174432832,-9.60249944683405,-58.1609892353698));
#1867=CARTESIAN_POINT('Ctrl Pts',(-15.5517656340281,-9.60249944683399,-58.1539755718378));
#1868=CARTESIAN_POINT('Ctrl Pts',(-15.5598254153549,-9.60249944683395,-58.146886741371));
#1869=CARTESIAN_POINT('Ctrl Pts',(-15.5757766829504,-9.60249944683387,-58.132567638651));
#1870=CARTESIAN_POINT('Ctrl Pts',(-15.5991073070086,-9.60249944683325,-58.110593832191));
#1871=CARTESIAN_POINT('Ctrl Pts',(-15.6241755985501,-9.60249944683273,-58.0854985490181));
#1872=CARTESIAN_POINT('Ctrl Pts',(-15.6413552623281,-9.60249944683254,-58.0676518378433));
#1873=CARTESIAN_POINT('Ctrl Pts',(-15.6510760170563,-9.6024994468325,-58.0573825918546));
#1874=CARTESIAN_POINT('Ctrl Pts',(-15.6655651567954,-9.60249944683243,-58.0419112412822));
#1875=CARTESIAN_POINT('Ctrl Pts',(-15.6869684797477,-9.60249944683192,-58.0184651992814));
#1876=CARTESIAN_POINT('Ctrl Pts',(-15.7149183117538,-9.60249944683149,-57.9868004463464));
#1877=CARTESIAN_POINT('Ctrl Pts',(-15.7515220869818,-9.60249944683095,-57.9441351985721));
#1878=CARTESIAN_POINT('Ctrl Pts',(-15.7962316439344,-9.60249944682925,-57.8901008498695));
#1879=CARTESIAN_POINT('Ctrl Pts',(-15.8486605981656,-9.60249944682779,-57.8244442694986));
#1880=CARTESIAN_POINT('Ctrl Pts',(-15.900155775952,-9.60249944682627,-57.7581602755719));
#1881=CARTESIAN_POINT('Ctrl Pts',(-15.9509211675683,-9.60249944682483,-57.6913856393102));
#1882=CARTESIAN_POINT('Ctrl Pts',(-16.0011004924628,-9.60249944682369,-57.6242206496411));
#1883=CARTESIAN_POINT('Ctrl Pts',(-16.0425140003681,-9.60249944682236,-57.5679856093311));
#1884=CARTESIAN_POINT('Ctrl Pts',(-16.0919104072451,-9.60249944682216,-57.5003185796944));
#1885=CARTESIAN_POINT('Ctrl Pts',(-16.1572704804109,-9.60249944682018,-57.4097816806316));
#1886=CARTESIAN_POINT('Ctrl Pts',(-16.230019704846,-9.60249944681661,-57.3074849995577));
#1887=CARTESIAN_POINT('Ctrl Pts',(-16.2942343141488,-9.60249944681568,-57.2163398270922));
#1888=CARTESIAN_POINT('Ctrl Pts',(-16.3581776290315,-9.60249944681493,-57.1250681948623));
#1889=CARTESIAN_POINT('Ctrl Pts',(-16.4217549908605,-9.60249944681215,-57.0336268849834));
#1890=CARTESIAN_POINT('Ctrl Pts',(-16.4850560385123,-9.60249944681177,-56.9420711246434));
#1891=CARTESIAN_POINT('Ctrl Pts',(-16.579751115039,-9.6024994468101,-56.804613702123));
#1892=CARTESIAN_POINT('Ctrl Pts',(-16.7209720533703,-9.60249944680657,-56.5980107270777));
#1893=CARTESIAN_POINT('Ctrl Pts',(-16.9082615034334,-9.60249944680116,-56.321659647862));
#1894=CARTESIAN_POINT('Ctrl Pts',(-17.0949986185242,-9.6024994467958,-56.0444185012408));
#1895=CARTESIAN_POINT('Ctrl Pts',(-17.281220399255,-9.60249944679189,-55.7666712514019));
#1896=CARTESIAN_POINT('Ctrl Pts',(-17.4669097986467,-9.60249944678727,-55.488714639209));
#1897=CARTESIAN_POINT('Ctrl Pts',(-17.652162185824,-9.6024994467856,-55.2106434379169));
#1898=CARTESIAN_POINT('Ctrl Pts',(-17.837073780097,-9.60249944678261,-54.9324227111487));
#1899=CARTESIAN_POINT('Ctrl Pts',(-18.0217733940346,-9.60249944678011,-54.6539831650297));
#1900=CARTESIAN_POINT('Ctrl Pts',(-18.2063327885408,-9.6024994467775,-54.3752929305951));
#1901=CARTESIAN_POINT('Ctrl Pts',(-18.3907959044257,-9.60249944677565,-54.0963554112275));
#1902=CARTESIAN_POINT('Ctrl Pts',(-18.5135935055429,-9.60249944677344,-53.9104238030281));
#1903=CARTESIAN_POINT('Ctrl Pts',(-18.5749693642597,-9.60249944677344,-53.8174506447628));
#1904=CARTESIAN_POINT('Ctrl Pts',(-14.0134100948369,-9.57737515955234,-58.7169043420795));
#1905=CARTESIAN_POINT('Ctrl Pts',(-14.0878818721267,-9.57737515955234,-58.6922929340921));
#1906=CARTESIAN_POINT('Ctrl Pts',(-14.1625722988656,-9.57737515955487,-58.6675821527284));
#1907=CARTESIAN_POINT('Ctrl Pts',(-14.342062242492,-9.57737515956379,-58.6081729926051));
#1908=CARTESIAN_POINT('Ctrl Pts',(-14.5525881247225,-9.57737515957568,-58.5406600620523));
#1909=CARTESIAN_POINT('Ctrl Pts',(-14.7785294264782,-9.5773751595917,-58.4758268954458));
#1910=CARTESIAN_POINT('Ctrl Pts',(-14.9118124469092,-9.57737515959618,-58.4414548513617));
#1911=CARTESIAN_POINT('Ctrl Pts',(-14.9652270729423,-9.57737515959626,-58.4280250625793));
#1912=CARTESIAN_POINT('Ctrl Pts',(-15.0187367828196,-9.57737515959785,-58.4150539401977));
#1913=CARTESIAN_POINT('Ctrl Pts',(-15.072487170161,-9.57737515959867,-58.4024474833712));
#1914=CARTESIAN_POINT('Ctrl Pts',(-15.1129575187043,-9.57737515959892,-58.3930997324912));
#1915=CARTESIAN_POINT('Ctrl Pts',(-15.1434882044672,-9.57737515959968,-58.3860980196399));
#1916=CARTESIAN_POINT('Ctrl Pts',(-15.1639343430363,-9.57737515959978,-58.3813661309327));
#1917=CARTESIAN_POINT('Ctrl Pts',(-15.1776206465873,-9.57737515959976,-58.3782190907669));
#1918=CARTESIAN_POINT('Ctrl Pts',(-15.2425902079498,-9.57737515960135,-58.3627560466765));
#1919=CARTESIAN_POINT('Ctrl Pts',(-15.3642068976884,-9.57737515960623,-58.3356999419991));
#1920=CARTESIAN_POINT('Ctrl Pts',(-15.4832698482437,-9.5773751596117,-58.2732371895945));
#1921=CARTESIAN_POINT('Ctrl Pts',(-15.5336363619276,-9.57737515961288,-58.2354495475908));
#1922=CARTESIAN_POINT('Ctrl Pts',(-15.5346092801843,-9.57737515961286,-58.2347256172829));
#1923=CARTESIAN_POINT('Ctrl Pts',(-15.535382274656,-9.57737515961287,-58.2341433262916));
#1924=CARTESIAN_POINT('Ctrl Pts',(-15.5361567785653,-9.57737515961286,-58.233561738127));
#1925=CARTESIAN_POINT('Ctrl Pts',(-15.5371219587828,-9.57737515961286,-58.2328330552328));
#1926=CARTESIAN_POINT('Ctrl Pts',(-15.5382786331878,-9.57737515961286,-58.2319575651225));
#1927=CARTESIAN_POINT('Ctrl Pts',(-15.5398173211475,-9.57737515961286,-58.2307880618881));
#1928=CARTESIAN_POINT('Ctrl Pts',(-15.544036032316,-9.57737515961285,-58.2275640002092));
#1929=CARTESIAN_POINT('Ctrl Pts',(-15.5539063724093,-9.57737515961281,-58.2198812428709));
#1930=CARTESIAN_POINT('Ctrl Pts',(-15.5657679648778,-9.57737515961262,-58.2102583891121));
#1931=CARTESIAN_POINT('Ctrl Pts',(-15.5773715310254,-9.57737515961259,-58.2004969713242));
#1932=CARTESIAN_POINT('Ctrl Pts',(-15.585951431046,-9.57737515961253,-58.1931114052666));
#1933=CARTESIAN_POINT('Ctrl Pts',(-15.5944155297679,-9.57737515961249,-58.1856667270293));
#1934=CARTESIAN_POINT('Ctrl Pts',(-15.6111242487238,-9.5773751596124,-58.1706671411865));
#1935=CARTESIAN_POINT('Ctrl Pts',(-15.6354122919414,-9.57737515961179,-58.147785850479));
#1936=CARTESIAN_POINT('Ctrl Pts',(-15.6613128971386,-9.57737515961127,-58.1218530559736));
#1937=CARTESIAN_POINT('Ctrl Pts',(-15.6789854140924,-9.57737515961108,-58.1034932961065));
#1938=CARTESIAN_POINT('Ctrl Pts',(-15.6889656145641,-9.57737515961104,-58.0929497633655));
#1939=CARTESIAN_POINT('Ctrl Pts',(-15.7038230199365,-9.57737515961097,-58.0770848176852));
#1940=CARTESIAN_POINT('Ctrl Pts',(-15.7257052591567,-9.57737515961047,-58.0531110502789));
#1941=CARTESIAN_POINT('Ctrl Pts',(-15.7541779999226,-9.57737515961004,-58.0208511581667));
#1942=CARTESIAN_POINT('Ctrl Pts',(-15.7913594869596,-9.5773751596095,-57.9775092075642));
#1943=CARTESIAN_POINT('Ctrl Pts',(-15.8366157052413,-9.57737515960781,-57.9228038282299));
#1944=CARTESIAN_POINT('Ctrl Pts',(-15.8895292497643,-9.57737515960637,-57.856532013387));
#1945=CARTESIAN_POINT('Ctrl Pts',(-15.9413924876438,-9.57737515960485,-57.7897657645927));
#1946=CARTESIAN_POINT('Ctrl Pts',(-15.9924455985605,-9.57737515960342,-57.7226047961038));
#1947=CARTESIAN_POINT('Ctrl Pts',(-16.0428554465843,-9.57737515960229,-57.6551249943637));
#1948=CARTESIAN_POINT('Ctrl Pts',(-16.0844240051042,-9.57737515960096,-57.5986720968426));
#1949=CARTESIAN_POINT('Ctrl Pts',(-16.1339863238141,-9.57737515960077,-57.5307766997556));
#1950=CARTESIAN_POINT('Ctrl Pts',(-16.1995239414232,-9.5773751595988,-57.4399828027667));
#1951=CARTESIAN_POINT('Ctrl Pts',(-16.2724173170818,-9.57737515959525,-57.3374635483774));
#1952=CARTESIAN_POINT('Ctrl Pts',(-16.3367413017147,-9.57737515959432,-57.2461578968865));
#1953=CARTESIAN_POINT('Ctrl Pts',(-16.400780314929,-9.57737515959358,-57.1547455004133));
#1954=CARTESIAN_POINT('Ctrl Pts',(-16.4644293787142,-9.57737515959082,-57.063185262746));
#1955=CARTESIAN_POINT('Ctrl Pts',(-16.5277972528731,-9.57737515959044,-56.9715307267317));
#1956=CARTESIAN_POINT('Ctrl Pts',(-16.6225783317923,-9.57737515958878,-56.8339389847379));
#1957=CARTESIAN_POINT('Ctrl Pts',(-16.763891553577,-9.57737515958527,-56.6271806239641));
#1958=CARTESIAN_POINT('Ctrl Pts',(-16.9512608012225,-9.5773751595799,-56.3506805715662));
#1959=CARTESIAN_POINT('Ctrl Pts',(-17.1380521008461,-9.57737515957457,-56.073327853869));
#1960=CARTESIAN_POINT('Ctrl Pts',(-17.3243156328529,-9.57737515957067,-55.7954955075145));
#1961=CARTESIAN_POINT('Ctrl Pts',(-17.5100329195842,-9.57737515956609,-55.5174702064002));
#1962=CARTESIAN_POINT('Ctrl Pts',(-17.6953141471266,-9.57737515956442,-55.2393459194287));
#1963=CARTESIAN_POINT('Ctrl Pts',(-17.8802444491168,-9.57737515956145,-54.9610795316331));
#1964=CARTESIAN_POINT('Ctrl Pts',(-18.0649598074098,-9.57737515955897,-54.682601531101));
#1965=CARTESIAN_POINT('Ctrl Pts',(-18.2495312509554,-9.57737515955638,-54.4038777960969));
#1966=CARTESIAN_POINT('Ctrl Pts',(-18.4340061390303,-9.57737515955454,-54.1249115601291));
#1967=CARTESIAN_POINT('Ctrl Pts',(-18.5568071450879,-9.57737515955234,-53.938961758183));
#1968=CARTESIAN_POINT('Ctrl Pts',(-18.6181878975793,-9.57737515955234,-53.845981186739));
#1969=CARTESIAN_POINT('Ctrl Pts',(-14.0191504194671,-9.52493939429908,-58.7342740354777));
#1970=CARTESIAN_POINT('Ctrl Pts',(-14.0936407306735,-9.52493939429908,-58.709656527366));
#1971=CARTESIAN_POINT('Ctrl Pts',(-14.1683561599561,-9.5249393943016,-58.6849339587249));
#1972=CARTESIAN_POINT('Ctrl Pts',(-14.3476557278885,-9.52493939431048,-58.6255755900622));
#1973=CARTESIAN_POINT('Ctrl Pts',(-14.5579017924082,-9.52493939432233,-58.5581373415724));
#1974=CARTESIAN_POINT('Ctrl Pts',(-14.7833033530061,-9.52493939433827,-58.4934406015843));
#1975=CARTESIAN_POINT('Ctrl Pts',(-14.9162440860497,-9.52493939434274,-58.4591505644151));
#1976=CARTESIAN_POINT('Ctrl Pts',(-14.9695161172534,-9.52493939434281,-58.4457564995015));
#1977=CARTESIAN_POINT('Ctrl Pts',(-15.0228936123899,-9.52493939434439,-58.4328159797715));
#1978=CARTESIAN_POINT('Ctrl Pts',(-15.0765389824134,-9.52493939434522,-58.4202320721984));
#1979=CARTESIAN_POINT('Ctrl Pts',(-15.1169660706862,-9.52493939434546,-58.4108960271273));
#1980=CARTESIAN_POINT('Ctrl Pts',(-15.1474926884122,-9.52493939434622,-58.4038906232256));
#1981=CARTESIAN_POINT('Ctrl Pts',(-15.167968862174,-9.52493939434632,-58.3991563355733));
#1982=CARTESIAN_POINT('Ctrl Pts',(-15.1816710764723,-9.5249393943463,-58.395997536149));
#1983=CARTESIAN_POINT('Ctrl Pts',(-15.246832437534,-9.52493939434788,-58.3805098758508));
#1984=CARTESIAN_POINT('Ctrl Pts',(-15.3697222290286,-9.52493939435275,-58.3534028078186));
#1985=CARTESIAN_POINT('Ctrl Pts',(-15.4930393050981,-9.52493939435818,-58.2887701636641));
#1986=CARTESIAN_POINT('Ctrl Pts',(-15.5446721513237,-9.52493939435936,-58.2501364229893));
#1987=CARTESIAN_POINT('Ctrl Pts',(-15.5456650236035,-9.52493939435935,-58.2493946027182));
#1988=CARTESIAN_POINT('Ctrl Pts',(-15.5464572201446,-9.52493939435935,-58.2487995128905));
#1989=CARTESIAN_POINT('Ctrl Pts',(-15.5472488073869,-9.52493939435935,-58.2482042314267));
#1990=CARTESIAN_POINT('Ctrl Pts',(-15.548236538881,-9.52493939435935,-58.2474590819862));
#1991=CARTESIAN_POINT('Ctrl Pts',(-15.5494193137803,-9.52493939435935,-58.2465635720818));
#1992=CARTESIAN_POINT('Ctrl Pts',(-15.5509928881623,-9.52493939435935,-58.2453676512604));
#1993=CARTESIAN_POINT('Ctrl Pts',(-15.5553061406718,-9.52493939435934,-58.2420712707099));
#1994=CARTESIAN_POINT('Ctrl Pts',(-15.5653912215156,-9.52493939435929,-58.2342212921204));
#1995=CARTESIAN_POINT('Ctrl Pts',(-15.5774919613403,-9.52493939435911,-58.2244038629349));
#1996=CARTESIAN_POINT('Ctrl Pts',(-15.5893127396269,-9.52493939435907,-58.214459616271));
#1997=CARTESIAN_POINT('Ctrl Pts',(-15.5980451270173,-9.52493939435902,-58.2069426700995));
#1998=CARTESIAN_POINT('Ctrl Pts',(-15.606652035933,-9.52493939435898,-58.199372281533));
#1999=CARTESIAN_POINT('Ctrl Pts',(-15.6236283128654,-9.52493939435889,-58.1841323100357));
#2000=CARTESIAN_POINT('Ctrl Pts',(-15.6482543810141,-9.52493939435828,-58.1609303812944));
#2001=CARTESIAN_POINT('Ctrl Pts',(-15.6744488629001,-9.52493939435776,-58.1347016803073));
#2002=CARTESIAN_POINT('Ctrl Pts',(-15.6922954184848,-9.52493939435757,-58.1161606680678));
#2003=CARTESIAN_POINT('Ctrl Pts',(-15.7023672617002,-9.52493939435753,-58.1055202360748));
#2004=CARTESIAN_POINT('Ctrl Pts',(-15.7173547336022,-9.52493939435746,-58.0895162486751));
#2005=CARTESIAN_POINT('Ctrl Pts',(-15.7394060196278,-9.52493939435697,-58.0653559991967));
#2006=CARTESIAN_POINT('Ctrl Pts',(-15.7680633368288,-9.52493939435654,-58.0328858396066));
#2007=CARTESIAN_POINT('Ctrl Pts',(-15.8054487681751,-9.524939394356,-57.9893047688469));
#2008=CARTESIAN_POINT('Ctrl Pts',(-15.8508975990225,-9.52493939435432,-57.9343621703403));
#2009=CARTESIAN_POINT('Ctrl Pts',(-15.9039819087104,-9.52493939435288,-57.8678728662048));
#2010=CARTESIAN_POINT('Ctrl Pts',(-15.9559747269889,-9.52493939435137,-57.80093609744));
#2011=CARTESIAN_POINT('Ctrl Pts',(-16.0071290579318,-9.52493939434995,-57.7336385043018));
#2012=CARTESIAN_POINT('Ctrl Pts',(-16.0576200128595,-9.52493939434882,-57.6660473721405));
#2013=CARTESIAN_POINT('Ctrl Pts',(-16.0992429533051,-9.5249393943475,-57.6095173751404));
#2014=CARTESIAN_POINT('Ctrl Pts',(-16.1488638265883,-9.5249393943473,-57.5415412833601));
#2015=CARTESIAN_POINT('Ctrl Pts',(-16.2144635780362,-9.52493939434534,-57.4506564041205));
#2016=CARTESIAN_POINT('Ctrl Pts',(-16.2874068552795,-9.52493939434181,-57.3480581363694));
#2017=CARTESIAN_POINT('Ctrl Pts',(-16.3517692013597,-9.52493939434089,-57.2566957019625));
#2018=CARTESIAN_POINT('Ctrl Pts',(-16.4158418084341,-9.52493939434015,-57.1652334992491));
#2019=CARTESIAN_POINT('Ctrl Pts',(-16.47951539566,-9.52493939433739,-57.0736309487497));
#2020=CARTESIAN_POINT('Ctrl Pts',(-16.5429067611977,-9.52493939433702,-56.9819414899574));
#2021=CARTESIAN_POINT('Ctrl Pts',(-16.6377177521656,-9.52493939433537,-56.8443021038052));
#2022=CARTESIAN_POINT('Ctrl Pts',(-16.7790625513903,-9.52493939433187,-56.6374884729473));
#2023=CARTESIAN_POINT('Ctrl Pts',(-16.9664584224667,-9.52493939432652,-56.3609352189878));
#2024=CARTESIAN_POINT('Ctrl Pts',(-17.1532673083021,-9.52493939432122,-56.0835425178163));
#2025=CARTESIAN_POINT('Ctrl Pts',(-17.3395444527718,-9.52493939431734,-55.8056796936873));
#2026=CARTESIAN_POINT('Ctrl Pts',(-17.5252702529456,-9.52493939431277,-55.5276296368261));
#2027=CARTESIAN_POINT('Ctrl Pts',(-17.7105611835163,-9.52493939431112,-55.2494864187076));
#2028=CARTESIAN_POINT('Ctrl Pts',(-17.8954972280081,-9.52493939430816,-54.9712035830657));
#2029=CARTESIAN_POINT('Ctrl Pts',(-18.0802174212341,-9.52493939430568,-54.6927117315763));
#2030=CARTESIAN_POINT('Ctrl Pts',(-18.2647923663458,-9.5249393943031,-54.4139758853103));
#2031=CARTESIAN_POINT('Ctrl Pts',(-18.4492708753906,-9.52493939430127,-54.1349993076595));
#2032=CARTESIAN_POINT('Ctrl Pts',(-18.5720724426052,-9.52493939429908,-53.9490428433074));
#2033=CARTESIAN_POINT('Ctrl Pts',(-18.63345492386,-9.52493939429908,-53.8560596530982));
#2034=CARTESIAN_POINT('Ctrl Pts',(-14.0191504194671,-9.50249944677344,-58.7342740354777));
#2035=CARTESIAN_POINT('Ctrl Pts',(-14.0936407306735,-9.50249944677344,-58.709656527366));
#2036=CARTESIAN_POINT('Ctrl Pts',(-14.1683561599561,-9.50249944677596,-58.6849339587249));
#2037=CARTESIAN_POINT('Ctrl Pts',(-14.3476557278885,-9.50249944678484,-58.6255755900622));
#2038=CARTESIAN_POINT('Ctrl Pts',(-14.5579017924082,-9.50249944679669,-58.5581373415724));
#2039=CARTESIAN_POINT('Ctrl Pts',(-14.7833033530061,-9.50249944681263,-58.4934406015843));
#2040=CARTESIAN_POINT('Ctrl Pts',(-14.9162440860497,-9.5024994468171,-58.4591505644151));
#2041=CARTESIAN_POINT('Ctrl Pts',(-14.9695161172534,-9.50249944681717,-58.4457564995015));
#2042=CARTESIAN_POINT('Ctrl Pts',(-15.0228936123899,-9.50249944681875,-58.4328159797715));
#2043=CARTESIAN_POINT('Ctrl Pts',(-15.0765389824134,-9.50249944681958,-58.4202320721984));
#2044=CARTESIAN_POINT('Ctrl Pts',(-15.1169660706862,-9.50249944681982,-58.4108960271273));
#2045=CARTESIAN_POINT('Ctrl Pts',(-15.1474926884122,-9.50249944682058,-58.4038906232256));
#2046=CARTESIAN_POINT('Ctrl Pts',(-15.167968862174,-9.50249944682068,-58.3991563355733));
#2047=CARTESIAN_POINT('Ctrl Pts',(-15.1816710764723,-9.50249944682066,-58.395997536149));
#2048=CARTESIAN_POINT('Ctrl Pts',(-15.246832437534,-9.50249944682224,-58.3805098758508));
#2049=CARTESIAN_POINT('Ctrl Pts',(-15.3697222290286,-9.50249944682711,-58.3534028078186));
#2050=CARTESIAN_POINT('Ctrl Pts',(-15.4930393050981,-9.50249944683254,-58.2887701636641));
#2051=CARTESIAN_POINT('Ctrl Pts',(-15.5446721513237,-9.50249944683372,-58.2501364229893));
#2052=CARTESIAN_POINT('Ctrl Pts',(-15.5456650236035,-9.50249944683371,-58.2493946027182));
#2053=CARTESIAN_POINT('Ctrl Pts',(-15.5464572201446,-9.50249944683371,-58.2487995128905));
#2054=CARTESIAN_POINT('Ctrl Pts',(-15.5472488073869,-9.50249944683371,-58.2482042314267));
#2055=CARTESIAN_POINT('Ctrl Pts',(-15.548236538881,-9.50249944683371,-58.2474590819862));
#2056=CARTESIAN_POINT('Ctrl Pts',(-15.5494193137803,-9.50249944683371,-58.2465635720818));
#2057=CARTESIAN_POINT('Ctrl Pts',(-15.5509928881623,-9.50249944683371,-58.2453676512604));
#2058=CARTESIAN_POINT('Ctrl Pts',(-15.5553061406718,-9.5024994468337,-58.2420712707099));
#2059=CARTESIAN_POINT('Ctrl Pts',(-15.5653912215156,-9.50249944683365,-58.2342212921204));
#2060=CARTESIAN_POINT('Ctrl Pts',(-15.5774919613403,-9.50249944683346,-58.2244038629349));
#2061=CARTESIAN_POINT('Ctrl Pts',(-15.5893127396269,-9.50249944683343,-58.214459616271));
#2062=CARTESIAN_POINT('Ctrl Pts',(-15.5980451270173,-9.50249944683338,-58.2069426700995));
#2063=CARTESIAN_POINT('Ctrl Pts',(-15.606652035933,-9.50249944683334,-58.199372281533));
#2064=CARTESIAN_POINT('Ctrl Pts',(-15.6236283128654,-9.50249944683325,-58.1841323100357));
#2065=CARTESIAN_POINT('Ctrl Pts',(-15.6482543810141,-9.50249944683264,-58.1609303812944));
#2066=CARTESIAN_POINT('Ctrl Pts',(-15.6744488629001,-9.50249944683212,-58.1347016803073));
#2067=CARTESIAN_POINT('Ctrl Pts',(-15.6922954184848,-9.50249944683193,-58.1161606680678));
#2068=CARTESIAN_POINT('Ctrl Pts',(-15.7023672617002,-9.50249944683189,-58.1055202360748));
#2069=CARTESIAN_POINT('Ctrl Pts',(-15.7173547336022,-9.50249944683182,-58.0895162486751));
#2070=CARTESIAN_POINT('Ctrl Pts',(-15.7394060196278,-9.50249944683133,-58.0653559991967));
#2071=CARTESIAN_POINT('Ctrl Pts',(-15.7680633368288,-9.5024994468309,-58.0328858396066));
#2072=CARTESIAN_POINT('Ctrl Pts',(-15.8054487681751,-9.50249944683036,-57.9893047688469));
#2073=CARTESIAN_POINT('Ctrl Pts',(-15.8508975990225,-9.50249944682868,-57.9343621703403));
#2074=CARTESIAN_POINT('Ctrl Pts',(-15.9039819087104,-9.50249944682724,-57.8678728662048));
#2075=CARTESIAN_POINT('Ctrl Pts',(-15.9559747269889,-9.50249944682573,-57.80093609744));
#2076=CARTESIAN_POINT('Ctrl Pts',(-16.0071290579318,-9.50249944682431,-57.7336385043018));
#2077=CARTESIAN_POINT('Ctrl Pts',(-16.0576200128595,-9.50249944682318,-57.6660473721405));
#2078=CARTESIAN_POINT('Ctrl Pts',(-16.0992429533051,-9.50249944682186,-57.6095173751404));
#2079=CARTESIAN_POINT('Ctrl Pts',(-16.1488638265883,-9.50249944682166,-57.5415412833601));
#2080=CARTESIAN_POINT('Ctrl Pts',(-16.2144635780362,-9.5024994468197,-57.4506564041205));
#2081=CARTESIAN_POINT('Ctrl Pts',(-16.2874068552795,-9.50249944681617,-57.3480581363694));
#2082=CARTESIAN_POINT('Ctrl Pts',(-16.3517692013597,-9.50249944681525,-57.2566957019625));
#2083=CARTESIAN_POINT('Ctrl Pts',(-16.4158418084341,-9.50249944681451,-57.1652334992491));
#2084=CARTESIAN_POINT('Ctrl Pts',(-16.47951539566,-9.50249944681175,-57.0736309487497));
#2085=CARTESIAN_POINT('Ctrl Pts',(-16.5429067611977,-9.50249944681138,-56.9819414899574));
#2086=CARTESIAN_POINT('Ctrl Pts',(-16.6377177521656,-9.50249944680973,-56.8443021038052));
#2087=CARTESIAN_POINT('Ctrl Pts',(-16.7790625513903,-9.50249944680623,-56.6374884729473));
#2088=CARTESIAN_POINT('Ctrl Pts',(-16.9664584224667,-9.50249944680088,-56.3609352189878));
#2089=CARTESIAN_POINT('Ctrl Pts',(-17.1532673083021,-9.50249944679558,-56.0835425178163));
#2090=CARTESIAN_POINT('Ctrl Pts',(-17.3395444527718,-9.5024994467917,-55.8056796936873));
#2091=CARTESIAN_POINT('Ctrl Pts',(-17.5252702529456,-9.50249944678713,-55.5276296368261));
#2092=CARTESIAN_POINT('Ctrl Pts',(-17.7105611835163,-9.50249944678547,-55.2494864187076));
#2093=CARTESIAN_POINT('Ctrl Pts',(-17.8954972280081,-9.50249944678252,-54.9712035830657));
#2094=CARTESIAN_POINT('Ctrl Pts',(-18.0802174212341,-9.50249944678004,-54.6927117315763));
#2095=CARTESIAN_POINT('Ctrl Pts',(-18.2647923663458,-9.50249944677746,-54.4139758853103));
#2096=CARTESIAN_POINT('Ctrl Pts',(-18.4492708753906,-9.50249944677563,-54.1349993076595));
#2097=CARTESIAN_POINT('Ctrl Pts',(-18.5720724426052,-9.50249944677344,-53.9490428433074));
#2098=CARTESIAN_POINT('Ctrl Pts',(-18.63345492386,-9.50249944677344,-53.8560596530982));
#2099=CARTESIAN_POINT('',(-18.5499995853752,-9.60249944677344,-53.8009669450654));
#2100=CARTESIAN_POINT('Ctrl Pts',(-18.5499995853752,-9.60249944677344,-53.8009669450654));
#2101=CARTESIAN_POINT('Ctrl Pts',(-18.5499995853752,-9.60249944677344,-53.8150518483248));
#2102=CARTESIAN_POINT('Ctrl Pts',(-18.5499830178189,-9.60153843870564,-53.8289932015022));
#2103=CARTESIAN_POINT('Ctrl Pts',(-18.5499662646757,-9.59973475135953,-53.8425351257166));
#2104=CARTESIAN_POINT('Ctrl Pts',(-18.5499489532365,-9.59787095641223,-53.8565283324561));
#2105=CARTESIAN_POINT('Ctrl Pts',(-18.5499329551391,-9.5951067156144,-53.8700960425814));
#2106=CARTESIAN_POINT('Ctrl Pts',(-18.5499312316002,-9.59151882938687,-53.8829524507069));
#2107=CARTESIAN_POINT('Ctrl Pts',(-18.5499300260074,-9.58900915004512,-53.8919453395098));
#2108=CARTESIAN_POINT('Ctrl Pts',(-18.5499357346353,-9.58609533356627,-53.9005901525536));
#2109=CARTESIAN_POINT('Ctrl Pts',(-18.5499451198378,-9.58279151078667,-53.9087839794496));
#2110=CARTESIAN_POINT('Ctrl Pts',(-18.5499577035154,-9.57836174584912,-53.9197702609512));
#2111=CARTESIAN_POINT('Ctrl Pts',(-18.5499777941428,-9.57330527482913,-53.9297665647232));
#2112=CARTESIAN_POINT('Ctrl Pts',(-18.5499845605694,-9.56768061596711,-53.9386039444632));
#2113=CARTESIAN_POINT('Ctrl Pts',(-18.5499856700236,-9.56675837121817,-53.9400529615964));
#2114=CARTESIAN_POINT('Ctrl Pts',(-18.5499863637468,-9.56582076076633,-53.9414707837755));
#2115=CARTESIAN_POINT('Ctrl Pts',(-18.5499864732273,-9.56486794202081,-53.9428566156179));
#2116=CARTESIAN_POINT('Ctrl Pts',(-18.5499869383868,-9.56081961797161,-53.9487447201522));
#2117=CARTESIAN_POINT('Ctrl Pts',(-18.5499775946002,-9.55649717213701,-53.9540558158104));
#2118=CARTESIAN_POINT('Ctrl Pts',(-18.5499688823659,-9.55194309479593,-53.9587443296761));
#2119=CARTESIAN_POINT('Ctrl Pts',(-18.54996017467,-9.54739138974177,-53.9634304012249));
#2120=CARTESIAN_POINT('Ctrl Pts',(-18.5499504535744,-9.54238963239063,-53.9677208799309));
#2121=CARTESIAN_POINT('Ctrl Pts',(-18.5499514730205,-9.53694856006348,-53.971334669782));
#2122=CARTESIAN_POINT('Ctrl Pts',(-18.5499520059222,-9.53410431262166,-53.9732237298645));
#2123=CARTESIAN_POINT('Ctrl Pts',(-18.5499550569528,-9.53114061092131,-53.9749276066606));
#2124=CARTESIAN_POINT('Ctrl Pts',(-18.5499593239904,-9.52806356657262,-53.9764041781211));
#2125=CARTESIAN_POINT('Ctrl Pts',(-18.5499649581903,-9.52400063479794,-53.9783538442373));
#2126=CARTESIAN_POINT('Ctrl Pts',(-18.5499743511835,-9.51976710782956,-53.9798921689575));
#2127=CARTESIAN_POINT('Ctrl Pts',(-18.549983571147,-9.51538501060877,-53.9809305686557));
#2128=CARTESIAN_POINT('Ctrl Pts',(-18.5499924802537,-9.51115065857577,-53.9819339580493));
#2129=CARTESIAN_POINT('Ctrl Pts',(-18.5500010661951,-9.50684680655544,-53.9824539996213));
#2130=CARTESIAN_POINT('Ctrl Pts',(-18.5500010661951,-9.50249944677399,-53.9824539996213));
#2131=CARTESIAN_POINT('',(-15.5833079455355,-9.5514891304486,-58.2019434897145));
#2132=CARTESIAN_POINT('Ctrl Pts',(-15.5836692118914,-9.55153223660791,-58.2022702256516));
#2133=CARTESIAN_POINT('Ctrl Pts',(-15.5829705617029,-9.55087500226614,-58.2033552399869));
#2134=CARTESIAN_POINT('Ctrl Pts',(-15.5822828296543,-9.55021279060893,-58.2044186739524));
#2135=CARTESIAN_POINT('Ctrl Pts',(-15.5816065191326,-9.54954564788538,-58.2054603098405));
#2136=CARTESIAN_POINT('Ctrl Pts',(-15.5792732870233,-9.54724404414847,-58.2090538932939));
#2137=CARTESIAN_POINT('Ctrl Pts',(-15.5770760537198,-9.54488377270891,-58.212388124701));
#2138=CARTESIAN_POINT('Ctrl Pts',(-15.5750353171468,-9.54246649456535,-58.2154535019166));
#2139=CARTESIAN_POINT('Ctrl Pts',(-15.5728971159067,-9.53993376829745,-58.2186652801786));
#2140=CARTESIAN_POINT('Ctrl Pts',(-15.5709307905988,-9.53733843445255,-58.2215819189843));
#2141=CARTESIAN_POINT('Ctrl Pts',(-15.5691583281358,-9.53468228227031,-58.2241906870572));
#2142=CARTESIAN_POINT('Ctrl Pts',(-15.5667300805491,-9.53104339272495,-58.2277646610674));
#2143=CARTESIAN_POINT('Ctrl Pts',(-15.5643843647676,-9.52687232480844,-58.2311708653274));
#2144=CARTESIAN_POINT('Ctrl Pts',(-15.562521629583,-9.52220865910381,-58.2338610446507));
#2145=CARTESIAN_POINT('Ctrl Pts',(-15.5621162497667,-9.52119372366783,-58.234446497918));
#2146=CARTESIAN_POINT('Ctrl Pts',(-15.5617338349187,-9.52015562352677,-58.2349979790856));
#2147=CARTESIAN_POINT('Ctrl Pts',(-15.5613786241696,-9.51909506357462,-58.2355097396614));
#2148=CARTESIAN_POINT('Ctrl Pts',(-15.5613461429826,-9.51899808383466,-58.2355565360801));
#2149=CARTESIAN_POINT('Ctrl Pts',(-15.5613138892714,-9.51890091637664,-58.2356030003465));
#2150=CARTESIAN_POINT('Ctrl Pts',(-15.561281866279,-9.51880356178995,-58.2356491280507));
#2151=CARTESIAN_POINT('Ctrl Pts',(-15.5604376364391,-9.51623697943849,-58.2368652037965));
#2152=CARTESIAN_POINT('Ctrl Pts',(-15.5597490462424,-9.51352441003463,-58.2378546984451));
#2153=CARTESIAN_POINT('Ctrl Pts',(-15.5592834402821,-9.51067737399783,-58.2385244086666));
#2154=CARTESIAN_POINT('Ctrl Pts',(-15.5588465180599,-9.50800573012311,-58.2391528612707));
#2155=CARTESIAN_POINT('Ctrl Pts',(-15.558616126323,-9.50527702457621,-58.2394852927563));
#2156=CARTESIAN_POINT('Ctrl Pts',(-15.558616126323,-9.50249944683368,-58.2394852927563));
#2157=CARTESIAN_POINT('',(-14.2017594820551,-9.55148913044968,-58.6604215111426));
#2158=CARTESIAN_POINT('Ctrl Pts',(-14.2017265835317,-9.55153223655421,-58.6603421137242));
#2159=CARTESIAN_POINT('Ctrl Pts',(-14.2139757966389,-9.55153223655475,-58.6562881720643));
#2160=CARTESIAN_POINT('Ctrl Pts',(-14.2262135068313,-9.55153223655532,-58.6522376518226));
#2161=CARTESIAN_POINT('Ctrl Pts',(-14.2384362832659,-9.55153223655593,-58.6481917638315));
#2162=CARTESIAN_POINT('Ctrl Pts',(-14.3437208159141,-9.55153223656115,-58.6133413001447));
#2163=CARTESIAN_POINT('Ctrl Pts',(-14.4489430568517,-9.55153223656709,-58.5795952606176));
#2164=CARTESIAN_POINT('Ctrl Pts',(-14.5546781649485,-9.55153223657382,-58.5474769765137));
#2165=CARTESIAN_POINT('Ctrl Pts',(-14.6604132730454,-9.55153223658055,-58.5153586924097));
#2166=CARTESIAN_POINT('Ctrl Pts',(-14.7666612483015,-9.55153223658807,-58.484868163729));
#2167=CARTESIAN_POINT('Ctrl Pts',(-14.873174259487,-9.55153223659209,-58.457054820465));
#2168=CARTESIAN_POINT('Ctrl Pts',(-14.8864883858852,-9.55153223659259,-58.453578152557));
#2169=CARTESIAN_POINT('Ctrl Pts',(-14.8998066534698,-9.55153223659304,-58.4501433156712));
#2170=CARTESIAN_POINT('Ctrl Pts',(-14.9131372552017,-9.55153223659328,-58.446748515381));
#2171=CARTESIAN_POINT('Ctrl Pts',(-14.9264678569336,-9.55153223659351,-58.4433537150908));
#2172=CARTESIAN_POINT('Ctrl Pts',(-14.9398107928128,-9.55153223659353,-58.4399989513963));
#2173=CARTESIAN_POINT('Ctrl Pts',(-14.9531619790226,-9.55153223659367,-58.4366822649549));
#2174=CARTESIAN_POINT('Ctrl Pts',(-14.9798643514422,-9.55153223659396,-58.4300488920722));
#2175=CARTESIAN_POINT('Ctrl Pts',(-15.0065997251841,-9.55153223659476,-58.4235678282021));
#2176=CARTESIAN_POINT('Ctrl Pts',(-15.0334177793578,-9.5515322365953,-58.417207526017));
#2177=CARTESIAN_POINT('Ctrl Pts',(-15.0468268064447,-9.55153223659556,-58.4140273749245));
#2178=CARTESIAN_POINT('Ctrl Pts',(-15.0602565036395,-9.55153223659577,-58.4108774142532));
#2179=CARTESIAN_POINT('Ctrl Pts',(-15.0737143267503,-9.55153223659591,-58.4077450817234));
#2180=CARTESIAN_POINT('Ctrl Pts',(-15.0871721498612,-9.55153223659606,-58.4046127491935));
#2181=CARTESIAN_POINT('Ctrl Pts',(-15.1006580988881,-9.55153223659614,-58.4014980448051));
#2182=CARTESIAN_POINT('Ctrl Pts',(-15.1141852630016,-9.55153223659635,-58.398384429129));
#2183=CARTESIAN_POINT('Ctrl Pts',(-15.127712427115,-9.55153223659656,-58.395270813453));
#2184=CARTESIAN_POINT('Ctrl Pts',(-15.1412808063149,-9.55153223659689,-58.3921582864893));
#2185=CARTESIAN_POINT('Ctrl Pts',(-15.1549041788867,-9.55153223659702,-58.3890119666832));
#2186=CARTESIAN_POINT('Ctrl Pts',(-15.1583100220296,-9.55153223659705,-58.3882253867317));
#2187=CARTESIAN_POINT('Ctrl Pts',(-15.1617193022583,-9.55153223659706,-58.3874366947275));
#2188=CARTESIAN_POINT('Ctrl Pts',(-15.1651351863487,-9.55153223659707,-58.3866484290777));
#2189=CARTESIAN_POINT('Ctrl Pts',(-15.168551070439,-9.55153223659707,-58.3858601634278));
#2190=CARTESIAN_POINT('Ctrl Pts',(-15.1719735583911,-9.55153223659707,-58.3850723241324));
#2191=CARTESIAN_POINT('Ctrl Pts',(-15.175396110433,-9.55153223659709,-58.3842757487447));
#2192=CARTESIAN_POINT('Ctrl Pts',(-15.1822412145169,-9.55153223659714,-58.3826825979694));
#2193=CARTESIAN_POINT('Ctrl Pts',(-15.1890865749605,-9.55153223659731,-58.3810545028254));
#2194=CARTESIAN_POINT('Ctrl Pts',(-15.1959686939338,-9.55153223659749,-58.3794303719358));
#2195=CARTESIAN_POINT('Ctrl Pts',(-15.2510256457201,-9.55153223659893,-58.3664373248195));
#2196=CARTESIAN_POINT('Ctrl Pts',(-15.3084351434069,-9.55153223660123,-58.353697989989));
#2197=CARTESIAN_POINT('Ctrl Pts',(-15.3671026694934,-9.55153223660373,-58.3316119467778));
#2198=CARTESIAN_POINT('Ctrl Pts',(-15.4257701955798,-9.55153223660624,-58.3095259035665));
#2199=CARTESIAN_POINT('Ctrl Pts',(-15.4856957500659,-9.55153223660895,-58.2780931519745));
#2200=CARTESIAN_POINT('Ctrl Pts',(-15.5357461162869,-9.55153223661013,-58.2406901597875));
#2201=CARTESIAN_POINT('Ctrl Pts',(-15.536137134773,-9.55153223661014,-58.240397948911));
#2202=CARTESIAN_POINT('Ctrl Pts',(-15.5365275505254,-9.55153223661015,-58.24010537364));
#2203=CARTESIAN_POINT('Ctrl Pts',(-15.5369184669039,-9.55153223661015,-58.2398132109202));
#2204=CARTESIAN_POINT('Ctrl Pts',(-15.5373093832823,-9.55153223661015,-58.2395210482003));
#2205=CARTESIAN_POINT('Ctrl Pts',(-15.5377008002868,-9.55153223661014,-58.2392292980317));
#2206=CARTESIAN_POINT('Ctrl Pts',(-15.5380908916426,-9.55153223661014,-58.2389367079814));
#2207=CARTESIAN_POINT('Ctrl Pts',(-15.5382859373205,-9.55153223661015,-58.2387904129563));
#2208=CARTESIAN_POINT('Ctrl Pts',(-15.5384806515863,-9.55153223661015,-58.2386439079607));
#2209=CARTESIAN_POINT('Ctrl Pts',(-15.5386754455356,-9.55153223661015,-58.2384974439387));
#2210=CARTESIAN_POINT('Ctrl Pts',(-15.5388702394848,-9.55153223661015,-58.2383509799167));
#2211=CARTESIAN_POINT('Ctrl Pts',(-15.5390651131176,-9.55153223661015,-58.2382045568684));
#2212=CARTESIAN_POINT('Ctrl Pts',(-15.5392598242593,-9.55153223661014,-58.2380580382413));
#2213=CARTESIAN_POINT('Ctrl Pts',(-15.5396492465427,-9.55153223661014,-58.237765000987));
#2214=CARTESIAN_POINT('Ctrl Pts',(-15.5400380188619,-9.55153223661014,-58.2374715814172));
#2215=CARTESIAN_POINT('Ctrl Pts',(-15.5404264717977,-9.55153223661014,-58.2371779638033));
#2216=CARTESIAN_POINT('Ctrl Pts',(-15.5408149247336,-9.55153223661014,-58.2368843461894));
#2217=CARTESIAN_POINT('Ctrl Pts',(-15.5412030582861,-9.55153223661014,-58.2365905305313));
#2218=CARTESIAN_POINT('Ctrl Pts',(-15.5415907572791,-9.55153223661014,-58.2362964546649));
#2219=CARTESIAN_POINT('Ctrl Pts',(-15.5419784562722,-9.55153223661014,-58.2360023787985));
#2220=CARTESIAN_POINT('Ctrl Pts',(-15.5423657207057,-9.55153223661014,-58.2357080427238));
#2221=CARTESIAN_POINT('Ctrl Pts',(-15.5427525873749,-9.55153223661014,-58.2354134689264));
#2222=CARTESIAN_POINT('Ctrl Pts',(-15.5435263207134,-9.55153223661014,-58.2348243213316));
#2223=CARTESIAN_POINT('Ctrl Pts',(-15.5442984629945,-9.55153223661014,-58.2342342228461));
#2224=CARTESIAN_POINT('Ctrl Pts',(-15.545069009349,-9.55153223661013,-58.2336431837973));
#2225=CARTESIAN_POINT('Ctrl Pts',(-15.5481511947669,-9.55153223661012,-58.2312790276018));
#2226=CARTESIAN_POINT('Ctrl Pts',(-15.5512078453576,-9.55153223661011,-58.2288998223926));
#2227=CARTESIAN_POINT('Ctrl Pts',(-15.5542399956233,-9.55153223661009,-58.2265069651885));
#2228=CARTESIAN_POINT('Ctrl Pts',(-15.5603042961546,-9.55153223661004,-58.2217212507804));
#2229=CARTESIAN_POINT('Ctrl Pts',(-15.5662705953858,-9.55153223660994,-58.2168809283932));
#2230=CARTESIAN_POINT('Ctrl Pts',(-15.5721487190399,-9.5515322366099,-58.2119955827055));
#2231=CARTESIAN_POINT('Ctrl Pts',(-15.575087780867,-9.55153223660988,-58.2095529098616));
#2232=CARTESIAN_POINT('Ctrl Pts',(-15.5780047987997,-9.55153223660987,-58.2070989811926));
#2233=CARTESIAN_POINT('Ctrl Pts',(-15.5809008381152,-9.55153223660986,-58.2046345861558));
#2234=CARTESIAN_POINT('Ctrl Pts',(-15.5818257561562,-9.55153223660986,-58.2038475238332));
#2235=CARTESIAN_POINT('Ctrl Pts',(-15.582748534391,-9.55153223660985,-58.2030593939474));
#2236=CARTESIAN_POINT('Ctrl Pts',(-15.5836692118904,-9.55153223660984,-58.202270225651));
#2237=CARTESIAN_POINT('',(-13.9947436867331,-9.59999978542328,-58.6604215111426));
#2238=CARTESIAN_POINT('Ctrl Pts',(-14.2017265835317,-9.55153223655421,-58.6603421137242));
#2239=CARTESIAN_POINT('Ctrl Pts',(-14.1933607202339,-9.55621893810343,-58.6603496949581));
#2240=CARTESIAN_POINT('Ctrl Pts',(-14.1838036172866,-9.56068010683666,-58.6603612581683));
#2241=CARTESIAN_POINT('Ctrl Pts',(-14.1731147723911,-9.56486794202388,-58.660363041642));
#2242=CARTESIAN_POINT('Ctrl Pts',(-14.1648664341413,-9.56809959909218,-58.660364417908));
#2243=CARTESIAN_POINT('Ctrl Pts',(-14.1559440597869,-9.5711683239917,-58.6603595568043));
#2244=CARTESIAN_POINT('Ctrl Pts',(-14.1463802710147,-9.57406423618279,-58.6603535420663));
#2245=CARTESIAN_POINT('Ctrl Pts',(-14.1285697779374,-9.57945724780824,-58.6603423409145));
#2246=CARTESIAN_POINT('Ctrl Pts',(-14.1089218800423,-9.58413610737344,-58.6603287729835));
#2247=CARTESIAN_POINT('Ctrl Pts',(-14.0879161494352,-9.58806939170755,-58.6603307121633));
#2248=CARTESIAN_POINT('Ctrl Pts',(-14.066932973341,-9.59199845275068,-58.6603326492609));
#2249=CARTESIAN_POINT('Ctrl Pts',(-14.0445960459569,-9.59518429527243,-58.6603479666484));
#2250=CARTESIAN_POINT('Ctrl Pts',(-14.0213678543837,-9.59756176027275,-58.6603651464452));
#2251=CARTESIAN_POINT('Ctrl Pts',(-14.0126081749936,-9.59845833593161,-58.6603716251894));
#2252=CARTESIAN_POINT('Ctrl Pts',(-14.0037214871066,-9.59923954501,-58.6603782337642));
#2253=CARTESIAN_POINT('Ctrl Pts',(-13.9947313668292,-9.59990029097372,-58.6603842322488));
#2254=CARTESIAN_POINT('',(-14.2426213530865,-9.59999978542328,-58.5785237762165));
#2255=CARTESIAN_POINT('Ctrl Pts',(-13.9947313668292,-9.59990029097372,-58.6603842322488));
#2256=CARTESIAN_POINT('Ctrl Pts',(-14.0691986222673,-9.59990029097373,-58.6357743125522));
#2257=CARTESIAN_POINT('Ctrl Pts',(-14.1437540352764,-9.59990029097627,-58.6111151906636));
#2258=CARTESIAN_POINT('Ctrl Pts',(-14.2181524355806,-9.59990029097997,-58.5865005301868));
#2259=CARTESIAN_POINT('Ctrl Pts',(-14.2262890193938,-9.59990029098038,-58.5838085469293));
#2260=CARTESIAN_POINT('Ctrl Pts',(-14.2344261815057,-9.59990029098079,-58.5811228321189));
#2261=CARTESIAN_POINT('Ctrl Pts',(-14.2425641886095,-9.5999002909812,-58.5784436293691));
#2262=CARTESIAN_POINT('',(-14.2426213530865,-9.60249944677344,-58.5551364471194));
#2263=CARTESIAN_POINT('Ctrl Pts',(-14.2425641886095,-9.5999002909812,-58.5784436293691));
#2264=CARTESIAN_POINT('Ctrl Pts',(-14.2425773003931,-9.60160832374051,-58.5707788584812));
#2265=CARTESIAN_POINT('Ctrl Pts',(-14.2425888017474,-9.60249944678116,-58.5629496123518));
#2266=CARTESIAN_POINT('Ctrl Pts',(-14.2425910944983,-9.60249944678127,-58.555087906771));
#2267=CARTESIAN_POINT('Ctrl Pts',(-14.2426040382057,-9.60249944678128,-58.5550836518173));
#2268=CARTESIAN_POINT('Ctrl Pts',(-14.3379251982037,-9.60249944678615,-58.5237489992227));
#2269=CARTESIAN_POINT('Ctrl Pts',(-14.5394366478284,-9.60249944679768,-58.459496991351));
#2270=CARTESIAN_POINT('Ctrl Pts',(-14.7569762541979,-9.60249944681304,-58.3971135751461));
#2271=CARTESIAN_POINT('Ctrl Pts',(-14.891849270925,-9.60249944681755,-58.3623434632937));
#2272=CARTESIAN_POINT('Ctrl Pts',(-14.9458757326718,-9.60249944681763,-58.3487599610182));
#2273=CARTESIAN_POINT('Ctrl Pts',(-14.9999901277627,-9.60249944681923,-58.3356477693046));
#2274=CARTESIAN_POINT('Ctrl Pts',(-15.0541903328822,-9.60249944682006,-58.3229367363501));
#2275=CARTESIAN_POINT('Ctrl Pts',(-15.0948700935626,-9.6024994468203,-58.3135442571788));
#2276=CARTESIAN_POINT('Ctrl Pts',(-15.1253897115208,-9.60249944682107,-58.306541394534));
#2277=CARTESIAN_POINT('Ctrl Pts',(-15.1457308712346,-9.60249944682117,-58.3018412485839));
#2278=CARTESIAN_POINT('Ctrl Pts',(-15.1592956901672,-9.60249944682115,-58.2987081129753));
#2279=CARTESIAN_POINT('Ctrl Pts',(-15.2236147316563,-9.60249944682275,-58.2835165799883));
#2280=CARTESIAN_POINT('Ctrl Pts',(-15.3395644284589,-9.60249944682766,-58.256695268691));
#2281=CARTESIAN_POINT('Ctrl Pts',(-15.4392964664955,-9.60249944683316,-58.2037410793109));
#2282=CARTESIAN_POINT('Ctrl Pts',(-15.4845436695224,-9.60249944683435,-58.1699257923253));
#2283=CARTESIAN_POINT('Ctrl Pts',(-15.4854133416113,-9.60249944683433,-58.1692755764206));
#2284=CARTESIAN_POINT('Ctrl Pts',(-15.4861080634472,-9.60249944683434,-58.1687538203251));
#2285=CARTESIAN_POINT('Ctrl Pts',(-15.4868023919227,-9.60249944683433,-58.1682316397654));
#2286=CARTESIAN_POINT('Ctrl Pts',(-15.4876693470693,-9.60249944683433,-58.1675776346911));
#2287=CARTESIAN_POINT('Ctrl Pts',(-15.4887082749522,-9.60249944683433,-58.1667910258828));
#2288=CARTESIAN_POINT('Ctrl Pts',(-15.4900915806925,-9.60249944683433,-58.1657397189337));
#2289=CARTESIAN_POINT('Ctrl Pts',(-15.4938877839974,-9.60249944683432,-58.1628385270104));
#2290=CARTESIAN_POINT('Ctrl Pts',(-15.5027990566268,-9.60249944683428,-58.1559027129163));
#2291=CARTESIAN_POINT('Ctrl Pts',(-15.5135917969124,-9.60249944683409,-58.1471486100229));
#2292=CARTESIAN_POINT('Ctrl Pts',(-15.524225131409,-9.60249944683405,-58.1382037434207));
#2293=CARTESIAN_POINT('Ctrl Pts',(-15.5321238075031,-9.602499446834,-58.1314049185497));
#2294=CARTESIAN_POINT('Ctrl Pts',(-15.5399498941177,-9.60249944683396,-58.1245216411025));
#2295=CARTESIAN_POINT('Ctrl Pts',(-15.555463457619,-9.60249944683387,-58.1105956684255));
#2296=CARTESIAN_POINT('Ctrl Pts',(-15.5782397711246,-9.60249944683325,-58.0891457450168));
#2297=CARTESIAN_POINT('Ctrl Pts',(-15.6028263166426,-9.60249944683273,-58.0645340018147));
#2298=CARTESIAN_POINT('Ctrl Pts',(-15.6197208403069,-9.60249944683254,-58.0469836017611));
#2299=CARTESIAN_POINT('Ctrl Pts',(-15.6292916553007,-9.6024994468325,-58.0368727832669));
#2300=CARTESIAN_POINT('Ctrl Pts',(-15.6435678775713,-9.60249944683243,-58.0216288127394));
#2301=CARTESIAN_POINT('Ctrl Pts',(-15.6646936844448,-9.60249944683193,-57.9984872797727));
#2302=CARTESIAN_POINT('Ctrl Pts',(-15.6923405160311,-9.60249944683149,-57.9671661633208));
#2303=CARTESIAN_POINT('Ctrl Pts',(-15.7286096816888,-9.60249944683095,-57.9248914252127));
#2304=CARTESIAN_POINT('Ctrl Pts',(-15.7730003022889,-9.60249944682925,-57.8712436678251));
#2305=CARTESIAN_POINT('Ctrl Pts',(-15.8251466771124,-9.60249944682779,-57.8059415656725));
#2306=CARTESIAN_POINT('Ctrl Pts',(-15.8764264750908,-9.60249944682627,-57.7399351829156));
#2307=CARTESIAN_POINT('Ctrl Pts',(-15.9270230301284,-9.60249944682483,-57.6733828032808));
#2308=CARTESIAN_POINT('Ctrl Pts',(-15.9770671351971,-9.60249944682369,-57.6063989337843));
#2309=CARTESIAN_POINT('Ctrl Pts',(-16.0183886274404,-9.60249944682236,-57.5502888816462));
#2310=CARTESIAN_POINT('Ctrl Pts',(-16.067688840123,-9.60249944682216,-57.4827536462325));
#2311=CARTESIAN_POINT('Ctrl Pts',(-16.1329426903282,-9.60249944682018,-57.3923639980864));
#2312=CARTESIAN_POINT('Ctrl Pts',(-16.2056022633242,-9.60249944681661,-57.2901934825598));
#2313=CARTESIAN_POINT('Ctrl Pts',(-16.2697519601979,-9.60249944681568,-57.1991404448486));
#2314=CARTESIAN_POINT('Ctrl Pts',(-16.333638663079,-9.60249944681494,-57.1079496343863));
#2315=CARTESIAN_POINT('Ctrl Pts',(-16.3971695715369,-9.60249944681214,-57.0165751547054));
#2316=CARTESIAN_POINT('Ctrl Pts',(-16.4604312906633,-9.60249944681177,-56.9250762748208));
#2317=CARTESIAN_POINT('Ctrl Pts',(-16.5550737548122,-9.6024994468101,-56.7876952356049));
#2318=CARTESIAN_POINT('Ctrl Pts',(-16.6962349976502,-9.60249944680657,-56.5811796651004));
#2319=CARTESIAN_POINT('Ctrl Pts',(-16.8834685745658,-9.60249944680116,-56.3049110576603));
#2320=CARTESIAN_POINT('Ctrl Pts',(-17.0701646810059,-9.6024994467958,-56.0277308092444));
#2321=CARTESIAN_POINT('Ctrl Pts',(-17.2563552475217,-9.60249944679189,-55.7500301199488));
#2322=CARTESIAN_POINT('Ctrl Pts',(-17.4420201845992,-9.60249944678727,-55.4721101269143));
#2323=CARTESIAN_POINT('Ctrl Pts',(-17.6272528825726,-9.6024994467856,-55.1940684818548));
#2324=CARTESIAN_POINT('Ctrl Pts',(-17.8121482628141,-9.60249944678261,-54.9158721511405));
#2325=CARTESIAN_POINT('Ctrl Pts',(-17.9968342439438,-9.60249944678011,-54.6374531566047));
#2326=CARTESIAN_POINT('Ctrl Pts',(-18.1813819659306,-9.6024994467775,-54.358780547606));
#2327=CARTESIAN_POINT('Ctrl Pts',(-18.3658349249552,-9.60249944677565,-54.0798583867516));
#2328=CARTESIAN_POINT('Ctrl Pts',(-18.4886265538894,-9.60249944677344,-53.8939358206096));
#2329=CARTESIAN_POINT('Ctrl Pts',(-18.5499995853752,-9.60249944677344,-53.8009669450654));
#2330=CARTESIAN_POINT('Origin',(-44.242502101406,-9.60249944677344,16.3395784888574));
#2331=CARTESIAN_POINT('',(-18.5499995853752,-9.60249944677344,-6.09999986365438));
#2332=CARTESIAN_POINT('',(-28.4893510762769,-9.60249944677344,10.3396379329711));
#2333=CARTESIAN_POINT('',(-18.5499995853752,-9.60249944677344,5.1197893126015));
#2334=CARTESIAN_POINT('',(-14.2426213530865,-9.60249944677344,-1.86042151114261));
#2335=CARTESIAN_POINT('',(-14.2426213530865,-9.60249944677344,-20.2604215111426));
#2336=CARTESIAN_POINT('',(-17.2426213530865,-9.60249944677344,-1.86042151114262));
#2337=CARTESIAN_POINT('',(-29.9925617272462,-9.60249944677344,-1.86042151114261));
#2338=CARTESIAN_POINT('',(-17.2426213530865,-9.60249944677344,5.76316413862091));
#2339=CARTESIAN_POINT('',(-17.2426213530865,-9.60249944677344,-18.6604215111426));
#2340=CARTESIAN_POINT('',(-24.0465620447459,-9.60249944677344,16.3395784888574));
#2341=CARTESIAN_POINT('',(-23.600388161904,-9.60249944677344,15.6460216119182));
#2342=CARTESIAN_POINT('',(-44.2426213530865,-9.60249944677344,16.3395784888574));
#2343=CARTESIAN_POINT('',(-29.2425617272462,-9.60249944677344,16.3395784888574));
#2344=CARTESIAN_POINT('',(-44.2426213530865,-9.60249944677344,16.3395784888574));
#2345=CARTESIAN_POINT('',(-34.2426213530865,-9.60249944677344,14.2395784888574));
#2346=CARTESIAN_POINT('Origin',(-34.2426213530865,-9.60249944677344,13.3395784888574));
#2347=CARTESIAN_POINT('',(-41.1426213530865,-9.60249944677344,14.2395784888574));
#2348=CARTESIAN_POINT('Origin',(-41.1426213530865,-9.60249944677344,13.3395784888574));
#2349=CARTESIAN_POINT('Origin',(-14.2426213530865,-5.35148924220838,-56.8604215111426));
#2350=CARTESIAN_POINT('',(-14.2426213530865,-9.59999978542328,-56.6604215111426));
#2351=CARTESIAN_POINT('',(-14.2426213530865,-9.59999978542328,-57.7604215111426));
#2352=CARTESIAN_POINT('',(-14.2426213530864,-8.35148913044968,-56.6604215111426));
#2353=CARTESIAN_POINT('',(-14.2426213530865,-7.85148924220838,-56.6604215111426));
#2354=CARTESIAN_POINT('',(-14.2426213530865,-8.35148913044969,-1.86042151114261));
#2355=CARTESIAN_POINT('',(-14.2426213530865,-8.35148913044968,-56.8604215111426));
#2356=CARTESIAN_POINT('',(-14.2426213530865,-9.85148913603762,-1.86042151114261));
#2357=CARTESIAN_POINT('Origin',(-14.2426213530865,-9.59999978542328,-56.8999987281859));
#2358=CARTESIAN_POINT('',(-13.7934871977835,-9.59999978542328,-58.6604215111426));
#2359=CARTESIAN_POINT('',(-14.2426213530865,-9.59999978542328,-58.6604215111426));
#2360=CARTESIAN_POINT('',(-13.7934871977835,-9.59999978542328,-56.6604215111426));
#2361=CARTESIAN_POINT('',(-13.7934871977835,-9.59999978542328,-56.6604215111426));
#2362=CARTESIAN_POINT('',(-14.2426213530865,-9.59999978542328,-56.6604215111426));
#2363=CARTESIAN_POINT('Origin',(-13.2426213530865,-10.3514892422084,-58.6604215111426));
#2364=CARTESIAN_POINT('',(-13.7934871977835,-4.10148924220839,-58.6604215111426));
#2365=CARTESIAN_POINT('',(-14.2426213530865,-4.10148924220839,-58.6604215111426));
#2366=CARTESIAN_POINT('',(-10.2426213530865,-6.85074451380068,-58.6604215111426));
#2367=CARTESIAN_POINT('Ctrl Pts',(-13.7934871977835,-4.10148924220839,-58.6604215111426));
#2368=CARTESIAN_POINT('Ctrl Pts',(-13.6104673541115,-4.17621960273533,-58.6604215111426));
#2369=CARTESIAN_POINT('Ctrl Pts',(-13.4339598601059,-4.25094996326228,-58.6604215111426));
#2370=CARTESIAN_POINT('Ctrl Pts',(-13.2639911352579,-4.32568032378925,-58.6604215111426));
#2371=CARTESIAN_POINT('Ctrl Pts',(-13.091998924662,-4.40130035281017,-58.6604215111426));
#2372=CARTESIAN_POINT('Ctrl Pts',(-12.9267021720362,-4.47692038183112,-58.6604215111426));
#2373=CARTESIAN_POINT('Ctrl Pts',(-12.7681819502229,-4.55254041085209,-58.6604215111426));
#2374=CARTESIAN_POINT('Ctrl Pts',(-12.6067053668016,-4.62957073408049,-58.6604215111426));
#2375=CARTESIAN_POINT('Ctrl Pts',(-12.4522604903845,-4.70660105730891,-58.6604215111426));
#2376=CARTESIAN_POINT('Ctrl Pts',(-12.304987617155,-4.78363138053736,-58.6604215111426));
#2377=CARTESIAN_POINT('Ctrl Pts',(-12.1518540568503,-4.86372710617051,-58.6604215111426));
#2378=CARTESIAN_POINT('Ctrl Pts',(-12.0064749350657,-4.94382283180369,-58.6604215111426));
#2379=CARTESIAN_POINT('Ctrl Pts',(-11.8690642512574,-5.0239185574369,-58.6604215111426));
#2380=CARTESIAN_POINT('Ctrl Pts',(-11.7178838539365,-5.11204055268021,-58.6604215111426));
#2381=CARTESIAN_POINT('Ctrl Pts',(-11.5763488691947,-5.20016254792354,-58.6604215111426));
#2382=CARTESIAN_POINT('Ctrl Pts',(-11.4448102377931,-5.2882845431669,-58.6604215111426));
#2383=CARTESIAN_POINT('Ctrl Pts',(-11.2956471482944,-5.38821373448676,-58.6604215111426));
#2384=CARTESIAN_POINT('Ctrl Pts',(-11.1593399901903,-5.48814292580666,-58.6604215111426));
#2385=CARTESIAN_POINT('Ctrl Pts',(-11.0364746448134,-5.58807211712658,-58.6604215111426));
#2386=CARTESIAN_POINT('Ctrl Pts',(-10.9071008034742,-5.69329481684977,-58.6604215111426));
#2387=CARTESIAN_POINT('Ctrl Pts',(-10.7926347459906,-5.798517516573,-58.6604215111426));
#2388=CARTESIAN_POINT('Ctrl Pts',(-10.6937920481043,-5.90374021629625,-58.6604215111426));
#2389=CARTESIAN_POINT('Ctrl Pts',(-10.6155923189392,-5.98698750513336,-58.6604215111426));
#2390=CARTESIAN_POINT('Ctrl Pts',(-10.5471737881571,-6.07023479397049,-58.6604215111426));
#2391=CARTESIAN_POINT('Ctrl Pts',(-10.4888698246348,-6.15348208280763,-58.6604215111426));
#2392=CARTESIAN_POINT('Ctrl Pts',(-10.436367929648,-6.22844508964996,-58.6604215111426));
#2393=CARTESIAN_POINT('Ctrl Pts',(-10.392068538018,-6.30340809649229,-58.6604215111426));
#2394=CARTESIAN_POINT('Ctrl Pts',(-10.3561784407164,-6.37837110333464,-58.6604215111426));
#2395=CARTESIAN_POINT('Ctrl Pts',(-10.3230816054728,-6.44749987347912,-58.6604215111426));
#2396=CARTESIAN_POINT('Ctrl Pts',(-10.2971367620987,-6.51662864362361,-58.6604215111426));
#2397=CARTESIAN_POINT('Ctrl Pts',(-10.2784629472968,-6.5857574137681,-58.6604215111426));
#2398=CARTESIAN_POINT('Ctrl Pts',(-10.2612269181477,-6.64956363172022,-58.6604215111426));
#2399=CARTESIAN_POINT('Ctrl Pts',(-10.2501856624685,-6.71336984967234,-58.6604215111426));
#2400=CARTESIAN_POINT('Ctrl Pts',(-10.245387698086,-6.77717606762446,-58.6604215111426));
#2401=CARTESIAN_POINT('Ctrl Pts',(-10.2435436835277,-6.80169888301829,-58.6604215111426));
#2402=CARTESIAN_POINT('Ctrl Pts',(-10.2426213530865,-6.82622169841211,-58.6604215111426));
#2403=CARTESIAN_POINT('Ctrl Pts',(-10.2426213530865,-6.85074451380594,-58.6604215111426));
#2404=CARTESIAN_POINT('Ctrl Pts',(-10.2426213530865,-6.85074451381584,-58.6604215111426));
#2405=CARTESIAN_POINT('Ctrl Pts',(-10.2426213530871,-6.91535094147249,-58.6604215111426));
#2406=CARTESIAN_POINT('Ctrl Pts',(-10.2490272175924,-6.97995736912915,-58.6604215111426));
#2407=CARTESIAN_POINT('Ctrl Pts',(-10.2618090318538,-7.0445637967858,-58.6604215111426));
#2408=CARTESIAN_POINT('Ctrl Pts',(-10.2754812103442,-7.11367062250622,-58.6604215111426));
#2409=CARTESIAN_POINT('Ctrl Pts',(-10.2964481396934,-7.18277744822664,-58.6604215111426));
#2410=CARTESIAN_POINT('Ctrl Pts',(-10.3246094218194,-7.25188427394706,-58.6604215111426));
#2411=CARTESIAN_POINT('Ctrl Pts',(-10.3555901143727,-7.3279098366825,-58.6604215111426));
#2412=CARTESIAN_POINT('Ctrl Pts',(-10.3952771137053,-7.40393539941793,-58.6604215111426));
#2413=CARTESIAN_POINT('Ctrl Pts',(-10.4434705149719,-7.47996096215336,-58.6604215111426));
#2414=CARTESIAN_POINT('Ctrl Pts',(-10.4995098749694,-7.56836360166787,-58.6604215111426));
#2415=CARTESIAN_POINT('Ctrl Pts',(-10.5670500074923,-7.65676624118236,-58.6604215111426));
#2416=CARTESIAN_POINT('Ctrl Pts',(-10.6457037602776,-7.74516888069684,-58.6604215111426));
#2417=CARTESIAN_POINT('Ctrl Pts',(-10.7832273797083,-7.89973812275769,-58.6604215111426));
#2418=CARTESIAN_POINT('Ctrl Pts',(-10.9547181284738,-8.05430736481848,-58.6604215111426));
#2419=CARTESIAN_POINT('Ctrl Pts',(-11.1579151040339,-8.2088766068792,-58.6604215111426));
#2420=CARTESIAN_POINT('Ctrl Pts',(-11.2775300927982,-8.2998661410562,-58.6604215111426));
#2421=CARTESIAN_POINT('Ctrl Pts',(-11.408130127322,-8.39085567523317,-58.6604215111426));
#2422=CARTESIAN_POINT('Ctrl Pts',(-11.5492855224298,-8.48184520941012,-58.6604215111426));
#2423=CARTESIAN_POINT('Ctrl Pts',(-11.678096317554,-8.56487734740491,-58.6604215111426));
#2424=CARTESIAN_POINT('Ctrl Pts',(-11.8156963400968,-8.64790948539967,-58.6604215111426));
#2425=CARTESIAN_POINT('Ctrl Pts',(-11.9618041763047,-8.73094162339441,-58.6604215111426));
#2426=CARTESIAN_POINT('Ctrl Pts',(-12.0986721201111,-8.80872279031974,-58.6604215111426));
#2427=CARTESIAN_POINT('Ctrl Pts',(-12.2430057037092,-8.88650395724505,-58.6604215111426));
#2428=CARTESIAN_POINT('Ctrl Pts',(-12.3946191198806,-8.96428512417033,-58.6604215111426));
#2429=CARTESIAN_POINT('Ctrl Pts',(-12.5429204231735,-9.04036710106885,-58.6604215111426));
#2430=CARTESIAN_POINT('Ctrl Pts',(-12.6981866514093,-9.11644907796735,-58.6604215111426));
#2431=CARTESIAN_POINT('Ctrl Pts',(-12.8602926788815,-9.19253105486582,-58.6604215111426));
#2432=CARTESIAN_POINT('Ctrl Pts',(-13.0197994752934,-9.26739312254461,-58.6604215111426));
#2433=CARTESIAN_POINT('Ctrl Pts',(-13.1859284416609,-9.34225519022336,-58.6604215111426));
#2434=CARTESIAN_POINT('Ctrl Pts',(-13.3586105233852,-9.4171172579021,-58.6604215111426));
#2435=CARTESIAN_POINT('Ctrl Pts',(-13.4992270667722,-9.47807810040917,-58.6604215111426));
#2436=CARTESIAN_POINT('Ctrl Pts',(-13.6441898601697,-9.53903894291623,-58.6604215111426));
#2437=CARTESIAN_POINT('Ctrl Pts',(-13.7934871977835,-9.59999978542328,-58.6604215111426));
#2438=CARTESIAN_POINT('',(-14.7426213530865,-9.55148913044968,-58.6604215111426));
#2439=CARTESIAN_POINT('',(-14.2426213530865,-9.55148913044968,-58.6604215111426));
#2440=CARTESIAN_POINT('',(-14.7426213530865,-4.15148924220838,-58.6604215111426));
#2441=CARTESIAN_POINT('',(-14.7426213530865,-8.35148913044968,-58.6604215111426));
#2442=CARTESIAN_POINT('',(-13.7426213530865,-4.15148924220838,-58.6604215111426));
#2443=CARTESIAN_POINT('',(-12.4926215175749,-6.97648924276737,-58.6604215111426));
#2444=CARTESIAN_POINT('Origin',(-13.2426210178103,-6.97648924276716,-58.6604215111426));
#2445=CARTESIAN_POINT('Origin',(-14.2426213530864,-9.55148913044968,-58.6604215111426));
#2446=CARTESIAN_POINT('Origin',(-14.7426213530865,-9.55148913044968,-57.6604215111426));
#2447=CARTESIAN_POINT('Origin',(-15.4426213530865,-4.70148924220838,-56.8604215111426));
#2448=CARTESIAN_POINT('',(-15.4426213530865,-8.35148913044968,-56.6604215111426));
#2449=CARTESIAN_POINT('',(-15.4426213530864,-9.00148913044967,-56.6604215111426));
#2450=CARTESIAN_POINT('',(-15.4426213530865,-6.52648918632903,-56.6604215111426));
#2451=CARTESIAN_POINT('',(-15.4426213530864,-9.00148913044968,-1.86042151114261));
#2452=CARTESIAN_POINT('',(-15.4426213530864,-9.00148913044967,-56.8604215111426));
#2453=CARTESIAN_POINT('',(-15.4426213530864,-8.35148913044969,-1.86042151114261));
#2454=CARTESIAN_POINT('',(-15.4426213530864,-8.85148915838936,-1.86042151114261));
#2455=CARTESIAN_POINT('',(-15.4426213530865,-8.35148913044968,-56.6714340380227));
#2456=CARTESIAN_POINT('Origin',(-15.4426213530864,-9.00148913044967,-56.8604215111426));
#2457=CARTESIAN_POINT('',(-15.7426213530864,-9.02648914907612,-56.6604215111426));
#2458=CARTESIAN_POINT('',(-15.4157247815992,-8.99924774782244,-56.6604215111426));
#2459=CARTESIAN_POINT('',(-15.7426213530864,-9.02648914907612,-57.6604215111426));
#2460=CARTESIAN_POINT('',(-15.7426213530864,-9.02648914907612,-56.7604215111426));
#2461=CARTESIAN_POINT('Origin',(-14.7426213530865,-8.94315575365462,-57.6604215111426));
#2462=CARTESIAN_POINT('',(-17.2426213530865,-9.1514892422084,-1.86042151114261));
#2463=CARTESIAN_POINT('',(-17.2426213530865,-9.15148924220838,-56.8604215111426));
#2464=CARTESIAN_POINT('',(-15.6060696403716,-9.01510983120498,-1.86042151114261));
#2465=CARTESIAN_POINT('Origin',(-14.2426213530865,-4.15148924220838,-56.6604215111426));
#2466=CARTESIAN_POINT('Origin',(-14.7426213530865,-4.15148924220838,-57.6604215111426));
#2467=CARTESIAN_POINT('Origin',(-17.2426213530865,-4.55148924220838,-56.8604215111426));
#2468=CARTESIAN_POINT('',(-15.7426213530865,-4.67648924220838,-57.6604215111426));
#2469=CARTESIAN_POINT('Origin',(-14.7426213530865,-4.75982257554171,-57.6604215111426));
#2470=CARTESIAN_POINT('',(-15.7426213530865,-4.67648924220838,-56.6604215111426));
#2471=CARTESIAN_POINT('',(-15.7426213530865,-4.67648924220838,-57.2604215111426));
#2472=CARTESIAN_POINT('',(-15.4426213530865,-4.70148924220838,-56.6604215111426));
#2473=CARTESIAN_POINT('',(-16.4646903186037,-4.61631682841528,-56.6604215111426));
#2474=CARTESIAN_POINT('',(-15.4426213530865,-4.7014892422084,-1.86042151114261));
#2475=CARTESIAN_POINT('',(-15.4426213530865,-4.70148924220838,-56.8604215111426));
#2476=CARTESIAN_POINT('',(-17.2426213530865,-4.5514892422084,-1.86042151114261));
#2477=CARTESIAN_POINT('',(-16.5060696289485,-4.61286855255322,-1.86042151114261));
#2478=CARTESIAN_POINT('',(-17.2426213530865,-4.55148924220838,-56.8604215111426));
#2479=CARTESIAN_POINT('Origin',(-15.4426213530865,-4.70148924220838,-56.8604215111426));
#2480=CARTESIAN_POINT('',(-15.4426213530865,-5.35148924220838,-56.6604215111426));
#2481=CARTESIAN_POINT('',(-15.4426213530865,-5.02648924220838,-56.6604215111426));
#2482=CARTESIAN_POINT('',(-15.4426213530865,-5.3514892422084,-1.86042151114261));
#2483=CARTESIAN_POINT('',(-15.4426213530865,-5.35148924220838,-53.9824465649027));
#2484=CARTESIAN_POINT('',(-15.4426213530865,-4.5264892422084,-1.86042151114261));
#2485=CARTESIAN_POINT('Origin',(-14.7426213530865,-7.85148924220838,-57.6604215111426));
#2486=CARTESIAN_POINT('',(-15.7426213530864,-8.35148913044968,-57.6604215111426));
#2487=CARTESIAN_POINT('Origin',(-15.7426213530865,-5.35148924220838,-56.4824465649027));
#2488=CARTESIAN_POINT('',(-15.7426213530864,-8.35148913044968,-56.6604215111426));
#2489=CARTESIAN_POINT('Origin',(-13.2426213530865,-10.3514892422084,-56.6604215111426));
#2490=CARTESIAN_POINT('',(-10.2426213530865,-6.85074451380594,-56.6604215111426));
#2491=CARTESIAN_POINT('',(-13.7934871977835,-4.10148924220839,-56.6604215111426));
#2492=CARTESIAN_POINT('Ctrl Pts',(-10.2426213530865,-6.85074451380594,-56.6604215111426));
#2493=CARTESIAN_POINT('Ctrl Pts',(-10.2426213530853,-6.74077430295134,-56.6604215111426));
#2494=CARTESIAN_POINT('Ctrl Pts',(-10.2735310275485,-6.52083388122236,-56.6604215111426));
#2495=CARTESIAN_POINT('Ctrl Pts',(-10.4126245626393,-6.19092324862892,-56.6604215111426));
#2496=CARTESIAN_POINT('Ctrl Pts',(-10.7785841099258,-5.75104240517116,-56.6604215111426));
#2497=CARTESIAN_POINT('Ctrl Pts',(-11.5141712277708,-5.20119135084944,-56.6604215111426));
#2498=CARTESIAN_POINT('Ctrl Pts',(-12.3068969061818,-4.76131050739263,-56.6604215111426));
#2499=CARTESIAN_POINT('Ctrl Pts',(-13.0090331394929,-4.43139987480038,-56.6604215111426));
#2500=CARTESIAN_POINT('Ctrl Pts',(-13.5241625128899,-4.21145945307236,-56.6604215111426));
#2501=CARTESIAN_POINT('Ctrl Pts',(-13.7934871977835,-4.10148924220839,-56.6604215111426));
#2502=CARTESIAN_POINT('',(-14.2426213530865,-4.10148924220839,-56.6604215111426));
#2503=CARTESIAN_POINT('',(-14.2426213530865,-4.10148924220839,-56.6604215111426));
#2504=CARTESIAN_POINT('',(-14.2426213530865,-5.35148924220838,-56.6604215111426));
#2505=CARTESIAN_POINT('',(-14.2426213530865,-7.85148924220838,-56.6604215111426));
#2506=CARTESIAN_POINT('',(-14.8426213530865,-5.35148924220838,-56.6604215111426));
#2507=CARTESIAN_POINT('',(-14.2426213530865,-8.35148913044968,-56.6604215111426));
#2508=CARTESIAN_POINT('Ctrl Pts',(-13.7934871977835,-9.59999978542328,-56.6604215111426));
#2509=CARTESIAN_POINT('Ctrl Pts',(-13.524162512894,-9.49002957455934,-56.6604215111426));
#2510=CARTESIAN_POINT('Ctrl Pts',(-13.0090331395041,-9.27008915283139,-56.6604215111426));
#2511=CARTESIAN_POINT('Ctrl Pts',(-12.3068969062006,-8.94017852023917,-56.6604215111426));
#2512=CARTESIAN_POINT('Ctrl Pts',(-11.5141712277937,-8.50029767678233,-56.6604215111426));
#2513=CARTESIAN_POINT('Ctrl Pts',(-10.7785841099457,-7.95044662246057,-56.6604215111426));
#2514=CARTESIAN_POINT('Ctrl Pts',(-10.4126245626524,-7.51056577900277,-56.6604215111426));
#2515=CARTESIAN_POINT('Ctrl Pts',(-10.2735310275551,-7.18065514640931,-56.6604215111426));
#2516=CARTESIAN_POINT('Ctrl Pts',(-10.2426213530876,-6.96071472468033,-56.6604215111426));
#2517=CARTESIAN_POINT('Ctrl Pts',(-10.2426213530865,-6.85074451381584,-56.6604215111426));
#2518=CARTESIAN_POINT('',(-12.4926215175749,-6.97648924276737,-56.6604215111426));
#2519=CARTESIAN_POINT('Origin',(-13.2426210178103,-6.97648924276716,-56.6604215111426));
#2520=CARTESIAN_POINT('Origin',(-13.2426210178103,-6.97648924276737,3.32353590128295));
#2521=CARTESIAN_POINT('',(-12.4926215175749,-6.97648924276737,3.32353590128295));
#2522=CARTESIAN_POINT('Ctrl Pts',(-10.2426213530865,-6.85074451381584,-56.6604215111426));
#2523=CARTESIAN_POINT('Ctrl Pts',(-10.2426213530865,-6.85074451381584,-61.6604215111426));
#2524=CARTESIAN_POINT('Ctrl Pts',(-10.2426213530853,-6.74077430295135,-56.6604215111426));
#2525=CARTESIAN_POINT('Ctrl Pts',(-10.2426213530853,-6.74077430295135,-61.6604215111426));
#2526=CARTESIAN_POINT('Ctrl Pts',(-10.2735310275485,-6.52083388122236,-56.6604215111426));
#2527=CARTESIAN_POINT('Ctrl Pts',(-10.2735310275485,-6.52083388122236,-61.6604215111426));
#2528=CARTESIAN_POINT('Ctrl Pts',(-10.4126245626393,-6.19092324862892,-56.6604215111426));
#2529=CARTESIAN_POINT('Ctrl Pts',(-10.4126245626393,-6.19092324862892,-61.6604215111426));
#2530=CARTESIAN_POINT('Ctrl Pts',(-10.7785841099258,-5.75104240517116,-56.6604215111426));
#2531=CARTESIAN_POINT('Ctrl Pts',(-10.7785841099258,-5.75104240517116,-61.6604215111426));
#2532=CARTESIAN_POINT('Ctrl Pts',(-11.5141712277708,-5.20119135084944,-56.6604215111426));
#2533=CARTESIAN_POINT('Ctrl Pts',(-11.5141712277708,-5.20119135084944,-61.6604215111426));
#2534=CARTESIAN_POINT('Ctrl Pts',(-12.3068969061818,-4.76131050739263,-56.6604215111426));
#2535=CARTESIAN_POINT('Ctrl Pts',(-12.3068969061818,-4.76131050739263,-61.6604215111426));
#2536=CARTESIAN_POINT('Ctrl Pts',(-13.0090331394929,-4.43139987480038,-56.6604215111426));
#2537=CARTESIAN_POINT('Ctrl Pts',(-13.0090331394929,-4.43139987480038,-61.6604215111426));
#2538=CARTESIAN_POINT('Ctrl Pts',(-13.5241625128899,-4.21145945307236,-56.6604215111426));
#2539=CARTESIAN_POINT('Ctrl Pts',(-13.5241625128899,-4.21145945307236,-61.6604215111426));
#2540=CARTESIAN_POINT('Ctrl Pts',(-13.7934871977835,-4.10148924220839,-56.6604215111426));
#2541=CARTESIAN_POINT('Ctrl Pts',(-13.7934871977835,-4.10148924220839,-61.6604215111426));
#2542=CARTESIAN_POINT('',(-13.7934871977835,-4.10148924220839,-56.6604215111426));
#2543=CARTESIAN_POINT('',(-10.2426213530865,-6.85074451381584,-56.6604215111426));
#2544=CARTESIAN_POINT('Ctrl Pts',(-13.7934871977835,-9.59999978542328,-56.6604215111426));
#2545=CARTESIAN_POINT('Ctrl Pts',(-13.7934871977835,-9.59999978542328,-61.6604215111426));
#2546=CARTESIAN_POINT('Ctrl Pts',(-13.524162512894,-9.49002957455934,-56.6604215111426));
#2547=CARTESIAN_POINT('Ctrl Pts',(-13.524162512894,-9.49002957455934,-61.6604215111426));
#2548=CARTESIAN_POINT('Ctrl Pts',(-13.0090331395041,-9.27008915283139,-56.6604215111426));
#2549=CARTESIAN_POINT('Ctrl Pts',(-13.0090331395041,-9.27008915283139,-61.6604215111426));
#2550=CARTESIAN_POINT('Ctrl Pts',(-12.3068969062006,-8.94017852023917,-56.6604215111426));
#2551=CARTESIAN_POINT('Ctrl Pts',(-12.3068969062006,-8.94017852023917,-61.6604215111426));
#2552=CARTESIAN_POINT('Ctrl Pts',(-11.5141712277937,-8.50029767678233,-56.6604215111426));
#2553=CARTESIAN_POINT('Ctrl Pts',(-11.5141712277937,-8.50029767678233,-61.6604215111426));
#2554=CARTESIAN_POINT('Ctrl Pts',(-10.7785841099457,-7.95044662246057,-56.6604215111426));
#2555=CARTESIAN_POINT('Ctrl Pts',(-10.7785841099457,-7.95044662246057,-61.6604215111426));
#2556=CARTESIAN_POINT('Ctrl Pts',(-10.4126245626524,-7.51056577900277,-56.6604215111426));
#2557=CARTESIAN_POINT('Ctrl Pts',(-10.4126245626524,-7.51056577900277,-61.6604215111426));
#2558=CARTESIAN_POINT('Ctrl Pts',(-10.2735310275551,-7.18065514640931,-56.6604215111426));
#2559=CARTESIAN_POINT('Ctrl Pts',(-10.2735310275551,-7.18065514640931,-61.6604215111426));
#2560=CARTESIAN_POINT('Ctrl Pts',(-10.2426213530876,-6.96071472468033,-56.6604215111426));
#2561=CARTESIAN_POINT('Ctrl Pts',(-10.2426213530876,-6.96071472468033,-61.6604215111426));
#2562=CARTESIAN_POINT('Ctrl Pts',(-10.2426213530865,-6.85074451381584,-56.6604215111426));
#2563=CARTESIAN_POINT('Ctrl Pts',(-10.2426213530865,-6.85074451381584,-61.6604215111426));
#2564=CARTESIAN_POINT('Origin',(-15.4426213530865,-5.35148924220838,-56.8604215111426));
#2565=CARTESIAN_POINT('',(-14.2426213530865,-5.3514892422084,-1.86042151114261));
#2566=CARTESIAN_POINT('',(-14.2426213530865,-5.35148924220838,-56.8604215111426));
#2567=CARTESIAN_POINT('',(-15.5926213530865,-5.3514892422084,-1.86042151114261));
#2568=CARTESIAN_POINT('Origin',(-14.2426213530865,-4.10148924220839,-58.6604215111426));
#2569=CARTESIAN_POINT('',(-14.2426213530865,-4.10148924220839,-57.7604215111426));
#2570=CARTESIAN_POINT('Origin',(-14.2426213530865,-5.35148924220838,-56.8604215111426));
#2571=CARTESIAN_POINT('',(-14.2426213530865,-4.85148924220839,-1.86042151114261));
#2572=CARTESIAN_POINT('Origin',(-11.966691266951,-4.09999911417254,16.3395784888574));
#2573=CARTESIAN_POINT('',(-44.2426213530865,-4.09999911417254,16.3395784888574));
#2574=CARTESIAN_POINT('',(-44.2426213530865,-4.09999911417253,13.3395784888574));
#2575=CARTESIAN_POINT('',(-29.2425617272462,-4.09999911417254,16.3395784888574));
#2576=CARTESIAN_POINT('Origin',(-17.2426213530865,-9.60249944677344,5.76316413862091));
#2577=CARTESIAN_POINT('',(-24.0465620447253,-6.47699434449092,16.3395784888574));
#2578=CARTESIAN_POINT('',(-17.2426213530864,-6.47699434449091,5.76316413862092));
#2579=CARTESIAN_POINT('Origin',(-14.2426213530865,-3.3514892422084,16.3395784888574));
#2580=CARTESIAN_POINT('',(-44.2426213530865,-3.3514892422084,16.3395784888574));
#2581=CARTESIAN_POINT('Origin',(-17.2426213530865,-3.35148924220838,-53.6604215111426));
#2582=CARTESIAN_POINT('',(-17.2426213530865,-6.35148921426872,-1.86042151114261));
#2583=CARTESIAN_POINT('',(-17.2426213530865,-6.35148921426872,-1.86042151114261));
#2584=CARTESIAN_POINT('Origin',(-18.5500009137397,-9.60249944677344,-6.1000000319832));
#2585=CARTESIAN_POINT('',(-18.5499995853752,-10.3514892417299,-6.09999986365438));
#2586=CARTESIAN_POINT('Origin',(-18.5499995853752,-10.3514892417299,-6.09999986365438));
#2587=CARTESIAN_POINT('Origin',(-15.7426213530864,-9.35148918632904,-1.86042151114261));
#2588=CARTESIAN_POINT('Origin',(-14.2426213530865,-8.35148913044968,-56.8604215111426));
#2589=CARTESIAN_POINT('',(-14.9926213530864,-8.35148913044969,-1.86042151114261));
#2590=CARTESIAN_POINT('Origin',(-44.2426213530865,-3.3514892422084,16.3395784888574));
#2591=CARTESIAN_POINT('Origin',(-41.1426213530865,-3.3514892422084,13.3395784888574));
#2592=CARTESIAN_POINT('',(-41.1426213530865,-3.3514892422084,14.2395784888574));
#2593=CARTESIAN_POINT('Origin',(-34.2426213530865,-3.3514892422084,13.3395784888574));
#2594=CARTESIAN_POINT('',(-34.2426213530865,-3.3514892422084,14.2395784888574));
#2595=CARTESIAN_POINT('Origin',(-15.7426213530864,-9.35148918632904,-1.86042151114261));
#2596=UNCERTAINTY_MEASURE_WITH_UNIT(LENGTH_MEASURE(0.01),#2600,
'DISTANCE_ACCURACY_VALUE',
'Maximum model space distance between geometric entities at asserted c
onnectivities');
#2597=UNCERTAINTY_MEASURE_WITH_UNIT(LENGTH_MEASURE(0.01),#2600,
'DISTANCE_ACCURACY_VALUE',
'Maximum model space distance between geometric entities at asserted c
onnectivities');
#2598=(
GEOMETRIC_REPRESENTATION_CONTEXT(3)
GLOBAL_UNCERTAINTY_ASSIGNED_CONTEXT((#2596))
GLOBAL_UNIT_ASSIGNED_CONTEXT((#2600,#2602,#2603))
REPRESENTATION_CONTEXT('','3D')
);
#2599=(
GEOMETRIC_REPRESENTATION_CONTEXT(3)
GLOBAL_UNCERTAINTY_ASSIGNED_CONTEXT((#2597))
GLOBAL_UNIT_ASSIGNED_CONTEXT((#2600,#2602,#2603))
REPRESENTATION_CONTEXT('','3D')
);
#2600=(
LENGTH_UNIT()
NAMED_UNIT(*)
SI_UNIT(.MILLI.,.METRE.)
);
#2601=(
LENGTH_UNIT()
NAMED_UNIT(*)
SI_UNIT($,.METRE.)
);
#2602=(
NAMED_UNIT(*)
PLANE_ANGLE_UNIT()
SI_UNIT($,.RADIAN.)
);
#2603=(
NAMED_UNIT(*)
SI_UNIT($,.STERADIAN.)
SOLID_ANGLE_UNIT()
);
#2604=SHAPE_DEFINITION_REPRESENTATION(#2605,#2606);
#2605=PRODUCT_DEFINITION_SHAPE('',$,#2608);
#2606=SHAPE_REPRESENTATION('',(#918),#2598);
#2607=PRODUCT_DEFINITION_CONTEXT('part definition',#2612,'design');
#2608=PRODUCT_DEFINITION('2026-10-09-10-48-03-990','(Unsaved)',#2609,#2607);
#2609=PRODUCT_DEFINITION_FORMATION('',$,#2614);
#2610=PRODUCT_RELATED_PRODUCT_CATEGORY('(Unsaved)','(Unsaved)',(#2614));
#2611=APPLICATION_PROTOCOL_DEFINITION('international standard',
'automotive_design',2009,#2612);
#2612=APPLICATION_CONTEXT(
'Core Data for Automotive Mechanical Design Process');
#2613=PRODUCT_CONTEXT('part definition',#2612,'mechanical');
#2614=PRODUCT('2026-10-09-10-48-03-990','(Unsaved)',$,(#2613));
#2615=PRESENTATION_STYLE_ASSIGNMENT((#2617));
#2616=PRESENTATION_STYLE_ASSIGNMENT((#2618));
#2617=SURFACE_STYLE_USAGE(.BOTH.,#2619);
#2618=SURFACE_STYLE_USAGE(.BOTH.,#2620);
#2619=SURFACE_SIDE_STYLE('',(#2621));
#2620=SURFACE_SIDE_STYLE('',(#2622));
#2621=SURFACE_STYLE_FILL_AREA(#2623);
#2622=SURFACE_STYLE_FILL_AREA(#2624);
#2623=FILL_AREA_STYLE('Acetal Resin (White)',(#2625));
#2624=FILL_AREA_STYLE('Paek (Beige)',(#2626));
#2625=FILL_AREA_STYLE_COLOUR('Acetal Resin (White)',#2627);
#2626=FILL_AREA_STYLE_COLOUR('Paek (Beige)',#2628);
#2627=COLOUR_RGB('Acetal Resin (White)',0.972549019607843,0.968627450980392,
0.929411764705882);
#2628=COLOUR_RGB('Paek (Beige)',0.898039215686275,0.792156862745098,0.619607843137255);
ENDSEC;
END-ISO-10303-21;
